name;article;product_code;availability;image
STV900U75N4H-IP55 Частотный преобразователь-STV900H 7.5 кВт 400В IP55. Кран/Подъемник;STV900U75N4H-IP55;STV900U75N4H-IP55;Под заказ;https://intelka-shop.ru/proizvoditeli/systeme-electric/?section=19#
STV900U55N4H-IP55-Частотный преобразователь STV900H 5.5 кВт 400В IP55. Кран/Подъемник;STV900U55N4H-IP55;STV900U55N4H-IP55;В наличии;https://intelka-shop.ru/proizvoditeli/systeme-electric/?section=19#
STV900U40N4H-IP55 Частотный преобразователь STV900H 4.0 кВт 400В IP55. Кран/Подъемник;STV900U40N4H-IP55;STV900U40N4H-IP55;Под заказ;https://intelka-shop.ru/proizvoditeli/systeme-electric/?section=19#
STV900D90N4H-IP55 Частотный преобразователь STV900H 90 кВт 400В IP55. Кран/Подъемник;STV900D90N4H-IP55;STV900D90N4H-IP55;Под заказ;https://intelka-shop.ru/proizvoditeli/systeme-electric/?section=19#
STV900D75N4H-IP55 Частотный преобразователь STV900H 75 кВт 400В IP55. Кран/Подъемник;STV900D75N4H-IP55;STV900D75N4H-IP55;В наличии;https://intelka-shop.ru/proizvoditeli/systeme-electric/?section=19#
STV900D55N4H-IP55 Частотный преобразователь STV900H 55 кВт 400В IP55. Кран/Подъемник;STV900D55N4H-IP55;STV900D55N4H-IP55;Под заказ;https://intelka-shop.ru/proizvoditeli/systeme-electric/?section=19#
STV900D45N4H-IP55 Частотный преобразователь STV900H 45 кВт 400В IP55. Кран/Подъемник;STV900D45N4H-IP55;STV900D45N4H-IP55;Под заказ;https://intelka-shop.ru/proizvoditeli/systeme-electric/?section=19#
STV900D37N4H-IP55 Частотный преобразователь STV900H 37 кВт 400В IP55. Кран/Подъемник;STV900D37N4H-IP55;STV900D37N4H-IP55;Под заказ;https://intelka-shop.ru/proizvoditeli/systeme-electric/?section=19#
STV900D30N4H-IP55 Частотный преобразователь STV900H 30 кВт 400В IP55. Кран/Подъемник;STV900D30N4H-IP55;STV900D30N4H-IP55;Под заказ;https://intelka-shop.ru/proizvoditeli/systeme-electric/?section=19#
STV900D22N4H-IP55 Частотный преобразователь STV900H 22 кВт 400В IP55. Кран/Подъемник;STV900D22N4H-IP55;STV900D22N4H-IP55;Под заказ;https://intelka-shop.ru/proizvoditeli/systeme-electric/?section=19#
STV900D18N4H-IP55 Частотный преобразователь STV900H 18.5 кВт 400В IP55. Кран/Подъемник;STV900D18N4H-IP55;STV900D18N4H-IP55;Под заказ;https://intelka-shop.ru/proizvoditeli/systeme-electric/?section=19#
STV900D15N4H-IP55 Частотный преобразователь STV900H 15 кВт 400В IP55. Кран/Подъемник;STV900D15N4H-IP55;STV900D15N4H-IP55;Под заказ;https://intelka-shop.ru/proizvoditeli/systeme-electric/?section=19#
STV900D11N4H-IP55 Частотный преобразователь STV900H 11 кВт 400В IP55. Кран/Подъемник;STV900D11N4H-IP55;STV900D11N4H-IP55;Под заказ;https://intelka-shop.ru/proizvoditeli/systeme-electric/?section=19#
STV900C11N4H-IP55 Частотный преобразователь STV900H 110 кВт 400В IP55. Кран/Подъемник;STV900C11N4H-IP55;STV900C11N4H-IP55;Под заказ;https://intelka-shop.ru/proizvoditeli/systeme-electric/?section=19#
STV050U75N4-IP55 Частотный преобразователь STV050 7,5 кВт 380В ЭМС С3 + LED панель оператора + IP55;STV050U75N4-IP55;STV050U75N4-IP55;В наличии;https://intelka-shop.ru/proizvoditeli/systeme-electric/?section=19#
STV050U55N4-IP55 Частотный преобразователь STV050 5,5 кВт 380В ЭМС С3 + LED панель оператора + IP55;STV050U55N4-IP55;STV050U55N4-IP55;В наличии;https://intelka-shop.ru/proizvoditeli/systeme-electric/?section=19#
STV050U40N4-IP55 Частотный преобразователь STV050 4 кВт 380В ЭМС С3 + LED панель оператора + IP55;STV050U40N4-IP55;STV050U40N4-IP55;В наличии;https://intelka-shop.ru/proizvoditeli/systeme-electric/?section=19#
STV050U22N4-IP55 Частотный преобразователь STV050 2,2 кВт 380В ЭМС С3 + LED панель оператора + IP55;STV050U22N4-IP55;STV050U22N4-IP55;В наличии;https://intelka-shop.ru/proizvoditeli/systeme-electric/?section=19#
STV050U15N4-IP55 Частотный преобразователь STV050 1,5 кВт 380В ЭМС С3 + LED панель оператора + IP55;STV050U15N4-IP55;STV050U15N4-IP55;В наличии;https://intelka-shop.ru/proizvoditeli/systeme-electric/?section=19#
STV050U07N4-IP55 Частотный преобразователь STV050 0,75 кВт 380В ЭМС С3 + LED панель оператора + IP55;STV050U07N4-IP55;STV050U07N4-IP55;Под заказ;https://intelka-shop.ru/proizvoditeli/systeme-electric/?section=19#
STV050D30N4-IP55 Частотный преобразователь STV050 30 кВт 380В ЭМС С3 + LED панель оператора + IP55;STV050D30N4-IP55;STV050D30N4-IP55;В наличии;https://intelka-shop.ru/proizvoditeli/systeme-electric/?section=19#
STV050D22N4-IP55 Частотный преобразователь STV050 22 кВт 380В ЭМС С3 + LED панель оператора + IP55;STV050D22N4-IP55;STV050D22N4-IP55;В наличии;https://intelka-shop.ru/proizvoditeli/systeme-electric/?section=19#
STV050D18N4-IP55 Частотный преобразователь STV050 18,5 кВт 380В ЭМС С3 + LED панель оператора + IP55;STV050D18N4-IP55;STV050D18N4-IP55;В наличии;https://intelka-shop.ru/proizvoditeli/systeme-electric/?section=19#
STV050D15N4-IP55 Частотный преобразователь STV050 15 кВт 380В ЭМС С3 + LED панель оператора + IP55;STV050D15N4-IP55;STV050D15N4-IP55;В наличии;https://intelka-shop.ru/proizvoditeli/systeme-electric/?section=19#
STV050D11N4-IP55 Частотный преобразователь STV050 11 кВт 380В ЭМС С3 + LED панель оператора + IP55;STV050D11N4-IP55;STV050D11N4-IP55;В наличии;https://intelka-shop.ru/proizvoditeli/systeme-electric/?section=19#
STV050U75N4-SVPM -Частотный преобразователь STV050 7,5 кВт 380В ЭМС С3 + LED панель оператора + SVPM;STV050U75N4-SVPM;STV050U75N4-SVPM;Под заказ;https://intelka-shop.ru/proizvoditeli/systeme-electric/?section=19#
STV050U55N4-SVPM -Частотный преобразователь STV050 5,5 кВт 380В ЭМС С3 + LED панель оператора + SVPM;STV050U55N4-SVPM;STV050U55N4-SVPM;Под заказ;https://intelka-shop.ru/proizvoditeli/systeme-electric/?section=19#
STV050U40N4-SVPM -Частотный преобразователь STV050 4 кВт 380В ЭМС С3 + LED панель оператора + SVPM;STV050U40N4-SVPM;STV050U40N4-SVPM;Под заказ;https://intelka-shop.ru/proizvoditeli/systeme-electric/?section=19#
STV050U30N4-SVPM - Частотный преобразователь STV050 3 кВт 380В ЭМС С3 + LED панель оператора + SVPM;STV050U30N4-SVPM;STV050U30N4-SVPM;Под заказ;https://intelka-shop.ru/proizvoditeli/systeme-electric/?section=19#
STV050U22N4-SVPM -Частотный преобразователь STV050 2,2 кВт 380В ЭМС С3 + LED панель оператора + SVPM;STV050U22N4-SVPM;STV050U22N4-SVPM;Под заказ;https://intelka-shop.ru/proizvoditeli/systeme-electric/?section=19#
STV050U15N4-SVPM -Частотный преобразователь STV050 1,5 кВт 380В ЭМС С3 + LED панель оператора + SVPM;STV050U15N4-SVPM;STV050U15N4-SVPM;Под заказ;https://intelka-shop.ru/proizvoditeli/systeme-electric/?section=19#
STV050U07N4-SVPM-Частотный преобразователь STV050 0,75 кВт 380В ЭМС С3 + LED панель оператора + SVPM;STV050U07N4-SVPM;STV050U07N4-SVPM;Под заказ;https://intelka-shop.ru/proizvoditeli/systeme-electric/?section=19#
STV050D22N4-SVPM Частотный преобразователь STV050 22 кВт 380В ЭМС С3 + LED панель оператора + SVPM;STV050D22N4-SVPM;STV050D22N4-SVPM;Под заказ;https://intelka-shop.ru/proizvoditeli/systeme-electric/?section=19#
STV050D18N4-SVPM Частотный преобразователь STV050 18,5 кВт 380В ЭМС С3 + LED панель оператора + SVPM;STV050D18N4-SVPM;STV050D18N4-SVPM;Под заказ;https://intelka-shop.ru/proizvoditeli/systeme-electric/?section=19#
STV050D15N4-SVPM Частотный преобразователь STV050 15 кВт 380В ЭМС С3 + LED панель оператора + SVPM;STV050D15N4-SVPM;STV050D15N4-SVPM;Под заказ;https://intelka-shop.ru/proizvoditeli/systeme-electric/?section=19#
STV050D11N4-SVPM Частотный преобразователь STV050 11 кВт 380В ЭМС С3 + LED панель оператора + SVPM;STV050D11N4-SVPM;STV050D11N4-SVPM;Под заказ;https://intelka-shop.ru/proizvoditeli/systeme-electric/?section=19#
SM465413 - Температурный модуль ввода, 4 входа TC тип K;SM465413;SM465413;В наличии;https://intelka-shop.ru/proizvoditeli/systeme-electric/?section=19#
SM475426 - Температурный модуль ввода, 4 входа RTD PT1000;SM475426;SM475426;В наличии;https://intelka-shop.ru/proizvoditeli/systeme-electric/?section=19#
SM505405 - Аналоговый модуль вывода, 4 выхода 0-10В 16bit;SM505405;SM505405;Под заказ;https://intelka-shop.ru/proizvoditeli/systeme-electric/?section=19#
SM541818 - Аналоговый модуль вывода, 8 выходов 0-20мА 12bit;SM541818;SM541818;В наличии;https://intelka-shop.ru/proizvoditeli/systeme-electric/?section=19#
SM545411 - Аналоговый модуль вывода, 4 выхода 4-20мА 16bit;SM545411;SM545411;Под заказ;https://intelka-shop.ru/proizvoditeli/systeme-electric/?section=19#
SM541410 - Аналоговый модуль вывода, 4 выхода 0-20мА 12bit;SM541410;SM541410;Под заказ;https://intelka-shop.ru/proizvoditeli/systeme-electric/?section=19#
SM541409 - Аналоговый модуль вывода, 4 выхода 4-20мА 12bit;SM541409;SM541409;В наличии;https://intelka-shop.ru/proizvoditeli/systeme-electric/?section=19#
SM445412 - Аналоговый модуль ввода, 4 входа 0-20 мА 16bit;SM445412;SM445412;В наличии;https://intelka-shop.ru/proizvoditeli/systeme-electric/?section=19#
SM441410 - Аналоговый модуль ввода, 4 входа 0-20 мА 12bit;SM441410;SM441410;Под заказ;https://intelka-shop.ru/proizvoditeli/systeme-electric/?section=19#
SM401401 - Аналоговый модуль ввода, 4 входа 0-10В 12bit;SM401401;SM401401;В наличии;https://intelka-shop.ru/proizvoditeli/systeme-electric/?section=19#
SM602103 - Высокочастотный модуль ввода, дифференциальный энкодер;SM602103;SM602103;Под заказ;https://intelka-shop.ru/proizvoditeli/systeme-electric/?section=19#
SM475428 - Температурный модуль ввода, 4 входа RTD сопротивление;SM475428;SM475428;Под заказ;https://intelka-shop.ru/proizvoditeli/systeme-electric/?section=19#
SM511815 - Аналоговый модуль вывода, 8 каналов ±10В 12bit;SM511815;SM511815;Под заказ;https://intelka-shop.ru/proizvoditeli/systeme-electric/?section=19#
SM541817 - Аналоговый модуль вывода, 8 выходов 4-20мА 12bit;SM541817;SM541817;В наличии;https://intelka-shop.ru/proizvoditeli/systeme-electric/?section=19#
SM441833 - Аналоговый модуль ввода, 8 входов 4-20мА 12bit;SM441833;SM441833;В наличии;https://intelka-shop.ru/proizvoditeli/systeme-electric/?section=19#
SM405405 - Аналоговый модуль ввода, 4 входа 0-10В 16bit;SM405405;SM405405;Под заказ;https://intelka-shop.ru/proizvoditeli/systeme-electric/?section=19#
SM441409 - Аналоговый модуль ввода, 4 входа 4-20 мА 12bit;SM441409;SM441409;В наличии;https://intelka-shop.ru/proizvoditeli/systeme-electric/?section=19#
SM632114 - Коммуникационный модуль Modbus RTU Master;SM632114;SM632114;В наличии;https://intelka-shop.ru/proizvoditeli/systeme-electric/?section=19#
SM600101 - Высокочастотный модуль ввода, NPN энкодер;SM600101;SM600101;Под заказ;https://intelka-shop.ru/proizvoditeli/systeme-electric/?section=19#
SM465414 - Температурный модуль ввода, 4 входа TC тип J;SM465414;SM465414;Под заказ;https://intelka-shop.ru/proizvoditeli/systeme-electric/?section=19#
SM475423 - Температурный модуль ввода, 4 входа RTD PT100;SM475423;SM475423;В наличии;https://intelka-shop.ru/proizvoditeli/systeme-electric/?section=19#
SM501813 - Аналоговый модуль вывода, 8 выходов 0-10В 12bit;SM501813;SM501813;В наличии;https://intelka-shop.ru/proizvoditeli/systeme-electric/?section=19#
SM415407 - Аналоговый модуль ввода, 4 входа ±10В 16bit;SM415407;SM415407;Под заказ;https://intelka-shop.ru/proizvoditeli/systeme-electric/?section=19#
SM010001 - Модуль питания для распределенного ввода/вывода;SM010001;SM010001;В наличии;https://intelka-shop.ru/proizvoditeli/systeme-electric/?section=19#
SM601102 - Высокочастотный модуль ввода, PNP энкодер;SM601102;SM601102;Под заказ;https://intelka-shop.ru/proizvoditeli/systeme-electric/?section=19#
SM110204 - Коммуникационный модуль I/O EtherCAT;SM110204;SM110204;В наличии;https://intelka-shop.ru/proizvoditeli/systeme-electric/?section=19#
SM102002 - Коммуникационный модуль I/O Profibus DP;SM102002;SM102002;Под заказ;https://intelka-shop.ru/proizvoditeli/systeme-electric/?section=19#
SM465417 - Температурный модуль ввода, 4 входа TC тип N;SM465417;SM465417;Под заказ;https://intelka-shop.ru/proizvoditeli/systeme-electric/?section=19#
SM465418 - Температурный модуль ввода, 4 входа TC тип S;SM465418;SM465418;В наличии;https://intelka-shop.ru/proizvoditeli/systeme-electric/?section=19#
SMTER0100 - Терминальный модуль;SMTER0100;SMTER0100;В наличии;https://intelka-shop.ru/proizvoditeli/systeme-electric/?section=19#
SM515407 - Аналоговый модуль вывода, 4 выхода ±10D 16bit;SM515407;SM515407;Под заказ;https://intelka-shop.ru/proizvoditeli/systeme-electric/?section=19#
SM511403 - Аналоговый модуль вывода, 4 выхода ±10В 12bit;SM511403;SM511403;Под заказ;https://intelka-shop.ru/proizvoditeli/systeme-electric/?section=19#
SM545412 - Аналоговый модуль вывода, 4 выхода 0-20мА 16bit;SM545412;SM545412;Под заказ;https://intelka-shop.ru/proizvoditeli/systeme-electric/?section=19#
SM501401 - Аналоговый модуль вывода, 4 выхода 0-10В 12bit;SM501401;SM501401;В наличии;https://intelka-shop.ru/proizvoditeli/systeme-electric/?section=19#
SM441834 - Аналоговый модуль ввода, 8 входов 0-20мА 12bit;SM441834;SM441834;В наличии;https://intelka-shop.ru/proizvoditeli/systeme-electric/?section=19#
SM411831 - Аналоговый модуль ввода, 8 входов ±10В 12bit;SM411831;SM411831;Под заказ;https://intelka-shop.ru/proizvoditeli/systeme-electric/?section=19#
SM113007 - Коммуникационный модуль I/O Modbus TCP;SM113007;SM113007;В наличии;https://intelka-shop.ru/proizvoditeli/systeme-electric/?section=19#
SM112108 - Коммуникационный модуль I/O Ethernet IP;SM112108;SM112108;Под заказ;https://intelka-shop.ru/proizvoditeli/systeme-electric/?section=19#
SM401829 - Аналоговый модуль ввода, 8 входов 0-10В 12bit;SM401829;SM401829;Под заказ;https://intelka-shop.ru/proizvoditeli/systeme-electric/?section=19#
SM445411 - Аналоговый модуль ввода, 4 входа 4-20 мА 16bit;SM445411;SM445411;Под заказ;https://intelka-shop.ru/proizvoditeli/systeme-electric/?section=19#
SM210H04 - Дискретный модуль ввода, 16 входов PNP;SM210H04;SM210H04;В наличии;https://intelka-shop.ru/proizvoditeli/systeme-electric/?section=19#
SM411403 - Аналоговый модуль ввода, 4 входа ±10В 12bit;SM411403;SM411403;Под заказ;https://intelka-shop.ru/proizvoditeli/systeme-electric/?section=19#
SM320805 - Дискретный модуль вывода, 8 входов реле;SM320805;SM320805;В наличии;https://intelka-shop.ru/proizvoditeli/systeme-electric/?section=19#
SM310H04 - Дискретный модуль вывода, 16 выходов PNP;SM310H04;SM310H04;В наличии;https://intelka-shop.ru/proizvoditeli/systeme-electric/?section=19#
SM213S18 - Дискретный модуль ввода, 32 входа NPN;SM213S18;SM213S18;Под заказ;https://intelka-shop.ru/proizvoditeli/systeme-electric/?section=19#
SM210802 - Дискретный модуль ввода, 8 входов PNP;SM210802;SM210802;В наличии;https://intelka-shop.ru/proizvoditeli/systeme-electric/?section=19#
SM313S19 - Дискретный модуль вывода, 32 выхода PNP;SM313S19;SM313S19;В наличии;https://intelka-shop.ru/proizvoditeli/systeme-electric/?section=19#
SM310802 - Дискретный модуль вывода, 8 выходов PNP;SM310802;SM310802;Под заказ;https://intelka-shop.ru/proizvoditeli/systeme-electric/?section=19#
SM103003 - Коммуникационный модуль I/O Modbus RTU;SM103003;SM103003;Под заказ;https://intelka-shop.ru/proizvoditeli/systeme-electric/?section=19#
SM111005 - Коммуникационный модуль I/O Profinet;SM111005;SM111005;В наличии;https://intelka-shop.ru/proizvoditeli/systeme-electric/?section=19#
SM105007 - Коммуникационный модуль I/O CANopen;SM105007;SM105007;Под заказ;https://intelka-shop.ru/proizvoditeli/systeme-electric/?section=19#
STV630U75N4-LED - Частотный преобразователь STV630 7,5 кВт 400В;STV630U75N4-LED;STV630U75N4-LED;В наличии;https://intelka-shop.ru/proizvoditeli/systeme-electric/?section=19#
STV630U55N4-LED - Частотный преобразователь STV630 5,5 кВт 400В;STV630U55N4-LED;STV630U55N4-LED;В наличии;https://intelka-shop.ru/proizvoditeli/systeme-electric/?section=19#
STV630U40N4-LED - Частотный преобразователь STV630 4 кВт 400В;STV630U40N4-LED;STV630U40N4-LED;В наличии;https://intelka-shop.ru/proizvoditeli/systeme-electric/?section=19#
STV630D90N4-LED - Частотный преобразователь STV630 90 кВт 400В;STV630D90N4-LED;STV630D90N4-LED;В наличии;https://intelka-shop.ru/proizvoditeli/systeme-electric/?section=19#
STV630D75N4-LED - Частотный преобразователь STV630 75 кВт 400В;STV630D75N4-LED;STV630D75N4-LED;В наличии;https://intelka-shop.ru/proizvoditeli/systeme-electric/?section=19#
STV630D55N4-LED - Частотный преобразователь STV630 55 кВт 400В;STV630D55N4-LED;STV630D55N4-LED;В наличии;https://intelka-shop.ru/proizvoditeli/systeme-electric/?section=19#
STV630D45N4-LED - Частотный преобразователь STV630 45 кВт 400В;STV630D45N4-LED;STV630D45N4-LED;Под заказ;https://intelka-shop.ru/proizvoditeli/systeme-electric/?section=19#
STV630D37N4-LED - Частотный преобразователь STV630 37 кВт 400В;STV630D37N4-LED;STV630D37N4-LED;В наличии;https://intelka-shop.ru/proizvoditeli/systeme-electric/?section=19#
STV630D30N4-LED - Частотный преобразователь STV630 30 кВт 400В;STV630D30N4-LED;STV630D30N4-LED;В наличии;https://intelka-shop.ru/proizvoditeli/systeme-electric/?section=19#
STV630D22N4-LED - Частотный преобразователь STV630 22 кВт 400В;STV630D22N4-LED;STV630D22N4-LED;В наличии;https://intelka-shop.ru/proizvoditeli/systeme-electric/?section=19#
STV630D18N4-LED - Частотный преобразователь STV630 18,5 кВт 400В;STV630D18N4-LED;STV630D18N4-LED;В наличии;https://intelka-shop.ru/proizvoditeli/systeme-electric/?section=19#
STV630D15N4-LED - Частотный преобразователь STV630 15 кВт 400В;STV630D15N4-LED;STV630D15N4-LED;В наличии;https://intelka-shop.ru/proizvoditeli/systeme-electric/?section=19#
STV630D11N4-LED - Частотный преобразователь STV630 11 кВт 400В;STV630D11N4-LED;STV630D11N4-LED;В наличии;https://intelka-shop.ru/proizvoditeli/systeme-electric/?section=19#
STV630C31N4-LED - Частотный преобразователь STV630 315 кВт 400В;STV630C31N4-LED;STV630C31N4-LED;Под заказ;https://intelka-shop.ru/proizvoditeli/systeme-electric/?section=19#
STV630C28N4-LED - Частотный преобразователь STV630 280 кВт 400В;STV630C28N4-LED;STV630C28N4-LED;В наличии;https://intelka-shop.ru/proizvoditeli/systeme-electric/?section=19#
STV630C25N4-LED - Частотный преобразователь STV630 250 кВт 400В;STV630C25N4-LED;STV630C25N4-LED;В наличии;https://intelka-shop.ru/proizvoditeli/systeme-electric/?section=19#
STV630C22N4-LED - Частотный преобразователь STV630 220 кВт 400В;STV630C22N4-LED;STV630C22N4-LED;В наличии;https://intelka-shop.ru/proizvoditeli/systeme-electric/?section=19#
STV630C20N4-LED - Частотный преобразователь STV630 200 кВт 400В;STV630C20N4-LED;STV630C20N4-LED;В наличии;https://intelka-shop.ru/proizvoditeli/systeme-electric/?section=19#
STV630C18N4-LED - Частотный преобразователь STV630 185 кВт 400В;STV630C18N4-LED;STV630C18N4-LED;В наличии;https://intelka-shop.ru/proizvoditeli/systeme-electric/?section=19#
STV630C16N4-LED - Частотный преобразователь STV630 160 кВт 400В;STV630C16N4-LED;STV630C16N4-LED;В наличии;https://intelka-shop.ru/proizvoditeli/systeme-electric/?section=19#
STV630C13N4-LED - Частотный преобразователь STV630 132 кВт 400В;STV630C13N4-LED;STV630C13N4-LED;В наличии;https://intelka-shop.ru/proizvoditeli/systeme-electric/?section=19#
STV630C11N4-LED - Частотный преобразователь STV630 110 кВт 400В;STV630C11N4-LED;STV630C11N4-LED;В наличии;https://intelka-shop.ru/proizvoditeli/systeme-electric/?section=19#
SEOP-1216 - LCD панель управления STV900H (Кран/Подъемник);SEOP-1216;SEOP-1216;В наличии;https://intelka-shop.ru/proizvoditeli/systeme-electric/?section=19#
SEOP-1305 - Modbus TCP комм. плата STV900;SEOP-1305;SEOP-1305;Под заказ;https://intelka-shop.ru/proizvoditeli/systeme-electric/?section=19#
SEOP-1303 - Ethernet плата STV900;SEOP-1303;SEOP-1303;В наличии;https://intelka-shop.ru/proizvoditeli/systeme-electric/?section=19#
SEOP-1528 - Упрощенная инкрементальная карта PG на 24 В для STV900/STV900H;SEOP-1528;SEOP-1528;В наличии;https://intelka-shop.ru/proizvoditeli/systeme-electric/?section=19#
SEOP-1220 - LED панель оператора (с функцией копирования параметров) для STV630;SEOP-1220;SEOP-1220;В наличии;https://intelka-shop.ru/proizvoditeli/systeme-electric/?section=19#
SEOP-1222 - LCD панель оператора для STV630;SEOP-1222;SEOP-1222;Под заказ;https://intelka-shop.ru/proizvoditeli/systeme-electric/?section=19#
SEOP-1221 - LED панель оператора (без функции копирования параметров) для STV630;SEOP-1221;SEOP-1221;В наличии;https://intelka-shop.ru/proizvoditeli/systeme-electric/?section=19#
SEOP-1313 - Коммуникационная карта Modbus TCP для STV630;SEOP-1313;SEOP-1313;В наличии;https://intelka-shop.ru/proizvoditeli/systeme-electric/?section=19#
SEOP-1627 - Карта расширения входов/выходов для STV630 (+ 2DI, 3RO);SEOP-1627;SEOP-1627;В наличии;https://intelka-shop.ru/proizvoditeli/systeme-electric/?section=19#
SEOP-1305 - Modbus Коммуникационная плата TCP STV900;SEOP-1305;;Под заказ;https://intelka-shop.ru/proizvoditeli/systeme-electric/?section=19#
SEOP-1314 - Коммуникационная карта BACnet MS/TP для STV630;SEOP-1314;;В наличии;https://intelka-shop.ru/proizvoditeli/systeme-electric/?section=19#
STVCF0108 - Вентилятор охлаждения (запчасть) для STV050 400В 0,75-2,2 кВт;STVCF0108;STVCF0108;Под заказ;https://intelka-shop.ru/proizvoditeli/systeme-electric/?section=19#
STVCF0107 - Вентилятор охлаждения (запчасть) для STV630 230В 2,2 кВт, 400В 0,75-4 кВт;STVCF0107;STVCF0107;Под заказ;https://intelka-shop.ru/proizvoditeli/systeme-electric/?section=19#
STVCF0103 - Вентилятор охлаждения (запчасть) для STV630 230В 0,4-1,5 кВт;STVCF0103;STVCF0103;Под заказ;https://intelka-shop.ru/proizvoditeli/systeme-electric/?section=19#
STVCF0098 - Вентилятор охлаждения (запчасть) для STV630 400В 75 кВт;STVCF0098;STVCF0098;В наличии;https://intelka-shop.ru/proizvoditeli/systeme-electric/?section=19#
STVCF0096 - Вентилятор охлаждения (запчасть) для STV630 400В 200-280 кВт;STVCF0096;STVCF0096;В наличии;https://intelka-shop.ru/proizvoditeli/systeme-electric/?section=19#
STVCF0093 - Вентилятор охлаждения (запчасть) для STV630 400В 315-630 кВт;STVCF0093;STVCF0093;Под заказ;https://intelka-shop.ru/proizvoditeli/systeme-electric/?section=19#
STVCF0072 - Вентилятор охлаждения (запчасть) для STV630 400В 55 кВт, 110-185 кВт;STVCF0072;STVCF0072;Под заказ;https://intelka-shop.ru/proizvoditeli/systeme-electric/?section=19#
STVCF0070 - Вентилятор охлаждения (запчасть) для STV630 400В 90 кВт;STVCF0070;STVCF0070;Под заказ;https://intelka-shop.ru/proizvoditeli/systeme-electric/?section=19#
STVCF0069 - Вентилятор охлаждения (запчасть);STVCF0069;STVCF0069;В наличии;https://intelka-shop.ru/proizvoditeli/systeme-electric/?section=19#
STVCF0067 - Вентилятор охлаждения (запчасть) для STV630 400В 30 кВт;STVCF0067;STVCF0067;В наличии;https://intelka-shop.ru/proizvoditeli/systeme-electric/?section=19#
STVCF0066 - Вентилятор охлаждения (запчасть) для STV050 400В 11-15 кВт;STVCF0066;STVCF0066;В наличии;https://intelka-shop.ru/proizvoditeli/systeme-electric/?section=19#
STVCF0065 - Вентилятор охлаждения (запчасть) для STV630 400В 4-7,5 кВт;STVCF0065;STVCF0065;В наличии;https://intelka-shop.ru/proizvoditeli/systeme-electric/?section=19#
STVCF0062 - Вентилятор охлаждения (запчасть) для STV050 400В 4-7,5 кВт;STVCF0062;STVCF0062;В наличии;https://intelka-shop.ru/proizvoditeli/systeme-electric/?section=19#
STVCF0020 - Вентилятор охлаждения (запчасть) для STV050 230В 0,4-2,2 кВт;STVCF0020;STVCF0020;Под заказ;https://intelka-shop.ru/proizvoditeli/systeme-electric/?section=19#
SEOP4303 - Блок рекуперации для STV900H 3Ф 380В 37-45кВт;SEOP4303;SEOP4303;Под заказ;https://intelka-shop.ru/proizvoditeli/systeme-electric/?section=19#
SEOP4302 - Блок рекуперации для STV900H 3Ф 380В 30кВт;SEOP4302;SEOP4302;Под заказ;https://intelka-shop.ru/proizvoditeli/systeme-electric/?section=19#
SEOP4203 - Буферный блок STV900Н 3Ф 690В 400кВт;SEOP4203;SEOP4203;Под заказ;https://intelka-shop.ru/proizvoditeli/systeme-electric/?section=19#
SEOP4202 - Буферный блок STV900Н 3Ф 380В 250кВт;SEOP4202;SEOP4202;Под заказ;https://intelka-shop.ru/proizvoditeli/systeme-electric/?section=19#
SEOP4201 - Буферный блок STV900Н 3Ф 380В 110кВт;SEOP4201;SEOP4201;Под заказ;https://intelka-shop.ru/proizvoditeli/systeme-electric/?section=19#
SEOP4316 - Блок рекуперации для STV900H 3Ф 690В 350-400кВт;SEOP4316;SEOP4316;Под заказ;https://intelka-shop.ru/proizvoditeli/systeme-electric/?section=19#
SEOP4315 - Блок рекуперации для STV900H 3Ф 690В 220-315кВт;SEOP4315;SEOP4315;Под заказ;https://intelka-shop.ru/proizvoditeli/systeme-electric/?section=19#
SEOP4314 - Блок рекуперации для STV900H 3Ф 690В 185-200кВт;SEOP4314;SEOP4314;Под заказ;https://intelka-shop.ru/proizvoditeli/systeme-electric/?section=19#
SEOP4313 - Блок рекуперации для STV900H 3Ф 690В 110-160кВт;SEOP4313;SEOP4313;Под заказ;https://intelka-shop.ru/proizvoditeli/systeme-electric/?section=19#
SEOP4312 - Блок рекуперации для STV900H 3Ф 690В 75-90кВт;SEOP4312;SEOP4312;Под заказ;https://intelka-shop.ru/proizvoditeli/systeme-electric/?section=19#
SEOP4311 - Блок рекуперации для STV900H 3Ф 690В 7,5-55кВт;SEOP4311;SEOP4311;Под заказ;https://intelka-shop.ru/proizvoditeli/systeme-electric/?section=19#
SEOP4310 - Блок рекуперации для STV900H 3Ф 380В 185-200кВт;SEOP4310;SEOP4310;Под заказ;https://intelka-shop.ru/proizvoditeli/systeme-electric/?section=19#
SEOP4309 - Блок рекуперации для STV900H 3Ф 380В 185-200кВт;SEOP4309;SEOP4309;Под заказ;https://intelka-shop.ru/proizvoditeli/systeme-electric/?section=19#
SEOP4308 - Блок рекуперации для STV900H 3Ф 380В 160кВт;SEOP4308;SEOP4308;Под заказ;https://intelka-shop.ru/proizvoditeli/systeme-electric/?section=19#
SEOP4307 - Блок рекуперации для STV900H 3Ф 380В 132кВт;SEOP4307;SEOP4307;Под заказ;https://intelka-shop.ru/proizvoditeli/systeme-electric/?section=19#
SEOP4306 - Блок рекуперации для STV900H 3Ф 380В 110кВт;SEOP4306;SEOP4306;Под заказ;https://intelka-shop.ru/proizvoditeli/systeme-electric/?section=19#
SEOP4305 - Блок рекуперации для STV900H 3Ф 380В 75-90кВт;SEOP4305;SEOP4305;Под заказ;https://intelka-shop.ru/proizvoditeli/systeme-electric/?section=19#
SEOP4304 - Блок рекуперации для STV900H 3Ф 380В 55кВт;SEOP4304;SEOP4304;Под заказ;https://intelka-shop.ru/proizvoditeli/systeme-electric/?section=19#
SEOP4301 - Блок рекуперации для STV900H 3Ф 380В 7,5-22кВт;SEOP4301;SEOP4301;В наличии;https://intelka-shop.ru/proizvoditeli/systeme-electric/?section=19#
SEOP-1114 - База для установки STV900 IP20 380В 220-315кВт;SEOP-1114;SEOP-1114;Под заказ;https://intelka-shop.ru/proizvoditeli/systeme-electric/?section=19#
SEOP-1223 - Кронштейн для крепления панели оператора STV630 на дверце шкафа;SEOP-1223;SEOP-1223;Под заказ;https://intelka-shop.ru/proizvoditeli/systeme-electric/?section=19#
SEOP3601 - Выходной ЭМС-фильтр для STV 3Ф 690В 22-37кВт;SEOP3601;SEOP3601;Под заказ;https://intelka-shop.ru/proizvoditeli/systeme-electric/?section=19#
SEOP3507 - ЭМС-фильтр Класса С2 для STV 3Ф 690В 630кВт;SEOP3507;SEOP3507;Под заказ;https://intelka-shop.ru/proizvoditeli/systeme-electric/?section=19#
SEOP2534 - Выходной реактор STV 3Ф 690В 630кВт;SEOP2534;SEOP2534;Под заказ;https://intelka-shop.ru/proizvoditeli/systeme-electric/?section=19#
SEOP2533 - Выходной реактор STV 3Ф 690В 500-560кВт;SEOP2533;SEOP2533;Под заказ;https://intelka-shop.ru/proizvoditeli/systeme-electric/?section=19#
SEOP2532 - Выходной реактор STV 3Ф 690В 400кВт;SEOP2532;SEOP2532;Под заказ;https://intelka-shop.ru/proizvoditeli/systeme-electric/?section=19#
SEOP2531 - Выходной реактор STV 3Ф 690В 315-350кВт;SEOP2531;SEOP2531;Под заказ;https://intelka-shop.ru/proizvoditeli/systeme-electric/?section=19#
SEOP2530 - Выходной реактор STV 3Ф 690В 200-250кВт;SEOP2530;SEOP2530;Под заказ;https://intelka-shop.ru/proizvoditeli/systeme-electric/?section=19#
SEOP2529 - Выходной реактор STV 3Ф 690В 132-185кВт;SEOP2529;SEOP2529;Под заказ;https://intelka-shop.ru/proizvoditeli/systeme-electric/?section=19#
SEOP2528 - Выходной реактор STV 3Ф 690В 75-110кВт;SEOP2528;SEOP2528;Под заказ;https://intelka-shop.ru/proizvoditeli/systeme-electric/?section=19#
SEOP2527 - Выходной реактор STV 3Ф 690В 37-55кВт;SEOP2527;SEOP2527;Под заказ;https://intelka-shop.ru/proizvoditeli/systeme-electric/?section=19#
SEOP2526 - Выходной реактор STV 3Ф 690В 30кВт;SEOP2526;SEOP2526;В наличии;https://intelka-shop.ru/proizvoditeli/systeme-electric/?section=19#
SEOP3502 - ЭМС-фильтр Класса С2 для STV 3Ф 690В 45-90кВт;SEOP3502;SEOP3502;Под заказ;https://intelka-shop.ru/proizvoditeli/systeme-electric/?section=19#
SEOP3501 - ЭМС-фильтр Класса С2 для STV 3Ф 690В 22-37кВт;SEOP3501;SEOP3501;В наличии;https://intelka-shop.ru/proizvoditeli/systeme-electric/?section=19#
SEOP3902 - ЭМС-фильтр Класса С3 для STV320S 1Ф 220В 0,75-2,2кВт;SEOP3902;SEOP3902;Под заказ;https://intelka-shop.ru/proizvoditeli/systeme-electric/?section=19#
SEOP3901 - ЭМС-фильтр Класса С3 для STV320 3Ф 380В 0,75-2,2кВт;SEOP3901;SEOP3901;Под заказ;https://intelka-shop.ru/proizvoditeli/systeme-electric/?section=19#
SEOP2802 - dV/dt-фильтр для STV 3Ф 380В (5,5кВт/10А) In=15А;SEOP2802;SEOP2802;Под заказ;https://intelka-shop.ru/proizvoditeli/systeme-electric/?section=19#
SEOP2801 - dV/dt-фильтр для STV 3Ф 380В (4кВт/9,5А) In=10А;SEOP2801;SEOP2801;В наличии;https://intelka-shop.ru/proizvoditeli/systeme-electric/?section=19#
SEOP2625 - DC реактор STV 3Ф 690В 630кВт;SEOP2625;SEOP2625;Под заказ;https://intelka-shop.ru/proizvoditeli/systeme-electric/?section=19#
SEOP2624 - DC реактор STV 3Ф 690В 400кВт;SEOP2624;SEOP2624;Под заказ;https://intelka-shop.ru/proizvoditeli/systeme-electric/?section=19#
SEOP2623 - DC реактор STV 3Ф 690В 350кВт;SEOP2623;SEOP2623;Под заказ;https://intelka-shop.ru/proizvoditeli/systeme-electric/?section=19#
SEOP2622 - DC реактор STV 3Ф 690В 280кВт;SEOP2622;SEOP2622;Под заказ;https://intelka-shop.ru/proizvoditeli/systeme-electric/?section=19#
SEOP2621 - DC реактор STV 3Ф 690В 250кВт;SEOP2621;SEOP2621;Под заказ;https://intelka-shop.ru/proizvoditeli/systeme-electric/?section=19#
SEOP2620 - DC реактор STV 3Ф 690В 185кВт;SEOP2620;SEOP2620;Под заказ;https://intelka-shop.ru/proizvoditeli/systeme-electric/?section=19#
SEOP2619 - DC реактор STV 3Ф 690В 110кВт;SEOP2619;SEOP2619;Под заказ;https://intelka-shop.ru/proizvoditeli/systeme-electric/?section=19#
SEOP2433 - Входной реактор STV 3Ф 690В 630кВт;SEOP2433;SEOP2433;Под заказ;https://intelka-shop.ru/proizvoditeli/systeme-electric/?section=19#
SEOP2432 - Входной реактор STV 3Ф 690В 500-560кВт;SEOP2432;SEOP2432;Под заказ;https://intelka-shop.ru/proizvoditeli/systeme-electric/?section=19#
SEOP2431 - Входной реактор STV 3Ф 690В 400кВт;SEOP2431;SEOP2431;Под заказ;https://intelka-shop.ru/proizvoditeli/systeme-electric/?section=19#
SEOP2430 - Входной реактор STV 3Ф 690В 315-350кВт;SEOP2430;SEOP2430;Под заказ;https://intelka-shop.ru/proizvoditeli/systeme-electric/?section=19#
SEOP2429 - Входной реактор STV 3Ф 690В 132-185кВт;SEOP2429;SEOP2429;Под заказ;https://intelka-shop.ru/proizvoditeli/systeme-electric/?section=19#
SEOP2426 - Входной реактор STV 3Ф 690В 30кВт;SEOP2426;SEOP2426;В наличии;https://intelka-shop.ru/proizvoditeli/systeme-electric/?section=19#
SEOP4115 - Тормозной резистор для STV 3Ф 380В 250 кВт (2Ω/38кВт);SEOP4115;SEOP4115;В наличии;https://intelka-shop.ru/proizvoditeli/systeme-electric/?section=19#
SEOP4114 - Тормозной резистор для STV 3Ф 380В 200 кВт (2,5Ω/30кВт);SEOP4114;SEOP4114;В наличии;https://intelka-shop.ru/proizvoditeli/systeme-electric/?section=19#
SEOP4113 - Тормозной резистор для STV 3Ф 380В 132 кВт (3,7Ω/20кВт);SEOP4113;SEOP4113;В наличии;https://intelka-shop.ru/proizvoditeli/systeme-electric/?section=19#
SEOP4112 - Тормозной резистор для STV 3Ф 380В 110 кВт (4,5Ω/17кВт);SEOP4112;SEOP4112;В наличии;https://intelka-shop.ru/proizvoditeli/systeme-electric/?section=19#
SEOP4111 - Тормозной резистор для STV 3Ф 380В 75 кВт (6,8Ω/12кВт);SEOP4111;SEOP4111;В наличии;https://intelka-shop.ru/proizvoditeli/systeme-electric/?section=19#
SEOP4110 - Тормозной резистор для STV 3Ф 380В 37 кВт (13,6Ω/6кВт);SEOP4110;SEOP4110;В наличии;https://intelka-shop.ru/proizvoditeli/systeme-electric/?section=19#
SEOP4109 - Тормозной резистор для STV 3Ф 380В 30 кВт (20Ω/4,5кВт);SEOP4109;SEOP4109;В наличии;https://intelka-shop.ru/proizvoditeli/systeme-electric/?section=19#
SEOP4108 - Тормозной резистор для STV 3Ф 380В 18,5 кВт (27Ω/3кВт);SEOP4108;SEOP4108;В наличии;https://intelka-shop.ru/proizvoditeli/systeme-electric/?section=19#
SEOP4107 - Тормозной резистор для STV 3Ф 380В 11 кВт (40Ω/1,56кВт);SEOP4107;SEOP4107;В наличии;https://intelka-shop.ru/proizvoditeli/systeme-electric/?section=19#
SEOP4106 - Тормозной резистор для STV 3Ф 380В 7.5 кВт (65Ω/1,5кВт);SEOP4106;SEOP4106;В наличии;https://intelka-shop.ru/proizvoditeli/systeme-electric/?section=19#
SEOP4105 - Тормозной резистор для STV 3Ф 380В 5.5 кВт (85Ω/1кВт);SEOP4105;SEOP4105;В наличии;https://intelka-shop.ru/proizvoditeli/systeme-electric/?section=19#
SEOP4104 - Тормозной резистор для STV 3Ф 380В 4 кВт (100Ω/600Вт);SEOP4104;SEOP4104;В наличии;https://intelka-shop.ru/proizvoditeli/systeme-electric/?section=19#
SEOP4103 - Тормозной резистор для STV 3Ф 380В 2.2 кВт (150Ω/390Вт);SEOP4103;SEOP4103;В наличии;https://intelka-shop.ru/proizvoditeli/systeme-electric/?section=19#
SEOP4102 - Тормозной резистор для STV 3Ф 380В 1.5 кВт (250Ω/260Вт);SEOP4102;SEOP4102;В наличии;https://intelka-shop.ru/proizvoditeli/systeme-electric/?section=19#
SEOP4101 - Тормозной резистор для STV 3Ф 380В 0,75 кВт (600Ω/100Вт);SEOP4101;SEOP4101;В наличии;https://intelka-shop.ru/proizvoditeli/systeme-electric/?section=19#
SEOP2807 - dV/dt-фильтр для STV 3Ф 380В (400кВт/720А) In=800А;SEOP2807;SEOP2807;Под заказ;https://intelka-shop.ru/proizvoditeli/systeme-electric/?section=19#
SEOP2806 - dV/dt-фильтр для STV 3Ф 380В (280кВт/530А) In=600А;SEOP2806;SEOP2806;Под заказ;https://intelka-shop.ru/proizvoditeli/systeme-electric/?section=19#
SEOP2805 - dV/dt-фильтр для STV 3Ф 380В (160кВт/305А) In=330А;SEOP2805;SEOP2805;Под заказ;https://intelka-shop.ru/proizvoditeli/systeme-electric/?section=19#
SEOP2804 - dV/dt-фильтр для STV 3Ф 380В (90кВт/180А) In=200А;SEOP2804;SEOP2804;Под заказ;https://intelka-shop.ru/proizvoditeli/systeme-electric/?section=19#
SEOP2803 - dV/dt-фильтр для STV 3Ф 380В (11кВт/25А) In=30А;SEOP2803;SEOP2803;Под заказ;https://intelka-shop.ru/proizvoditeli/systeme-electric/?section=19#
SEOP3607 - Выходной ЭМС-фильтр для STV 3Ф 690В 630кВт;SEOP3607;SEOP3607;Под заказ;https://intelka-shop.ru/proizvoditeli/systeme-electric/?section=19#
SEOP3606 - Выходной ЭМС-фильтр для STV 3Ф 690В 400-560кВт;SEOP3606;SEOP3606;Под заказ;https://intelka-shop.ru/proizvoditeli/systeme-electric/?section=19#
SEOP3605 - Выходной ЭМС-фильтр для STV 3Ф 690В 315-355кВт;SEOP3605;SEOP3605;Под заказ;https://intelka-shop.ru/proizvoditeli/systeme-electric/?section=19#
SEOP3604 - Выходной ЭМС-фильтр для STV 3Ф 690В 200-280кВт;SEOP3604;SEOP3604;Под заказ;https://intelka-shop.ru/proizvoditeli/systeme-electric/?section=19#
SEOP3603 - Выходной ЭМС-фильтр для STV 3Ф 690В 110-185кВт;SEOP3603;SEOP3603;Под заказ;https://intelka-shop.ru/proizvoditeli/systeme-electric/?section=19#
SEOP3602 - Выходной ЭМС-фильтр для STV 3Ф 690В 45-90кВт;SEOP3602;SEOP3602;Под заказ;https://intelka-shop.ru/proizvoditeli/systeme-electric/?section=19#
SEOP3506 - ЭМС-фильтр Класса С2 для STV 3Ф 690В 400-560кВт;SEOP3506;SEOP3506;Под заказ;https://intelka-shop.ru/proizvoditeli/systeme-electric/?section=19#
SEOP3505 - ЭМС-фильтр Класса С2 для STV 3Ф 690В 315-355кВт;SEOP3505;SEOP3505;Под заказ;https://intelka-shop.ru/proizvoditeli/systeme-electric/?section=19#
SEOP3504 - ЭМС-фильтр Класса С2 для STV 3Ф 690В 200-280кВт;SEOP3504;SEOP3504;Под заказ;https://intelka-shop.ru/proizvoditeli/systeme-electric/?section=19#
SEOP3503 - ЭМС-фильтр Класса С2 для STV 3Ф 690В 110-185кВт;SEOP3503;SEOP3503;Под заказ;https://intelka-shop.ru/proizvoditeli/systeme-electric/?section=19#
SEOP2428 - Входной реактор STV 3Ф 690В 75-110кВт;SEOP2428;SEOP2428;Под заказ;https://intelka-shop.ru/proizvoditeli/systeme-electric/?section=19#
SEOP2427 - Входной реактор STV 3Ф 690В 37-55кВт;SEOP2427;SEOP2427;Под заказ;https://intelka-shop.ru/proizvoditeli/systeme-electric/?section=19#
STV050D30N4 - Преобразователь частоты STV050 30 кВт 380В ЭМС С3 + LED панель оператора;STV050D30N4;STV050D30N4;Под заказ;https://intelka-shop.ru/proizvoditeli/systeme-electric/?section=19#
STV050D22N4 - Преобразователь частоты STV050 22 кВт 380В ЭМС С3 + LED панель оператора;STV050D22N4;STV050D22N4;В наличии;https://intelka-shop.ru/proizvoditeli/systeme-electric/?section=19#
STV050D18N4 - Преобразователь частоты STV050 18,5 кВт 380В ЭМС С3 + LED панель оператора;STV050D18N4;STV050D18N4;Под заказ;https://intelka-shop.ru/proizvoditeli/systeme-electric/?section=19#
STV050D15N4 - Преобразователь частоты STV050 15 кВт 380В ЭМС С3 + LED панель оператора;STV050D15N4;STV050D15N4;В наличии;https://intelka-shop.ru/proizvoditeli/systeme-electric/?section=19#
STV050D11N4 - Преобразователь частоты STV050 11 кВт 380В ЭМС С3 + LED панель оператора;STV050D11N4;STV050D11N4;В наличии;https://intelka-shop.ru/proizvoditeli/systeme-electric/?section=19#
STV050U75N4 - Преобразователь частоты STV050 7,5 кВт 380В ЭМС С3 + LED панель оператора;STV050U75N4;STV050U75N4;В наличии;https://intelka-shop.ru/proizvoditeli/systeme-electric/?section=19#
STV050U55N4 - Преобразователь частоты STV050 5,5 кВт 380В ЭМС С3 + LED панель оператора;STV050U55N4;STV050U55N4;Под заказ;https://intelka-shop.ru/proizvoditeli/systeme-electric/?section=19#
STV050U40N4 - Преобразователь частоты STV050 4 кВт 380В ЭМС С3 + LED панель оператора;STV050U40N4;STV050U40N4;Под заказ;https://intelka-shop.ru/proizvoditeli/systeme-electric/?section=19#
STV050U22N4 - Преобразователь частоты STV050 2,2 кВт 380В ЭМС С3 + LED панель оператора;STV050U22N4;STV050U22N4;В наличии;https://intelka-shop.ru/proizvoditeli/systeme-electric/?section=19#
STV050U15N4 - Преобразователь частоты STV050 1,5 кВт 380В ЭМС С3 + LED панель оператора;STV050U15N4;STV050U15N4;Под заказ;https://intelka-shop.ru/proizvoditeli/systeme-electric/?section=19#
STV050U07N4 - Преобразователь частоты STV050 0,75 кВт 380В ЭМС С3 + LED панель оператора;STV050U07N4;STV050U07N4;В наличии;https://intelka-shop.ru/proizvoditeli/systeme-electric/?section=19#
STV050U22M2 - Преобразователь частоты STV050 2,2 кВт 220В ЭМС С3 + LED панель оператора;STV050U22M2;STV050U22M2;В наличии;https://intelka-shop.ru/proizvoditeli/systeme-electric/?section=19#
STV050U15M2 - Преобразователь частоты STV050 1,5 кВт 220В ЭМС С3 + LED панель оператора;STV050U15M2;STV050U15M2;В наличии;https://intelka-shop.ru/proizvoditeli/systeme-electric/?section=19#
STV050U07M2 - Преобразователь частоты STV050 0,75 кВт 220В ЭМС С3 + LED панель оператора;STV050U07M2;STV050U07M2;В наличии;https://intelka-shop.ru/proizvoditeli/systeme-electric/?section=19#
STV050U04M2 - Преобразователь частоты STV050 0,4 кВт 220В ЭМС С3 + LED панель оператора;STV050U04M2;STV050U04M2;В наличии;https://intelka-shop.ru/proizvoditeli/systeme-electric/?section=19#
MSD175411R - Главный (аварийный) выключатель-разъединитель 4P 175A;MSD175411R;MSD175411R;Под заказ;https://intelka-shop.ru/proizvoditeli/systeme-electric/?section=19#
MSD125411R - Главный (аварийный) выключатель-разъединитель 4P 125A;MSD125411R;MSD125411R;В наличии;https://intelka-shop.ru/proizvoditeli/systeme-electric/?section=19#
MSD100411R - Главный (аварийный) выключатель-разъединитель 4P 100A;MSD100411R;MSD100411R;В наличии;https://intelka-shop.ru/proizvoditeli/systeme-electric/?section=19#
MSD80411R - Главный (аварийный) выключатель-разъединитель 4P 80A;MSD80411R;MSD80411R;Под заказ;https://intelka-shop.ru/proizvoditeli/systeme-electric/?section=19#
MSD63411R - Главный (аварийный) выключатель-разъединитель 4P 63A;MSD63411R;MSD63411R;Под заказ;https://intelka-shop.ru/proizvoditeli/systeme-electric/?section=19#
MSD40411R - Главный (аварийный) выключатель-разъединитель 4P 40A;MSD40411R;MSD40411R;В наличии;https://intelka-shop.ru/proizvoditeli/systeme-electric/?section=19#
MSD32411R - Главный (аварийный) выключатель-разъединитель 4P 32A;MSD32411R;MSD32411R;В наличии;https://intelka-shop.ru/proizvoditeli/systeme-electric/?section=19#
MSD25411R - Главный (аварийный) выключатель-разъединитель 4P 25A;MSD25411R;MSD25411R;Под заказ;https://intelka-shop.ru/proizvoditeli/systeme-electric/?section=19#
MSD20411R - Главный (аварийный) выключатель-разъединитель 4P 20A;MSD20411R;MSD20411R;В наличии;https://intelka-shop.ru/proizvoditeli/systeme-electric/?section=19#
MSD175311R - Главный (аварийный) выключатель-разъединитель 3P 175A;MSD175311R;MSD175311R;В наличии;https://intelka-shop.ru/proizvoditeli/systeme-electric/?section=19#
MSD125311R - Главный (аварийный) выключатель-разъединитель 3P 125A;MSD125311R;MSD125311R;В наличии;https://intelka-shop.ru/proizvoditeli/systeme-electric/?section=19#
MSD100311R - Главный (аварийный) выключатель-разъединитель 3P 100A;MSD100311R;MSD100311R;Под заказ;https://intelka-shop.ru/proizvoditeli/systeme-electric/?section=19#
MSD80311R - Главный (аварийный) выключатель-разъединитель 3P 80A;MSD80311R;MSD80311R;В наличии;https://intelka-shop.ru/proizvoditeli/systeme-electric/?section=19#
MSD63311R - Главный (аварийный) выключатель-разъединитель 3P 63A;MSD63311R;MSD63311R;Под заказ;https://intelka-shop.ru/proizvoditeli/systeme-electric/?section=19#
MSD40311R - Главный (аварийный) выключатель-разъединитель 3P 40A;MSD40311R;MSD40311R;В наличии;https://intelka-shop.ru/proizvoditeli/systeme-electric/?section=19#
MSD32311R - Главный (аварийный) выключатель-разъединитель 3P 32A;MSD32311R;MSD32311R;Под заказ;https://intelka-shop.ru/proizvoditeli/systeme-electric/?section=19#
MSD25311R - Главный (аварийный) выключатель-разъединитель 3P 25A;MSD25311R;MSD25311R;Под заказ;https://intelka-shop.ru/proizvoditeli/systeme-electric/?section=19#
MSD20311R - Главный (аварийный) выключатель-разъединитель 3P 20A;MSD20311R;MSD20311R;Под заказ;https://intelka-shop.ru/proizvoditeli/systeme-electric/?section=19#
MSD175440B - Выключатель-разъединитель 4P 175A IP20 с черной выносной рукояткой;MSD175440B;MSD175440B;Под заказ;https://intelka-shop.ru/proizvoditeli/systeme-electric/?section=19#
MSD125440B - Выключатель-разъединитель 4P 125A IP20 с черной выносной рукояткой;MSD125440B;MSD125440B;Под заказ;https://intelka-shop.ru/proizvoditeli/systeme-electric/?section=19#
MSD100440B - Выключатель-разъединитель 4P 100A IP20 с черной выносной рукояткой;MSD100440B;MSD100440B;Под заказ;https://intelka-shop.ru/proizvoditeli/systeme-electric/?section=19#
MSD80440B - Выключатель-разъединитель 4P 80A IP20 с черной выносной рукояткой;MSD80440B;MSD80440B;Под заказ;https://intelka-shop.ru/proizvoditeli/systeme-electric/?section=19#
MSD63440B - Выключатель-разъединитель 4P 63A IP20 с черной выносной рукояткой;MSD63440B;MSD63440B;Под заказ;https://intelka-shop.ru/proizvoditeli/systeme-electric/?section=19#
MSD40440B - Выключатель-разъединитель 4P 40A IP20 с черной выносной рукояткой;MSD40440B;MSD40440B;В наличии;https://intelka-shop.ru/proizvoditeli/systeme-electric/?section=19#
MSD32440B - Выключатель-разъединитель 4P 32A IP20 с черной выносной рукояткой;MSD32440B;MSD32440B;В наличии;https://intelka-shop.ru/proizvoditeli/systeme-electric/?section=19#
MSD25440B - Выключатель-разъединитель 4P 25A IP20 с черной выносной рукояткой;MSD25440B;MSD25440B;Под заказ;https://intelka-shop.ru/proizvoditeli/systeme-electric/?section=19#
MSD20440B - Выключатель-разъединитель 4P 20A IP20 с черной выносной рукояткой;MSD20440B;MSD20440B;В наличии;https://intelka-shop.ru/proizvoditeli/systeme-electric/?section=19#
MSD175340B - Выключатель-разъединитель 3P 175A IP20 с черной выносной рукояткой;MSD175340B;MSD175340B;В наличии;https://intelka-shop.ru/proizvoditeli/systeme-electric/?section=19#
MSD125340B - Выключатель-разъединитель 3P 125A IP20 с черной выносной рукояткой;MSD125340B;MSD125340B;В наличии;https://intelka-shop.ru/proizvoditeli/systeme-electric/?section=19#
MSD100340B - Выключатель-разъединитель 3P 100A IP20 с черной выносной рукояткой;MSD100340B;MSD100340B;В наличии;https://intelka-shop.ru/proizvoditeli/systeme-electric/?section=19#
MSD80340B - Выключатель-разъединитель 3P 80A IP20 с черной выносной рукояткой;MSD80340B;MSD80340B;В наличии;https://intelka-shop.ru/proizvoditeli/systeme-electric/?section=19#
MSD63340B - Выключатель-разъединитель 3P 63A IP20 с черной выносной рукояткой;MSD63340B;MSD63340B;В наличии;https://intelka-shop.ru/proizvoditeli/systeme-electric/?section=19#
MSD40340B - Выключатель-разъединитель 3P 40A IP20 с черной выносной рукояткой;MSD40340B;MSD40340B;В наличии;https://intelka-shop.ru/proizvoditeli/systeme-electric/?section=19#
MSD32340B - Выключатель-разъединитель 3P 32A IP20 с черной выносной рукояткой;MSD32340B;MSD32340B;В наличии;https://intelka-shop.ru/proizvoditeli/systeme-electric/?section=19#
MSD25340B - Выключатель-разъединитель 3P 25A IP20 с черной выносной рукояткой;MSD25340B;MSD25340B;В наличии;https://intelka-shop.ru/proizvoditeli/systeme-electric/?section=19#
MSD20340B - Выключатель-разъединитель 3P 20A IP20 с черной выносной рукояткой;MSD20340B;MSD20340B;В наличии;https://intelka-shop.ru/proizvoditeli/systeme-electric/?section=19#
MSD175440R - Выключатель-разъединитель 4P 175A IP20 с красной выносной рукояткой;MSD175440R;MSD175440R;Под заказ;https://intelka-shop.ru/proizvoditeli/systeme-electric/?section=19#
MSD125440R - Выключатель-разъединитель 4P 125A IP20 с красной выносной рукояткой;MSD125440R;MSD125440R;Под заказ;https://intelka-shop.ru/proizvoditeli/systeme-electric/?section=19#
MSD100440R - Выключатель-разъединитель 4P 100A IP20 с красной выносной рукояткой;MSD100440R;MSD100440R;В наличии;https://intelka-shop.ru/proizvoditeli/systeme-electric/?section=19#
MSD80440R - Выключатель-разъединитель 4P 80A IP20 с красной выносной рукояткой;MSD80440R;MSD80440R;Под заказ;https://intelka-shop.ru/proizvoditeli/systeme-electric/?section=19#
MSD63440R - Выключатель-разъединитель 4P 63A IP20 с красной выносной рукояткой;MSD63440R;MSD63440R;В наличии;https://intelka-shop.ru/proizvoditeli/systeme-electric/?section=19#
MSD40440R - Выключатель-разъединитель 4P 40A IP20 с красной выносной рукояткой;MSD40440R;MSD40440R;В наличии;https://intelka-shop.ru/proizvoditeli/systeme-electric/?section=19#
MSD32440R - Выключатель-разъединитель 4P 32A IP20 с красной выносной рукояткой;MSD32440R;MSD32440R;В наличии;https://intelka-shop.ru/proizvoditeli/systeme-electric/?section=19#
MSD25440R - Выключатель-разъединитель 4P 25A IP20 с красной выносной рукояткой;MSD25440R;MSD25440R;В наличии;https://intelka-shop.ru/proizvoditeli/systeme-electric/?section=19#
MSD20440R - Выключатель-разъединитель 4P 20A IP20 с красной выносной рукояткой;MSD20440R;MSD20440R;Под заказ;https://intelka-shop.ru/proizvoditeli/systeme-electric/?section=19#
MSD175340R - Выключатель-разъединитель 3P 175A IP20 с красной выносной рукояткой;MSD175340R;MSD175340R;Под заказ;https://intelka-shop.ru/proizvoditeli/systeme-electric/?section=19#
MSD125340R - Выключатель-разъединитель 3P 125A IP20 с красной выносной рукояткой;MSD125340R;MSD125340R;Под заказ;https://intelka-shop.ru/proizvoditeli/systeme-electric/?section=19#
MSD100340R - Выключатель-разъединитель 3P 100A IP20 с красной выносной рукояткой;MSD100340R;MSD100340R;В наличии;https://intelka-shop.ru/proizvoditeli/systeme-electric/?section=19#
MSD80340R - Выключатель-разъединитель 3P 80A IP20 с красной выносной рукояткой;MSD80340R;MSD80340R;В наличии;https://intelka-shop.ru/proizvoditeli/systeme-electric/?section=19#
MSD63340R - Выключатель-разъединитель 3P 63A IP20 с красной выносной рукояткой;MSD63340R;MSD63340R;В наличии;https://intelka-shop.ru/proizvoditeli/systeme-electric/?section=19#
MSD40340R - Выключатель-разъединитель 3P 40A IP20 с красной выносной рукояткой;MSD40340R;MSD40340R;В наличии;https://intelka-shop.ru/proizvoditeli/systeme-electric/?section=19#
MSD32340R - Выключатель-разъединитель 3P 32A IP20 с красной выносной рукояткой;MSD32340R;MSD32340R;В наличии;https://intelka-shop.ru/proizvoditeli/systeme-electric/?section=19#
MSD25340R - Выключатель-разъединитель 3P 25A IP20 с красной выносной рукояткой;MSD25340R;MSD25340R;Под заказ;https://intelka-shop.ru/proizvoditeli/systeme-electric/?section=19#
MSD20340R - Выключатель-разъединитель 3P 20A IP20 с красной выносной рукояткой;MSD20340R;MSD20340R;В наличии;https://intelka-shop.ru/proizvoditeli/systeme-electric/?section=19#
MSD175460R - Выключатель-разъединитель 4P 175A IP20 с красной рукояткой на дверцу;MSD175460R;MSD175460R;Под заказ;https://intelka-shop.ru/proizvoditeli/systeme-electric/?section=19#
MSD125460R - Выключатель-разъединитель 4P 125A IP20 с красной рукояткой на дверцу;MSD125460R;MSD125460R;Под заказ;https://intelka-shop.ru/proizvoditeli/systeme-electric/?section=19#
MSD100460R - Выключатель-разъединитель 4P 100A IP20 с красной рукояткой на дверцу;MSD100460R;MSD100460R;В наличии;https://intelka-shop.ru/proizvoditeli/systeme-electric/?section=19#
MSD80460R - Выключатель-разъединитель 4P 80A IP20 с красной рукояткой на дверцу;MSD80460R;MSD80460R;Под заказ;https://intelka-shop.ru/proizvoditeli/systeme-electric/?section=19#
MSD63460R - Выключатель-разъединитель 4P 63A IP20 с красной рукояткой на дверцу;MSD63460R;MSD63460R;Под заказ;https://intelka-shop.ru/proizvoditeli/systeme-electric/?section=19#
MSD40460R - Выключатель-разъединитель 4P 40A IP20 с красной рукояткой на дверцу;MSD40460R;MSD40460R;Под заказ;https://intelka-shop.ru/proizvoditeli/systeme-electric/?section=19#
MSD32460R - Выключатель-разъединитель 4P 32A IP20 с красной рукояткой на дверцу;MSD32460R;MSD32460R;Под заказ;https://intelka-shop.ru/proizvoditeli/systeme-electric/?section=19#
MSD25460R - Выключатель-разъединитель 4P 25A IP20 с красной рукояткой на дверцу;MSD25460R;MSD25460R;Под заказ;https://intelka-shop.ru/proizvoditeli/systeme-electric/?section=19#
MSD20460R - Выключатель-разъединитель 4P 20A IP20 с красной рукояткой на дверцу;MSD20460R;MSD20460R;В наличии;https://intelka-shop.ru/proizvoditeli/systeme-electric/?section=19#
MSD175360R - Выключатель-разъединитель 3P 175A IP20 с красной рукояткой на дверцу;MSD175360R;MSD175360R;Под заказ;https://intelka-shop.ru/proizvoditeli/systeme-electric/?section=19#
MSD125360R - Выключатель-разъединитель 3P 125A IP20 с красной рукояткой на дверцу;MSD125360R;MSD125360R;Под заказ;https://intelka-shop.ru/proizvoditeli/systeme-electric/?section=19#
MSD100360R - Выключатель-разъединитель 3P 100A IP20 с красной рукояткой на дверцу;MSD100360R;MSD100360R;В наличии;https://intelka-shop.ru/proizvoditeli/systeme-electric/?section=19#
MSD80360R - Выключатель-разъединитель 3P 80A IP20 с красной рукояткой на дверцу;MSD80360R;MSD80360R;Под заказ;https://intelka-shop.ru/proizvoditeli/systeme-electric/?section=19#
MSD63360R - Выключатель-разъединитель 3P 63A IP20 с красной рукояткой на дверцу;MSD63360R;MSD63360R;Под заказ;https://intelka-shop.ru/proizvoditeli/systeme-electric/?section=19#
MSD40360R - Выключатель-разъединитель 3P 40A IP20 с красной рукояткой на дверцу;MSD40360R;MSD40360R;В наличии;https://intelka-shop.ru/proizvoditeli/systeme-electric/?section=19#
MSD32360R - Выключатель-разъединитель 3P 32A IP20 с красной рукояткой на дверцу;MSD32360R;MSD32360R;Под заказ;https://intelka-shop.ru/proizvoditeli/systeme-electric/?section=19#
MSD25360R - Выключатель-разъединитель 3P 25A IP20 с красной рукояткой на дверцу;MSD25360R;MSD25360R;Под заказ;https://intelka-shop.ru/proizvoditeli/systeme-electric/?section=19#
MSD20360R - Выключатель-разъединитель 3P 20A IP20 с красной рукояткой на дверцу;MSD20360R;MSD20360R;Под заказ;https://intelka-shop.ru/proizvoditeli/systeme-electric/?section=19#
MSD175420B - Выключатель-разъединитель 4P 175A IP20 с черной рукояткой на дверцу;MSD175420B;MSD175420B;Под заказ;https://intelka-shop.ru/proizvoditeli/systeme-electric/?section=19#
MSD125420B - Выключатель-разъединитель 4P 125A IP20 с черной рукояткой на дверцу;MSD125420B;MSD125420B;Под заказ;https://intelka-shop.ru/proizvoditeli/systeme-electric/?section=19#
MSD100420B - Выключатель-разъединитель 4P 100A IP20 с черной рукояткой на дверцу;MSD100420B;MSD100420B;Под заказ;https://intelka-shop.ru/proizvoditeli/systeme-electric/?section=19#
MSD80420B - Выключатель-разъединитель 4P 80A IP20 с черной рукояткой на дверцу;MSD80420B;MSD80420B;Под заказ;https://intelka-shop.ru/proizvoditeli/systeme-electric/?section=19#
MSD63420B - Выключатель-разъединитель 4P 63A IP20 с черной рукояткой на дверцу;MSD63420B;MSD63420B;В наличии;https://intelka-shop.ru/proizvoditeli/systeme-electric/?section=19#
MSD40420B - Выключатель-разъединитель 4P 40A IP20 с черной рукояткой на дверцу;MSD40420B;MSD40420B;В наличии;https://intelka-shop.ru/proizvoditeli/systeme-electric/?section=19#
MSD32420B - Выключатель-разъединитель 4P 32A IP20 с черной рукояткой на дверцу;MSD32420B;MSD32420B;В наличии;https://intelka-shop.ru/proizvoditeli/systeme-electric/?section=19#
MSD25420B - Выключатель-разъединитель 4P 25A IP20 с черной рукояткой на дверцу;MSD25420B;MSD25420B;Под заказ;https://intelka-shop.ru/proizvoditeli/systeme-electric/?section=19#
MSD20420B - Выключатель-разъединитель 4P 20A IP20 с черной рукояткой на дверцу;MSD20420B;MSD20420B;Под заказ;https://intelka-shop.ru/proizvoditeli/systeme-electric/?section=19#
MSD175410R - Выключатель-разъединитель 4P 175A IP20 с красной рукояткой на дверцу;MSD175410R;MSD175410R;В наличии;https://intelka-shop.ru/proizvoditeli/systeme-electric/?section=19#
MSD125410R - Выключатель-разъединитель 4P 125A IP20 с красной рукояткой на дверцу;MSD125410R;MSD125410R;В наличии;https://intelka-shop.ru/proizvoditeli/systeme-electric/?section=19#
MSD100410R - Выключатель-разъединитель 4P 100A IP20 с красной рукояткой на дверцу;MSD100410R;MSD100410R;В наличии;https://intelka-shop.ru/proizvoditeli/systeme-electric/?section=19#
MSD80410R - Выключатель-разъединитель 4P 80A IP20 с красной рукояткой на дверцу;MSD80410R;MSD80410R;Под заказ;https://intelka-shop.ru/proizvoditeli/systeme-electric/?section=19#
MSD63410R - Выключатель-разъединитель 4P 63A IP20 с красной рукояткой на дверцу;MSD63410R;MSD63410R;В наличии;https://intelka-shop.ru/proizvoditeli/systeme-electric/?section=19#
MSD40410R - Выключатель-разъединитель 4P 40A IP20 с красной рукояткой на дверцу;MSD40410R;MSD40410R;В наличии;https://intelka-shop.ru/proizvoditeli/systeme-electric/?section=19#
MSD32410R - Выключатель-разъединитель 4P 32A IP20 с красной рукояткой на дверцу;MSD32410R;MSD32410R;В наличии;https://intelka-shop.ru/proizvoditeli/systeme-electric/?section=19#
MSD25410R - Выключатель-разъединитель 4P 25A IP20 с красной рукояткой на дверцу;MSD25410R;MSD25410R;В наличии;https://intelka-shop.ru/proizvoditeli/systeme-electric/?section=19#
MSD20410R - Выключатель-разъединитель 4P 20A IP20 с красной рукояткой на дверцу;MSD20410R;MSD20410R;В наличии;https://intelka-shop.ru/proizvoditeli/systeme-electric/?section=19#
MSD175320B - Выключатель-разъединитель 3P 175A IP20 с черной рукояткой на дверцу;MSD175320B;MSD175320B;В наличии;https://intelka-shop.ru/proizvoditeli/systeme-electric/?section=19#
MSD125320B - Выключатель-разъединитель 3P 125A IP20 с черной рукояткой на дверцу;MSD125320B;MSD125320B;В наличии;https://intelka-shop.ru/proizvoditeli/systeme-electric/?section=19#
MSD100320B - Выключатель-разъединитель 3P 100A IP20 с черной рукояткой на дверцу;MSD100320B;MSD100320B;В наличии;https://intelka-shop.ru/proizvoditeli/systeme-electric/?section=19#
MSD80320B - Выключатель-разъединитель 3P 80A IP20 с черной рукояткой на дверцу;MSD80320B;MSD80320B;В наличии;https://intelka-shop.ru/proizvoditeli/systeme-electric/?section=19#
MSD63320B - Выключатель-разъединитель 3P 63A IP20 с черной рукояткой на дверцу;MSD63320B;MSD63320B;В наличии;https://intelka-shop.ru/proizvoditeli/systeme-electric/?section=19#
MSD40320B - Выключатель-разъединитель 3P 40A IP20 с черной рукояткой на дверцу;MSD40320B;MSD40320B;В наличии;https://intelka-shop.ru/proizvoditeli/systeme-electric/?section=19#
MSD32320B - Выключатель-разъединитель 3P 32A IP20 с черной рукояткой на дверцу;MSD32320B;MSD32320B;В наличии;https://intelka-shop.ru/proizvoditeli/systeme-electric/?section=19#
MSD25320B - Выключатель-разъединитель 3P 25A IP20 с черной рукояткой на дверцу;MSD25320B;MSD25320B;В наличии;https://intelka-shop.ru/proizvoditeli/systeme-electric/?section=19#
MSD20320B - Выключатель-разъединитель 3P 20A IP20 с черной рукояткой на дверцу;MSD20320B;MSD20320B;В наличии;https://intelka-shop.ru/proizvoditeli/systeme-electric/?section=19#
MSD175310R - Выключатель-разъединитель 3P 175A IP20 с красной рукояткой на дверцу;MSD175310R;MSD175310R;В наличии;https://intelka-shop.ru/proizvoditeli/systeme-electric/?section=19#
MSD125310R - Выключатель-разъединитель 3P 125A IP20 с красной рукояткой на дверцу;MSD125310R;MSD125310R;В наличии;https://intelka-shop.ru/proizvoditeli/systeme-electric/?section=19#
MSD100310R - Выключатель-разъединитель 3P 100A IP20 с красной рукояткой на дверцу;MSD100310R;MSD100310R;В наличии;https://intelka-shop.ru/proizvoditeli/systeme-electric/?section=19#
MSD80310R - Выключатель-разъединитель 3P 80A IP20 с красной рукояткой на дверцу;MSD80310R;MSD80310R;В наличии;https://intelka-shop.ru/proizvoditeli/systeme-electric/?section=19#
MSD63310R - Выключатель-разъединитель 3P 63A IP20 с красной рукояткой на дверцу;MSD63310R;MSD63310R;Под заказ;https://intelka-shop.ru/proizvoditeli/systeme-electric/?section=19#
MSD40310R - Выключатель-разъединитель 3P 40A IP20 с красной рукояткой на дверцу;MSD40310R;MSD40310R;В наличии;https://intelka-shop.ru/proizvoditeli/systeme-electric/?section=19#
MSD32310R - Выключатель-разъединитель 3P 32A IP20 с красной рукояткой на дверцу;MSD32310R;MSD32310R;Под заказ;https://intelka-shop.ru/proizvoditeli/systeme-electric/?section=19#
MSD25310R - Выключатель-разъединитель 3P 25A IP20 с красной рукояткой на дверцу;MSD25310R;MSD25310R;Под заказ;https://intelka-shop.ru/proizvoditeli/systeme-electric/?section=19#
MSD20310R - Выключатель-разъединитель 3P 20A IP20 с красной рукояткой на дверцу;MSD20310R;MSD20310R;Под заказ;https://intelka-shop.ru/proizvoditeli/systeme-electric/?section=19#
MSD175EF7 - Модуль заземления MSD 175A;MSD175EF7;MSD175EF7;В наличии;https://intelka-shop.ru/proizvoditeli/systeme-electric/?section=19#
MSD125EF7 - Модуль заземления MSD 125A;MSD125EF7;MSD125EF7;В наличии;https://intelka-shop.ru/proizvoditeli/systeme-electric/?section=19#
MSD100EF3 - Модуль заземления MSD 80A/100A;MSD100EF3;MSD100EF3;Под заказ;https://intelka-shop.ru/proizvoditeli/systeme-electric/?section=19#
MSD63EF2 - Модуль заземления MSD 40A/63A;MSD63EF2;MSD63EF2;В наличии;https://intelka-shop.ru/proizvoditeli/systeme-electric/?section=19#
MSD32EF1 - Модуль заземления MSD 25A/32A;MSD32EF1;MSD32EF1;Под заказ;https://intelka-shop.ru/proizvoditeli/systeme-electric/?section=19#
MSD175NF7 - Модуль нейтрали MSD 175A;MSD175NF7;MSD175NF7;В наличии;https://intelka-shop.ru/proizvoditeli/systeme-electric/?section=19#
MSD125NF7 - Модуль нейтрали MSD 125A;MSD125NF7;MSD125NF7;Под заказ;https://intelka-shop.ru/proizvoditeli/systeme-electric/?section=19#
MSD100NF3 - Модуль нейтрали MSD 80A/100A;MSD100NF3;MSD100NF3;Под заказ;https://intelka-shop.ru/proizvoditeli/systeme-electric/?section=19#
MSD63NF2 - Модуль нейтрали MSD 40A/63A;MSD63NF2;MSD63NF2;В наличии;https://intelka-shop.ru/proizvoditeli/systeme-electric/?section=19#
MSD32NF1 - Модуль нейтрали MSD 25A/32A;MSD32NF1;MSD32NF1;В наличии;https://intelka-shop.ru/proizvoditeli/systeme-electric/?section=19#
MSD430 - Удлинитель-переходник 430 мм ДЛЯ MSD;MSD430;MSD430;Под заказ;https://intelka-shop.ru/proizvoditeli/systeme-electric/?section=19#
MSD330 - Удлинитель-переходник 330 мм ДЛЯ MSD;MSD330;MSD330;В наличии;https://intelka-shop.ru/proizvoditeli/systeme-electric/?section=19#
MSD100Z7 - Крышка клеммника MSD 80/100A 4P;MSD100Z7;MSD100Z7;Под заказ;https://intelka-shop.ru/proizvoditeli/systeme-electric/?section=19#
MSD63Z6 - Крышка клеммника MSD 40/63A 4P;MSD63Z6;MSD63Z6;Под заказ;https://intelka-shop.ru/proizvoditeli/systeme-electric/?section=19#
MSD32Z5 - Крышка клеммника MSD 25/32A 4P;MSD32Z5;MSD32Z5;Под заказ;https://intelka-shop.ru/proizvoditeli/systeme-electric/?section=19#
MSD175Z4 - Крышка клеммника MSD 125/175A 1P;MSD175Z4;MSD175Z4;В наличии;https://intelka-shop.ru/proizvoditeli/systeme-electric/?section=19#
MSD100Z3 - Крышка клеммника MSD 80/100A 3P;MSD100Z3;MSD100Z3;В наличии;https://intelka-shop.ru/proizvoditeli/systeme-electric/?section=19#
MSD63Z2 - Крышка клеммника MSD 40/63A 3P;MSD63Z2;MSD63Z2;В наличии;https://intelka-shop.ru/proizvoditeli/systeme-electric/?section=19#
MSD32Z1 - Крышка клеммника MSD 25/32A 3P;MSD32Z1;MSD32Z1;В наличии;https://intelka-shop.ru/proizvoditeli/systeme-electric/?section=19#
MSD100F6 - Дополнительный блок контактов 1НО+1НЗ для MSD 80/100A;MSD100F6;MSD100F6;В наличии;https://intelka-shop.ru/proizvoditeli/systeme-electric/?section=19#
MSD63F5 - Дополнительный блок контактов 1НО+1НЗ для MSD 40/63A;MSD63F5;MSD63F5;В наличии;https://intelka-shop.ru/proizvoditeli/systeme-electric/?section=19#
MSD32F4 - Дополнительный блок контактов 1НО+1НЗ для MSD 25/32A;MSD32F4;MSD32F4;В наличии;https://intelka-shop.ru/proizvoditeli/systeme-electric/?section=19#
GM3P65 - Автоматический выключатель для защиты двигателя GM3P 48-65A;GM3P65;GM3P65;Под заказ;https://intelka-shop.ru/proizvoditeli/systeme-electric/?section=19#
GM3P50 - Автоматический выключатель для защиты двигателя GM3P 37-50A;GM3P50;GM3P50;Под заказ;https://intelka-shop.ru/proizvoditeli/systeme-electric/?section=19#
GM3P40 - Автоматический выключатель для защиты двигателя GM3P 30-40A;GM3P40;GM3P40;Под заказ;https://intelka-shop.ru/proizvoditeli/systeme-electric/?section=19#
GM3P32 - Автоматический выключатель для защиты двигателя GM3P 23-32A;GM3P32;GM3P32;Под заказ;https://intelka-shop.ru/proizvoditeli/systeme-electric/?section=19#
GM3P25 - Автоматический выключатель для защиты двигателя GM3P 17-25A;GM3P25;GM3P25;Под заказ;https://intelka-shop.ru/proizvoditeli/systeme-electric/?section=19#
GM3P18 - Автоматический выключатель для защиты двигателя GM3P 12-18A;GM3P18;GM3P18;Под заказ;https://intelka-shop.ru/proizvoditeli/systeme-electric/?section=19#
GM3P13 - Автоматический выключатель для защиты двигателя GM3P 9-13A;GM3P13;GM3P13;Под заказ;https://intelka-shop.ru/proizvoditeli/systeme-electric/?section=19#
РЕВЕРСИВНЫЙ КОНТАКТОР MC2K 16A 1НЗ AC380V 50/60Hz;MC2K1601Q7;MC2K1601Q7;В наличии;https://intelka-shop.ru/proizvoditeli/systeme-electric/?section=19#
РЕВЕРСИВНЫЙ КОНТАКТОР MC2K 16A 1НЗ AC230V 50/60Hz;MC2K1601P7;MC2K1601P7;В наличии;https://intelka-shop.ru/proizvoditeli/systeme-electric/?section=19#
РЕВЕРСИВНЫЙ КОНТАКТОР MC2K 16A 1НЗ AC220V 50/60Hz;MC2K1601M7;MC2K1601M7;В наличии;https://intelka-shop.ru/proizvoditeli/systeme-electric/?section=19#
РЕВЕРСИВНЫЙ КОНТАКТОР MC2K 16A 1НЗ AC127V 50/60Hz;MC2K1601FC7;MC2K1601FC7;Под заказ;https://intelka-shop.ru/proizvoditeli/systeme-electric/?section=19#
РЕВЕРСИВНЫЙ КОНТАКТОР MC2K 16A 1НЗ AC110V 50/60Hz;MC2K1601F7;MC2K1601F7;Под заказ;https://intelka-shop.ru/proizvoditeli/systeme-electric/?section=19#
РЕВЕРСИВНЫЙ КОНТАКТОР MC2K 16A 1НЗ AC48V 50/60Hz;MC2K1601E7;MC2K1601E7;Под заказ;https://intelka-shop.ru/proizvoditeli/systeme-electric/?section=19#
РЕВЕРСИВНЫЙ КОНТАКТОР MC2K 16A 1НЗ AC36V 50/60Hz;MC2K1601C7;MC2K1601C7;Под заказ;https://intelka-shop.ru/proizvoditeli/systeme-electric/?section=19#
РЕВЕРСИВНЫЙ КОНТАКТОР MC2K 16A 1НЗ AC24V 50/60Hz;MC2K1601B7;MC2K1601B7;Под заказ;https://intelka-shop.ru/proizvoditeli/systeme-electric/?section=19#
РЕВЕРСИВНЫЙ КОНТАКТОР MC2K 12A 1НО AC400V 50/60Hz;MC2K1210V7;MC2K1210V7;Под заказ;https://intelka-shop.ru/proizvoditeli/systeme-electric/?section=19#
РЕВЕРСИВНЫЙ КОНТАКТОР MC2K 12A 1НО AC380V 50/60Hz;MC2K1210Q7;MC2K1210Q7;Под заказ;https://intelka-shop.ru/proizvoditeli/systeme-electric/?section=19#
РЕВЕРСИВНЫЙ КОНТАКТОР MC2K 12A 1НО AC230V 50/60Hz;MC2K1210P7;MC2K1210P7;В наличии;https://intelka-shop.ru/proizvoditeli/systeme-electric/?section=19#
РЕВЕРСИВНЫЙ КОНТАКТОР MC2K 12A 1НО AC220V 50/60Hz;MC2K1210M7;MC2K1210M7;Под заказ;https://intelka-shop.ru/proizvoditeli/systeme-electric/?section=19#
РЕВЕРСИВНЫЙ КОНТАКТОР MC2K 12A 1НО AC127V 50/60Hz;MC2K1210FC7;MC2K1210FC7;Под заказ;https://intelka-shop.ru/proizvoditeli/systeme-electric/?section=19#
РЕВЕРСИВНЫЙ КОНТАКТОР MC2K 12A 1НО AC110V 50/60Hz;MC2K1210F7;MC2K1210F7;Под заказ;https://intelka-shop.ru/proizvoditeli/systeme-electric/?section=19#
РЕВЕРСИВНЫЙ КОНТАКТОР MC2K 12A 1НО AC48V 50/60Hz;MC2K1210E7;MC2K1210E7;Под заказ;https://intelka-shop.ru/proizvoditeli/systeme-electric/?section=19#
РЕВЕРСИВНЫЙ КОНТАКТОР MC2K 12A 1НО AC36V 50/60Hz;MC2K1210C7;MC2K1210C7;Под заказ;https://intelka-shop.ru/proizvoditeli/systeme-electric/?section=19#
РЕВЕРСИВНЫЙ КОНТАКТОР MC2K 12A 1НО AC24V 50/60Hz;MC2K1210B7;MC2K1210B7;В наличии;https://intelka-shop.ru/proizvoditeli/systeme-electric/?section=19#
РЕВЕРСИВНЫЙ КОНТАКТОР MC2K 12A 1НЗ AC400V 50/60Hz;MC2K1201V7;MC2K1201V7;Под заказ;https://intelka-shop.ru/proizvoditeli/systeme-electric/?section=19#
РЕВЕРСИВНЫЙ КОНТАКТОР MC2K 12A 1НЗ AC380V 50/60Hz;MC2K1201Q7;MC2K1201Q7;В наличии;https://intelka-shop.ru/proizvoditeli/systeme-electric/?section=19#
РЕВЕРСИВНЫЙ КОНТАКТОР MC2K 12A 1НЗ AC230V 50/60Hz;MC2K1201P7;MC2K1201P7;Под заказ;https://intelka-shop.ru/proizvoditeli/systeme-electric/?section=19#
РЕВЕРСИВНЫЙ КОНТАКТОР MC2K 12A 1НЗ AC220V 50/60Hz;MC2K1201M7;MC2K1201M7;В наличии;https://intelka-shop.ru/proizvoditeli/systeme-electric/?section=19#
РЕВЕРСИВНЫЙ КОНТАКТОР MC2K 12A 1НЗ AC127V 50/60Hz;MC2K1201FC7;MC2K1201FC7;Под заказ;https://intelka-shop.ru/proizvoditeli/systeme-electric/?section=19#
РЕВЕРСИВНЫЙ КОНТАКТОР MC2K 12A 1НЗ AC110V 50/60Hz;MC2K1201F7;MC2K1201F7;Под заказ;https://intelka-shop.ru/proizvoditeli/systeme-electric/?section=19#
РЕВЕРСИВНЫЙ КОНТАКТОР MC2K 12A 1НЗ AC36V 50/60Hz;MC2K1201C7;MC2K1201C7;Под заказ;https://intelka-shop.ru/proizvoditeli/systeme-electric/?section=19#
РЕВЕРСИВНЫЙ КОНТАКТОР MC2K 9A 1НО AC380V 50/60Hz;MC2K0910Q7;MC2K0910Q7;Под заказ;https://intelka-shop.ru/proizvoditeli/systeme-electric/?section=19#
РЕВЕРСИВНЫЙ КОНТАКТОР MC2K 9A 1НО AC220V 50/60Hz;MC2K0910M7;MC2K0910M7;В наличии;https://intelka-shop.ru/proizvoditeli/systeme-electric/?section=19#
РЕВЕРСИВНЫЙ КОНТАКТОР MC2K 9A 1НО AC127V 50/60Hz;MC2K0910FC7;MC2K0910FC7;Под заказ;https://intelka-shop.ru/proizvoditeli/systeme-electric/?section=19#
РЕВЕРСИВНЫЙ КОНТАКТОР MC2K 9A 1НО AC110V 50/60Hz;MC2K0910F7;MC2K0910F7;Под заказ;https://intelka-shop.ru/proizvoditeli/systeme-electric/?section=19#
РЕВЕРСИВНЫЙ КОНТАКТОР MC2K 9A 1НО AC48V 50/60Hz;MC2K0910E7;MC2K0910E7;Под заказ;https://intelka-shop.ru/proizvoditeli/systeme-electric/?section=19#
РЕВЕРСИВНЫЙ КОНТАКТОР MC2K 9A 1НО AC36V 50/60Hz;MC2K0910C7;MC2K0910C7;Под заказ;https://intelka-shop.ru/proizvoditeli/systeme-electric/?section=19#
РЕВЕРСИВНЫЙ КОНТАКТОР MC2K 9A 1НО AC24V 50/60Hz;MC2K0910B7;MC2K0910B7;В наличии;https://intelka-shop.ru/proizvoditeli/systeme-electric/?section=19#
РЕВЕРСИВНЫЙ КОНТАКТОР MC2K 9A 1НЗ AC400V 50/60Hz;MC2K0901V7;MC2K0901V7;Под заказ;https://intelka-shop.ru/proizvoditeli/systeme-electric/?section=19#
РЕВЕРСИВНЫЙ КОНТАКТОР MC2K 9A 1НЗ AC380V 50/60Hz;MC2K0901Q7;MC2K0901Q7;В наличии;https://intelka-shop.ru/proizvoditeli/systeme-electric/?section=19#
РЕВЕРСИВНЫЙ КОНТАКТОР MC2K 9A 1НЗ AC230V 50/60Hz;MC2K0901P7;MC2K0901P7;Под заказ;https://intelka-shop.ru/proizvoditeli/systeme-electric/?section=19#
РЕВЕРСИВНЫЙ КОНТАКТОР MC2K 9A 1НЗ AC220V 50/60Hz;MC2K0901M7;MC2K0901M7;В наличии;https://intelka-shop.ru/proizvoditeli/systeme-electric/?section=19#
РЕВЕРСИВНЫЙ КОНТАКТОР MC2K 9A 1НЗ AC127V 50/60Hz;MC2K0901FC7;MC2K0901FC7;Под заказ;https://intelka-shop.ru/proizvoditeli/systeme-electric/?section=19#
РЕВЕРСИВНЫЙ КОНТАКТОР MC2K 9A 1НЗ AC110V 50/60Hz;MC2K0901F7;MC2K0901F7;В наличии;https://intelka-shop.ru/proizvoditeli/systeme-electric/?section=19#
РЕВЕРСИВНЫЙ КОНТАКТОР MC2K 9A 1НЗ AC48V 50/60Hz;MC2K0901E7;MC2K0901E7;В наличии;https://intelka-shop.ru/proizvoditeli/systeme-electric/?section=19#
РЕВЕРСИВНЫЙ КОНТАКТОР MC2K 9A 1НЗ AC36V 50/60Hz;MC2K0901C7;MC2K0901C7;Под заказ;https://intelka-shop.ru/proizvoditeli/systeme-electric/?section=19#
РЕВЕРСИВНЫЙ КОНТАКТОР MC2K 9A 1НЗ AC24V 50/60Hz;MC2K0901B7;MC2K0901B7;Под заказ;https://intelka-shop.ru/proizvoditeli/systeme-electric/?section=19#
РЕВЕРСИВНЫЙ КОНТАКТОР MC2K 6A 1НО AC400V 50/60Hz;MC2K0610V7;MC2K0610V7;Под заказ;https://intelka-shop.ru/proizvoditeli/systeme-electric/?section=19#
РЕВЕРСИВНЫЙ КОНТАКТОР MC2K 6A 1НО AC380V 50/60Hz;MC2K0610Q7;MC2K0610Q7;Под заказ;https://intelka-shop.ru/proizvoditeli/systeme-electric/?section=19#
РЕВЕРСИВНЫЙ КОНТАКТОР MC2K 6A 1НО AC230V 50/60Hz;MC2K0610P7;MC2K0610P7;В наличии;https://intelka-shop.ru/proizvoditeli/systeme-electric/?section=19#
РЕВЕРСИВНЫЙ КОНТАКТОР MC2K 6A 1НО AC220V 50/60Hz;MC2K0610M7;MC2K0610M7;В наличии;https://intelka-shop.ru/proizvoditeli/systeme-electric/?section=19#
РЕВЕРСИВНЫЙ КОНТАКТОР MC2K 6A 1НО AC127V 50/60Hz;MC2K0610FC7;MC2K0610FC7;Под заказ;https://intelka-shop.ru/proizvoditeli/systeme-electric/?section=19#
РЕВЕРСИВНЫЙ КОНТАКТОР MC2K 6A 1НО AC110V 50/60Hz;MC2K0610F7;MC2K0610F7;Под заказ;https://intelka-shop.ru/proizvoditeli/systeme-electric/?section=19#
РЕВЕРСИВНЫЙ КОНТАКТОР MC2K 6A 1НО AC48V 50/60Hz;MC2K0610E7;MC2K0610E7;Под заказ;https://intelka-shop.ru/proizvoditeli/systeme-electric/?section=19#
РЕВЕРСИВНЫЙ КОНТАКТОР MC2K 6A 1НО AC36V 50/60Hz;MC2K0610C7;MC2K0610C7;Под заказ;https://intelka-shop.ru/proizvoditeli/systeme-electric/?section=19#
РЕВЕРСИВНЫЙ КОНТАКТОР MC2K 6A 1НО AC24V 50/60Hz;MC2K0610B7;MC2K0610B7;В наличии;https://intelka-shop.ru/proizvoditeli/systeme-electric/?section=19#
РЕВЕРСИВНЫЙ КОНТАКТОР MC2K 6A 1НЗ AC400V 50/60Hz;MC2K0601V7;MC2K0601V7;Под заказ;https://intelka-shop.ru/proizvoditeli/systeme-electric/?section=19#
РЕВЕРСИВНЫЙ КОНТАКТОР MC2K 6A 1НЗ AC230V 50/60Hz;MC2K0601P7;MC2K0601P7;Под заказ;https://intelka-shop.ru/proizvoditeli/systeme-electric/?section=19#
РЕВЕРСИВНЫЙ КОНТАКТОР MC2K 6A 1НЗ AC127V 50/60Hz;MC2K0601FC7;MC2K0601FC7;Под заказ;https://intelka-shop.ru/proizvoditeli/systeme-electric/?section=19#
РЕВЕРСИВНЫЙ КОНТАКТОР MC2K 6A 1НЗ AC110V 50/60Hz;MC2K0601F7;MC2K0601F7;Под заказ;https://intelka-shop.ru/proizvoditeli/systeme-electric/?section=19#
РЕВЕРСИВНЫЙ КОНТАКТОР MC2K 6A 1НЗ AC48V 50/60Hz;MC2K0601E7;MC2K0601E7;В наличии;https://intelka-shop.ru/proizvoditeli/systeme-electric/?section=19#
РЕВЕРСИВНЫЙ КОНТАКТОР MC2K 6A 1НЗ AC36V 50/60Hz;MC2K0601C7;MC2K0601C7;Под заказ;https://intelka-shop.ru/proizvoditeli/systeme-electric/?section=19#
РЕВЕРСИВНЫЙ КОНТАКТОР MC2K 6A 1НЗ AC24V 50/60Hz;MC2K0601B7;MC2K0601B7;В наличии;https://intelka-shop.ru/proizvoditeli/systeme-electric/?section=19#
MC1K1610V7 - Контактор MC1K 16A 1НО AC 400V 50/60Hz;MC1K1610V7;MC1K1610V7;Под заказ;https://intelka-shop.ru/proizvoditeli/systeme-electric/?section=19#
MC1K1610Q7 - Контактор MC1K 16A 1НО AC 380V 50/60Hz;MC1K1610Q7;MC1K1610Q7;Под заказ;https://intelka-shop.ru/proizvoditeli/systeme-electric/?section=19#
MC1K1610P7 - Контактор MC1K 16A 1НО AC 230V 50/60Hz;MC1K1610P7;MC1K1610P7;Под заказ;https://intelka-shop.ru/proizvoditeli/systeme-electric/?section=19#
MC1K1610M7 - Контактор MC1K 16A 1НО AC 220V 50/60Hz;MC1K1610M7;MC1K1610M7;Под заказ;https://intelka-shop.ru/proizvoditeli/systeme-electric/?section=19#
MC1K1610FC7 - Контактор MC1K 16A 1НО AC 127V 50/60Hz;MC1K1610FC7;MC1K1610FC7;Под заказ;https://intelka-shop.ru/proizvoditeli/systeme-electric/?section=19#
MC1K1610F7 - Контактор MC1K 16A 1НО AC 110V 50/60Hz;MC1K1610F7;MC1K1610F7;В наличии;https://intelka-shop.ru/proizvoditeli/systeme-electric/?section=19#
MC1K1610E7 - Контактор MC1K 16A 1НО AC 48V 50/60Hz;MC1K1610E7;MC1K1610E7;Под заказ;https://intelka-shop.ru/proizvoditeli/systeme-electric/?section=19#
MC1K1610C7 - Контактор MC1K 16A 1НО AC 36V 50/60Hz;MC1K1610C7;MC1K1610C7;Под заказ;https://intelka-shop.ru/proizvoditeli/systeme-electric/?section=19#
MC1K1610B7 - Контактор MC1K 16A 1НО AC 24V 50/60Hz;MC1K1610B7;MC1K1610B7;В наличии;https://intelka-shop.ru/proizvoditeli/systeme-electric/?section=19#
MC1K1601V7 - Контактор MC1K 16A 1НЗ AC 400V 50/60Hz;MC1K1601V7;MC1K1601V7;Под заказ;https://intelka-shop.ru/proizvoditeli/systeme-electric/?section=19#
MC1K1601Q7 - Контактор MC1K 16A 1НЗ AC 380V 50/60Hz;MC1K1601Q7;MC1K1601Q7;Под заказ;https://intelka-shop.ru/proizvoditeli/systeme-electric/?section=19#
MC1K1601P7 - Контактор MC1K 16A 1НЗ AC 230V 50/60Hz;MC1K1601P7;MC1K1601P7;Под заказ;https://intelka-shop.ru/proizvoditeli/systeme-electric/?section=19#
MC1K1601M7 - Контактор MC1K 16A 1НЗ AC 220V 50/60Hz;MC1K1601M7;MC1K1601M7;Под заказ;https://intelka-shop.ru/proizvoditeli/systeme-electric/?section=19#
MC1K1601FC7 - Контактор MC1K 16A 1НЗ AC 127V 50/60Hz;MC1K1601FC7;MC1K1601FC7;Под заказ;https://intelka-shop.ru/proizvoditeli/systeme-electric/?section=19#
MC1K1601F7 - Контактор MC1K 16A 1НЗ AC 110V 50/60Hz;MC1K1601F7;MC1K1601F7;В наличии;https://intelka-shop.ru/proizvoditeli/systeme-electric/?section=19#
MC1K1601E7 - Контактор MC1K 16A 1НЗ AC 48V 50/60Hz;MC1K1601E7;MC1K1601E7;Под заказ;https://intelka-shop.ru/proizvoditeli/systeme-electric/?section=19#
MC1K1601C7 - Контактор MC1K 16A 1НЗ AC 36V 50/60Hz;MC1K1601C7;MC1K1601C7;Под заказ;https://intelka-shop.ru/proizvoditeli/systeme-electric/?section=19#
MC1K1601B7 - Контактор MC1K 16A 1НЗ AC 24V 50/60Hz;MC1K1601B7;MC1K1601B7;В наличии;https://intelka-shop.ru/proizvoditeli/systeme-electric/?section=19#
MC1K16008V7 - Контактор MC1K 4P(2НО+2НЗ) 16A AC 400V 50/60Hz;MC1K16008V7;MC1K16008V7;Под заказ;https://intelka-shop.ru/proizvoditeli/systeme-electric/?section=19#
MC1K16008Q7 - Контактор MC1K 4P(2НО+2НЗ) 16A AC 380V 50/60Hz;MC1K16008Q7;MC1K16008Q7;Под заказ;https://intelka-shop.ru/proizvoditeli/systeme-electric/?section=19#
MC1K16008P7 - Контактор MC1K 4P(2НО+2НЗ) 16A AC 230V 50/60Hz;MC1K16008P7;MC1K16008P7;В наличии;https://intelka-shop.ru/proizvoditeli/systeme-electric/?section=19#
MC1K16008M7 - Контактор MC1K 4P(2НО+2НЗ) 16A AC 220V 50/60Hz;MC1K16008M7;MC1K16008M7;В наличии;https://intelka-shop.ru/proizvoditeli/systeme-electric/?section=19#
MC1K16008FC7 - Контактор MC1K 4P(2НО+2НЗ) 16A AC 127V 50/60Hz;MC1K16008FC7;MC1K16008FC7;Под заказ;https://intelka-shop.ru/proizvoditeli/systeme-electric/?section=19#
MC1K16008F7 - Контактор MC1K 4P(2НО+2НЗ) 16A AC 110V 50/60Hz;MC1K16008F7;MC1K16008F7;Под заказ;https://intelka-shop.ru/proizvoditeli/systeme-electric/?section=19#
MC1K16008E7 - Контактор MC1K 4P(2НО+2НЗ) 16A AC 48V 50/60Hz;MC1K16008E7;MC1K16008E7;В наличии;https://intelka-shop.ru/proizvoditeli/systeme-electric/?section=19#
MC1K16008C7 - Контактор MC1K 4P(2НО+2НЗ) 16A AC 36V 50/60Hz;MC1K16008C7;MC1K16008C7;Под заказ;https://intelka-shop.ru/proizvoditeli/systeme-electric/?section=19#
MC1K16008B7 - Контактор MC1K 4P(2НО+2НЗ) 16A AC 24V 50/60Hz;MC1K16008B7;MC1K16008B7;Под заказ;https://intelka-shop.ru/proizvoditeli/systeme-electric/?section=19#
MC1K16004V7 - Контактор MC1K 4P(4НО) 16A AC 400V 50/60Hz;MC1K16004V7;MC1K16004V7;Под заказ;https://intelka-shop.ru/proizvoditeli/systeme-electric/?section=19#
MC1K16004Q7 - Контактор MC1K 4P(4НО) 16A AC 380V 50/60Hz;MC1K16004Q7;MC1K16004Q7;В наличии;https://intelka-shop.ru/proizvoditeli/systeme-electric/?section=19#
MC1K16004P7 - Контактор MC1K 4P(4НО) 16A AC 230V 50/60Hz;MC1K16004P7;MC1K16004P7;Под заказ;https://intelka-shop.ru/proizvoditeli/systeme-electric/?section=19#
MC1K16004M7 - Контактор MC1K 4P(4НО) 16A AC 220V 50/60Hz;MC1K16004M7;MC1K16004M7;Под заказ;https://intelka-shop.ru/proizvoditeli/systeme-electric/?section=19#
MC1K16004FC7 - Контактор MC1K 4P(4НО) 16A AC 127V 50/60Hz;MC1K16004FC7;MC1K16004FC7;Под заказ;https://intelka-shop.ru/proizvoditeli/systeme-electric/?section=19#
MC1K16004F7 - Контактор MC1K 4P(4НО) 16A AC 110V 50/60Hz;MC1K16004F7;MC1K16004F7;Под заказ;https://intelka-shop.ru/proizvoditeli/systeme-electric/?section=19#
MC1K16004E7 - Контактор MC1K 4P(4НО) 16A AC 48V 50/60Hz;MC1K16004E7;MC1K16004E7;Под заказ;https://intelka-shop.ru/proizvoditeli/systeme-electric/?section=19#
MC1K16004C7 - Контактор MC1K 4P(4НО) 16A AC 36V 50/60Hz;MC1K16004C7;MC1K16004C7;Под заказ;https://intelka-shop.ru/proizvoditeli/systeme-electric/?section=19#
MC1K16004B7 - Контактор MC1K 4P(4НО) 16A AC 24V 50/60Hz;MC1K16004B7;MC1K16004B7;В наличии;https://intelka-shop.ru/proizvoditeli/systeme-electric/?section=19#
MC1K1210V7 - Контактор MC1K 12A 1НО AC 400V 50/60Hz;MC1K1210V7;MC1K1210V7;Под заказ;https://intelka-shop.ru/proizvoditeli/systeme-electric/?section=19#
MC1K1210Q7 - Контактор MC1K 12A 1НО AC 380V 50/60Hz;MC1K1210Q7;MC1K1210Q7;Под заказ;https://intelka-shop.ru/proizvoditeli/systeme-electric/?section=19#
MC1K1210P7 - Контактор MC1K 12A 1НО AC 230V 50/60Hz;MC1K1210P7;MC1K1210P7;В наличии;https://intelka-shop.ru/proizvoditeli/systeme-electric/?section=19#
MC1K1210M7 - Контактор MC1K 12A 1НО AC 220V 50/60Hz;MC1K1210M7;MC1K1210M7;Под заказ;https://intelka-shop.ru/proizvoditeli/systeme-electric/?section=19#
MC1K1210FC7 - Контактор MC1K 12A 1НО AC 127V 50/60Hz;MC1K1210FC7;MC1K1210FC7;Под заказ;https://intelka-shop.ru/proizvoditeli/systeme-electric/?section=19#
MC1K1210F7 - Контактор MC1K 12A 1НО AC 110V 50/60Hz;MC1K1210F7;MC1K1210F7;Под заказ;https://intelka-shop.ru/proizvoditeli/systeme-electric/?section=19#
MC1K1210E7 - Контактор MC1K 12A 1НО AC 48V 50/60Hz;MC1K1210E7;MC1K1210E7;В наличии;https://intelka-shop.ru/proizvoditeli/systeme-electric/?section=19#
MC1K1210C7 - Контактор MC1K 12A 1НО AC 36V 50/60Hz;MC1K1210C7;MC1K1210C7;Под заказ;https://intelka-shop.ru/proizvoditeli/systeme-electric/?section=19#
MC1K1210B7 - Контактор MC1K 12A 1НО AC 24V 50/60Hz;MC1K1210B7;MC1K1210B7;В наличии;https://intelka-shop.ru/proizvoditeli/systeme-electric/?section=19#
MC1K1201V7 - Контактор MC1K 12A 1НЗ AC 400V 50/60Hz;MC1K1201V7;MC1K1201V7;Под заказ;https://intelka-shop.ru/proizvoditeli/systeme-electric/?section=19#
MC1K1201M7 - Контактор MC1K 12A 1НЗ AC 220V 50/60Hz;MC1K1201M7;MC1K1201M7;Под заказ;https://intelka-shop.ru/proizvoditeli/systeme-electric/?section=19#
MC1K1201FC7 - Контактор MC1K 12A 1НЗ AC 127V 50/60Hz;MC1K1201FC7;MC1K1201FC7;Под заказ;https://intelka-shop.ru/proizvoditeli/systeme-electric/?section=19#
MC1K1201F7 - Контактор MC1K 12A 1НЗ AC 110V 50/60Hz;MC1K1201F7;MC1K1201F7;Под заказ;https://intelka-shop.ru/proizvoditeli/systeme-electric/?section=19#
MC1K1201E7 - Контактор MC1K 12A 1НЗ AC 48V 50/60Hz;MC1K1201E7;MC1K1201E7;Под заказ;https://intelka-shop.ru/proizvoditeli/systeme-electric/?section=19#
MC1K1201C7 - Контактор MC1K 12A 1НЗ AC 36V 50/60Hz;MC1K1201C7;MC1K1201C7;Под заказ;https://intelka-shop.ru/proizvoditeli/systeme-electric/?section=19#
MC1K1201B7 - Контактор MC1K 12A 1НЗ AC 24V 50/60Hz;MC1K1201B7;MC1K1201B7;Под заказ;https://intelka-shop.ru/proizvoditeli/systeme-electric/?section=19#
MC1K12008V7 - Контактор MC1K 4P(2НО+2НЗ) 12A AC 400V 50/60Hz;MC1K12008V7;MC1K12008V7;Под заказ;https://intelka-shop.ru/proizvoditeli/systeme-electric/?section=19#
MC1K12008Q7 - Контактор MC1K 4P(2НО+2НЗ) 12A AC 380V 50/60Hz;MC1K12008Q7;MC1K12008Q7;Под заказ;https://intelka-shop.ru/proizvoditeli/systeme-electric/?section=19#
MC1K12008P7 - Контактор MC1K 4P(2НО+2НЗ) 12A AC 230V 50/60Hz;MC1K12008P7;MC1K12008P7;Под заказ;https://intelka-shop.ru/proizvoditeli/systeme-electric/?section=19#
MC1K12008F7 - Контактор MC1K 4P(2НО+2НЗ) 12A AC 110V 50/60Hz;MC1K12008F7;MC1K12008F7;В наличии;https://intelka-shop.ru/proizvoditeli/systeme-electric/?section=19#
MC1K12008C7 - Контактор MC1K 4P(2НО+2НЗ) 12A AC 36V 50/60Hz;MC1K12008C7;MC1K12008C7;Под заказ;https://intelka-shop.ru/proizvoditeli/systeme-electric/?section=19#
MC1K12008B7 - Контактор MC1K 4P(2НО+2НЗ) 12A AC 24V 50/60Hz;MC1K12008B7;MC1K12008B7;Под заказ;https://intelka-shop.ru/proizvoditeli/systeme-electric/?section=19#
MC1K12004V7 - Контактор MC1K 4P(4НО) 12A AC 400V 50/60Hz;MC1K12004V7;MC1K12004V7;Под заказ;https://intelka-shop.ru/proizvoditeli/systeme-electric/?section=19#
MC1K12004Q7 - Контактор MC1K 4P(4НО) 12A AC 380V 50/60Hz;MC1K12004Q7;MC1K12004Q7;Под заказ;https://intelka-shop.ru/proizvoditeli/systeme-electric/?section=19#
MC1K12004P7 - Контактор MC1K 4P(4НО) 12A AC 230V 50/60Hz;MC1K12004P7;MC1K12004P7;Под заказ;https://intelka-shop.ru/proizvoditeli/systeme-electric/?section=19#
MC1K12004M7 - Контактор MC1K 4P(4НО) 12A AC 220V 50/60Hz;MC1K12004M7;MC1K12004M7;Под заказ;https://intelka-shop.ru/proizvoditeli/systeme-electric/?section=19#
MC1K12004FC7 - Контактор MC1K 4P(4НО) 12A AC 127V 50/60Hz;MC1K12004FC7;MC1K12004FC7;Под заказ;https://intelka-shop.ru/proizvoditeli/systeme-electric/?section=19#
MC1K12004F7 - Контактор MC1K 4P(4НО) 12A AC 110V 50/60Hz;MC1K12004F7;MC1K12004F7;Под заказ;https://intelka-shop.ru/proizvoditeli/systeme-electric/?section=19#
MC1K12004E7 - Контактор MC1K 4P(4НО) 12A AC 48V 50/60Hz;MC1K12004E7;MC1K12004E7;В наличии;https://intelka-shop.ru/proizvoditeli/systeme-electric/?section=19#
MC1K12004C7 - Контактор MC1K 4P(4НО) 12A AC 36V 50/60Hz;MC1K12004C7;MC1K12004C7;Под заказ;https://intelka-shop.ru/proizvoditeli/systeme-electric/?section=19#
MC1K12004B7 - Контактор MC1K 4P(4НО) 12A AC 24V 50/60Hz;MC1K12004B7;MC1K12004B7;В наличии;https://intelka-shop.ru/proizvoditeli/systeme-electric/?section=19#
MC1K0910V7 - Контактор MC1K 9A 1НО AC 400V 50/60Hz;MC1K0910V7;MC1K0910V7;Под заказ;https://intelka-shop.ru/proizvoditeli/systeme-electric/?section=19#
MC1K0910Q7 - Контактор MC1K 9A 1НО AC 380V 50/60Hz;MC1K0910Q7;MC1K0910Q7;Под заказ;https://intelka-shop.ru/proizvoditeli/systeme-electric/?section=19#
MC1K0910P7 - Контактор MC1K 9A 1НО AC 230V 50/60Hz;MC1K0910P7;MC1K0910P7;Под заказ;https://intelka-shop.ru/proizvoditeli/systeme-electric/?section=19#
MC1K0910M7 - Контактор MC1K 9A 1НО AC 220V 50/60Hz;MC1K0910M7;MC1K0910M7;В наличии;https://intelka-shop.ru/proizvoditeli/systeme-electric/?section=19#
MC1K0910FC7 - Контактор MC1K 9A 1НО AC 127V 50/60Hz;MC1K0910FC7;MC1K0910FC7;Под заказ;https://intelka-shop.ru/proizvoditeli/systeme-electric/?section=19#
MC1K0910F7 - Контактор MC1K 9A 1НО AC 110V 50/60Hz;MC1K0910F7;MC1K0910F7;Под заказ;https://intelka-shop.ru/proizvoditeli/systeme-electric/?section=19#
MC1K0910C7 - Контактор MC1K 9A 1НО AC 36V 50/60Hz;MC1K0910C7;MC1K0910C7;Под заказ;https://intelka-shop.ru/proizvoditeli/systeme-electric/?section=19#
MC1K0910B7 - Контактор MC1K 9A 1НО AC 24V 50/60Hz;MC1K0910B7;MC1K0910B7;Под заказ;https://intelka-shop.ru/proizvoditeli/systeme-electric/?section=19#
MC1K0901V7 - Контактор MC1K 9A 1НЗ AC 400V 50/60Hz;MC1K0901V7;MC1K0901V7;Под заказ;https://intelka-shop.ru/proizvoditeli/systeme-electric/?section=19#
MC1K0901Q7 - Контактор MC1K 9A 1НЗ AC 380V 50/60Hz;MC1K0901Q7;MC1K0901Q7;В наличии;https://intelka-shop.ru/proizvoditeli/systeme-electric/?section=19#
MC1K0901P7 - Контактор MC1K 9A 1НЗ AC 230V 50/60Hz;MC1K0901P7;MC1K0901P7;В наличии;https://intelka-shop.ru/proizvoditeli/systeme-electric/?section=19#
MC1K0901M7 - Контактор MC1K 9A 1НЗ AC 220V 50/60Hz;MC1K0901M7;MC1K0901M7;В наличии;https://intelka-shop.ru/proizvoditeli/systeme-electric/?section=19#
MC1K0901FC7 - Контактор MC1K 9A 1НЗ AC 127V 50/60Hz;MC1K0901FC7;MC1K0901FC7;Под заказ;https://intelka-shop.ru/proizvoditeli/systeme-electric/?section=19#
MC1K0901F7 - Контактор MC1K 9A 1НЗ AC 110V 50/60Hz;MC1K0901F7;MC1K0901F7;Под заказ;https://intelka-shop.ru/proizvoditeli/systeme-electric/?section=19#
MC1K0901E7 - Контактор MC1K 9A 1НЗ AC 48V 50/60Hz;MC1K0901E7;MC1K0901E7;В наличии;https://intelka-shop.ru/proizvoditeli/systeme-electric/?section=19#
MC1K0901C7 - Контактор MC1K 9A 1НЗ AC 36V 50/60Hz;MC1K0901C7;MC1K0901C7;Под заказ;https://intelka-shop.ru/proizvoditeli/systeme-electric/?section=19#
MC1K0901B7 - Контактор MC1K 9A 1НЗ AC 24V 50/60Hz;MC1K0901B7;MC1K0901B7;В наличии;https://intelka-shop.ru/proizvoditeli/systeme-electric/?section=19#
MC1K09008V7 - Контактор MC1K 4P(2НО+2НЗ) 9A AC 400V 50/60Hz;MC1K09008V7;MC1K09008V7;Под заказ;https://intelka-shop.ru/proizvoditeli/systeme-electric/?section=19#
MC1K09008Q7 - Контактор MC1K 4P(2НО+2НЗ) 9A AC 380V 50/60Hz;MC1K09008Q7;MC1K09008Q7;В наличии;https://intelka-shop.ru/proizvoditeli/systeme-electric/?section=19#
MC1K09008M7 - Контактор MC1K 4P(2НО+2НЗ) 9A AC 220V 50/60Hz;MC1K09008M7;MC1K09008M7;Под заказ;https://intelka-shop.ru/proizvoditeli/systeme-electric/?section=19#
MC1K09008FC7 - Контактор MC1K 4P(2НО+2НЗ) 9A AC 127V 50/60Hz;MC1K09008FC7;MC1K09008FC7;В наличии;https://intelka-shop.ru/proizvoditeli/systeme-electric/?section=19#
MC1K09008F7 - Контактор MC1K 4P(2НО+2НЗ) 9A AC 110V 50/60Hz;MC1K09008F7;MC1K09008F7;В наличии;https://intelka-shop.ru/proizvoditeli/systeme-electric/?section=19#
MC1K09008C7 - Контактор MC1K 4P(2НО+2НЗ) 9A AC 36V 50/60Hz;MC1K09008C7;MC1K09008C7;Под заказ;https://intelka-shop.ru/proizvoditeli/systeme-electric/?section=19#
MC1K09008B7 - Контактор MC1K 4P(2НО+2НЗ) 9A AC 24V 50/60Hz;MC1K09008B7;MC1K09008B7;В наличии;https://intelka-shop.ru/proizvoditeli/systeme-electric/?section=19#
MC1K09004V7 - Контактор MC1K 4P(4НО) 9A AC 400V 50/60Hz;MC1K09004V7;MC1K09004V7;Под заказ;https://intelka-shop.ru/proizvoditeli/systeme-electric/?section=19#
MC1K09004Q7 - Контактор MC1K 4P(4НО) 9A AC 380V 50/60Hz;MC1K09004Q7;MC1K09004Q7;Под заказ;https://intelka-shop.ru/proizvoditeli/systeme-electric/?section=19#
MC1K09004P7 - Контактор MC1K 4P(4НО) 9A AC 230V 50/60Hz;MC1K09004P7;MC1K09004P7;Под заказ;https://intelka-shop.ru/proizvoditeli/systeme-electric/?section=19#
MC1K09004M7 - Контактор MC1K 4P(4НО) 9A AC 220V 50/60Hz;MC1K09004M7;MC1K09004M7;Под заказ;https://intelka-shop.ru/proizvoditeli/systeme-electric/?section=19#
MC1K09004FC7 - Контактор MC1K 4P(4НО) 9A AC 127V 50/60Hz;MC1K09004FC7;MC1K09004FC7;Под заказ;https://intelka-shop.ru/proizvoditeli/systeme-electric/?section=19#
MC1K09004F7 - Контактор MC1K 4P(4НО) 9A AC 110V 50/60Hz;MC1K09004F7;MC1K09004F7;Под заказ;https://intelka-shop.ru/proizvoditeli/systeme-electric/?section=19#
MC1K09004E7 - Контактор MC1K 4P(4НО) 9A AC 48V 50/60Hz;MC1K09004E7;MC1K09004E7;Под заказ;https://intelka-shop.ru/proizvoditeli/systeme-electric/?section=19#
MC1K09004C7 - Контактор MC1K 4P(4НО) 9A AC 36V 50/60Hz;MC1K09004C7;MC1K09004C7;Под заказ;https://intelka-shop.ru/proizvoditeli/systeme-electric/?section=19#
MC1K09004B7 - Контактор MC1K 4P(4НО) 9A AC 24V 50/60Hz;MC1K09004B7;MC1K09004B7;Под заказ;https://intelka-shop.ru/proizvoditeli/systeme-electric/?section=19#
MC1K0610V7 - Контактор MC1K 6A 1НО AC 400V 50/60Hz;MC1K0610V7;MC1K0610V7;Под заказ;https://intelka-shop.ru/proizvoditeli/systeme-electric/?section=19#
MC1K0610Q7 - Контактор MC1K 6A 1НО AC 380V 50/60Hz;MC1K0610Q7;MC1K0610Q7;Под заказ;https://intelka-shop.ru/proizvoditeli/systeme-electric/?section=19#
MC1K0610P7 - Контактор MC1K 6A 1НО AC 230V 50/60Hz;MC1K0610P7;MC1K0610P7;Под заказ;https://intelka-shop.ru/proizvoditeli/systeme-electric/?section=19#
MC1K0610M7 - Контактор MC1K 6A 1НО AC 220V 50/60Hz;MC1K0610M7;MC1K0610M7;Под заказ;https://intelka-shop.ru/proizvoditeli/systeme-electric/?section=19#
MC1K0610FC7 - Контактор MC1K 6A 1НО AC 127V 50/60Hz;MC1K0610FC7;MC1K0610FC7;Под заказ;https://intelka-shop.ru/proizvoditeli/systeme-electric/?section=19#
MC1K0610F7 - Контактор MC1K 6A 1НО AC 110V 50/60Hz;MC1K0610F7;MC1K0610F7;Под заказ;https://intelka-shop.ru/proizvoditeli/systeme-electric/?section=19#
MC1K0610E7 - Контактор MC1K 6A 1НО AC 48V 50/60Hz;MC1K0610E7;MC1K0610E7;Под заказ;https://intelka-shop.ru/proizvoditeli/systeme-electric/?section=19#
MC1K0610C7 - Контактор MC1K 6A 1НО AC 36V 50/60Hz;MC1K0610C7;MC1K0610C7;Под заказ;https://intelka-shop.ru/proizvoditeli/systeme-electric/?section=19#
MC1K0610B7 - Контактор MC1K 6A 1НО AC 24V 50/60Hz;MC1K0610B7;MC1K0610B7;Под заказ;https://intelka-shop.ru/proizvoditeli/systeme-electric/?section=19#
MC1K0601V7 - Контактор MC1K 6A 1НЗ AC 400V 50/60Hz;MC1K0601V7;MC1K0601V7;Под заказ;https://intelka-shop.ru/proizvoditeli/systeme-electric/?section=19#
MC1K0601Q7 - Контактор MC1K 6A 1НЗ AC 380V 50/60Hz;MC1K0601Q7;MC1K0601Q7;В наличии;https://intelka-shop.ru/proizvoditeli/systeme-electric/?section=19#
MC1K0601P7 - Контактор MC1K 6A 1НЗ AC 230V 50/60Hz;MC1K0601P7;MC1K0601P7;В наличии;https://intelka-shop.ru/proizvoditeli/systeme-electric/?section=19#
MC1K0601M7 - Контактор MC1K 6A 1НЗ AC 220V 50/60Hz;MC1K0601M7;MC1K0601M7;Под заказ;https://intelka-shop.ru/proizvoditeli/systeme-electric/?section=19#
MC1K0601FC7 - Контактор MC1K 6A 1НЗ AC 127V 50/60Hz;MC1K0601FC7;MC1K0601FC7;Под заказ;https://intelka-shop.ru/proizvoditeli/systeme-electric/?section=19#
MC1K0601F7 - Контактор MC1K 6A 1НЗ AC 110V 50/60Hz;MC1K0601F7;MC1K0601F7;Под заказ;https://intelka-shop.ru/proizvoditeli/systeme-electric/?section=19#
MC1K0601E7 - Контактор MC1K 6A 1НЗ AC 48V 50/60Hz;MC1K0601E7;MC1K0601E7;В наличии;https://intelka-shop.ru/proizvoditeli/systeme-electric/?section=19#
MC1K0601C7 - Контактор MC1K 6A 1НЗ AC 36V 50/60Hz;MC1K0601C7;MC1K0601C7;Под заказ;https://intelka-shop.ru/proizvoditeli/systeme-electric/?section=19#
MC1K0601B7 - Контактор MC1K 6A 1НЗ AC 24V 50/60Hz;MC1K0601B7;MC1K0601B7;В наличии;https://intelka-shop.ru/proizvoditeli/systeme-electric/?section=19#
MC1K06008V7 - Контактор MC1K 4P(2НО+2НЗ) 6A AC 400V 50/60Hz;MC1K06008V7;MC1K06008V7;Под заказ;https://intelka-shop.ru/proizvoditeli/systeme-electric/?section=19#
MC1K06008Q7 - Контактор MC1K 4P(2НО+2НЗ) 6A AC 380V 50/60Hz;MC1K06008Q7;MC1K06008Q7;Под заказ;https://intelka-shop.ru/proizvoditeli/systeme-electric/?section=19#
MC1K06008P7 - Контактор MC1K 4P(2НО+2НЗ) 6A AC 230V 50/60Hz;MC1K06008P7;MC1K06008P7;Под заказ;https://intelka-shop.ru/proizvoditeli/systeme-electric/?section=19#
MC1K06008M7 - Контактор MC1K 4P(2НО+2НЗ) 6A AC 220V 50/60Hz;MC1K06008M7;MC1K06008M7;В наличии;https://intelka-shop.ru/proizvoditeli/systeme-electric/?section=19#
MC1K06008FC7 - Контактор MC1K 4P(2НО+2НЗ) 6A AC 127V 50/60Hz;MC1K06008FC7;MC1K06008FC7;Под заказ;https://intelka-shop.ru/proizvoditeli/systeme-electric/?section=19#
MC1K06008F7 - Контактор MC1K 4P(2НО+2НЗ) 6A AC 110V 50/60Hz;MC1K06008F7;MC1K06008F7;Под заказ;https://intelka-shop.ru/proizvoditeli/systeme-electric/?section=19#
MC1K06008E7 - Контактор MC1K 4P(2НО+2НЗ) 6A AC 48V 50/60Hz;MC1K06008E7;MC1K06008E7;В наличии;https://intelka-shop.ru/proizvoditeli/systeme-electric/?section=19#
MC1K06008C7 - Контактор MC1K 4P(2НО+2НЗ) 6A AC 36V 50/60Hz;MC1K06008C7;MC1K06008C7;Под заказ;https://intelka-shop.ru/proizvoditeli/systeme-electric/?section=19#
MC1K06008B7 - Контактор MC1K 4P(2НО+2НЗ) 6A AC 24V 50/60Hz;MC1K06008B7;MC1K06008B7;Под заказ;https://intelka-shop.ru/proizvoditeli/systeme-electric/?section=19#
MC1K06004V7 - Контактор MC1K 4P(4НО) 6A AC 400V 50/60Hz;MC1K06004V7;MC1K06004V7;Под заказ;https://intelka-shop.ru/proizvoditeli/systeme-electric/?section=19#
MC1K06004Q7 - Контактор MC1K 4P(4НО) 6A AC 380V 50/60Hz;MC1K06004Q7;MC1K06004Q7;Под заказ;https://intelka-shop.ru/proizvoditeli/systeme-electric/?section=19#
MC1K06004P7 - Контактор MC1K 4P(4НО) 6A AC 230V 50/60Hz;MC1K06004P7;MC1K06004P7;Под заказ;https://intelka-shop.ru/proizvoditeli/systeme-electric/?section=19#
MC1K06004M7 - Контактор MC1K 4P(4НО) 6A AC 220V 50/60Hz;MC1K06004M7;MC1K06004M7;Под заказ;https://intelka-shop.ru/proizvoditeli/systeme-electric/?section=19#
MC1K06004FC7 - Контактор MC1K 4P(4НО) 6A AC 127V 50/60Hz;MC1K06004FC7;MC1K06004FC7;Под заказ;https://intelka-shop.ru/proizvoditeli/systeme-electric/?section=19#
MC1K06004E7 - Контактор MC1K 4P(4НО) 6A AC 48V 50/60Hz;MC1K06004E7;MC1K06004E7;Под заказ;https://intelka-shop.ru/proizvoditeli/systeme-electric/?section=19#
MC1K06004C7 - Контактор MC1K 4P(4НО) 6A AC 36V 50/60Hz;MC1K06004C7;MC1K06004C7;Под заказ;https://intelka-shop.ru/proizvoditeli/systeme-electric/?section=19#
MC1K06004B7 - Контактор MC1K 4P(4НО) 6A AC 24V 50/60Hz;MC1K06004B7;MC1K06004B7;Под заказ;https://intelka-shop.ru/proizvoditeli/systeme-electric/?section=19#
MP1K1610MUD - Контактор MP1K 16A 1НО DC 240V;MP1K1610MUD;MP1K1610MUD;Под заказ;https://intelka-shop.ru/proizvoditeli/systeme-electric/?section=19#
MP1K1610CD - Контактор MP1K 16A 1НО DC 36V;MP1K1610CD;MP1K1610CD;Под заказ;https://intelka-shop.ru/proizvoditeli/systeme-electric/?section=19#
MP1K1610BD - Контактор MP1K 16A 1НО DC 24V;MP1K1610BD;MP1K1610BD;Под заказ;https://intelka-shop.ru/proizvoditeli/systeme-electric/?section=19#
MP1K1601GD - Контактор MP1K 16A 1НЗ DC 125V;MP1K1601GD;MP1K1601GD;Под заказ;https://intelka-shop.ru/proizvoditeli/systeme-electric/?section=19#
MP1K16008MD - Контактор MP1K 4P(2НО+2НЗ) 16A DC 220V;MP1K16008MD;MP1K16008MD;Под заказ;https://intelka-shop.ru/proizvoditeli/systeme-electric/?section=19#
MP1K12008GD - Контактор MP1K 4P(2НО+2НЗ) 12A DC 125V;MP1K12008GD;MP1K12008GD;Под заказ;https://intelka-shop.ru/proizvoditeli/systeme-electric/?section=19#
MP1K12008BD - Контактор MP1K 4P(2НО+2НЗ) 12A DC 24V;MP1K12008BD;MP1K12008BD;В наличии;https://intelka-shop.ru/proizvoditeli/systeme-electric/?section=19#
MP1K1201BD - Контактор MP1K 12A 1НЗ DC 24V;MP1K1201BD;MP1K1201BD;Под заказ;https://intelka-shop.ru/proizvoditeli/systeme-electric/?section=19#
MP1K12004MD - Контактор MP1K 4P(4НО) 12A DC 220V;MP1K12004MD;MP1K12004MD;Под заказ;https://intelka-shop.ru/proizvoditeli/systeme-electric/?section=19#
MP1K0901BD - Контактор MP1K 9A 1НЗ DC 24V;MP1K0901BD;MP1K0901BD;Под заказ;https://intelka-shop.ru/proizvoditeli/systeme-electric/?section=19#
MP1K09008MUD - Контактор MP1K 4P(2НО+2НЗ) 9A DC 240V;MP1K09008MUD;MP1K09008MUD;Под заказ;https://intelka-shop.ru/proizvoditeli/systeme-electric/?section=19#
MP1K0601JD - Контактор MP1K 6A 1НЗ DC 12V;MP1K0601JD;MP1K0601JD;Под заказ;https://intelka-shop.ru/proizvoditeli/systeme-electric/?section=19#
MP1K06004BD - Контактор MP1K 4P(4НО) 6A DC 24V;MP1K06004BD;MP1K06004BD;В наличии;https://intelka-shop.ru/proizvoditeli/systeme-electric/?section=19#
РЕВЕРСИВНЫЙ КОНТАКТОР MC2K 16A 1НО AC110V 50/60Hz;MC2K1610F7;MC2K1610F7;Под заказ;https://intelka-shop.ru/proizvoditeli/systeme-electric/?section=19#
РЕВЕРСИВНЫЙ КОНТАКТОР MC2K 16A 1НО AC48V 50/60Hz;MC2K1610E7;MC2K1610E7;Под заказ;https://intelka-shop.ru/proizvoditeli/systeme-electric/?section=19#
РЕВЕРСИВНЫЙ КОНТАКТОР MC2K 12A 1НЗ AC48V 50/60Hz;MC2K1201E7;MC2K1201E7;В наличии;https://intelka-shop.ru/proizvoditeli/systeme-electric/?section=19#
РЕВЕРСИВНЫЙ КОНТАКТОР MC2K 12A 1НЗ AC24V 50/60Hz;MC2K1201B7;MC2K1201B7;В наличии;https://intelka-shop.ru/proizvoditeli/systeme-electric/?section=19#
РЕВЕРСИВНЫЙ КОНТАКТОР MC2K 9A 1НО AC400V 50/60Hz;MC2K0910V7;MC2K0910V7;Под заказ;https://intelka-shop.ru/proizvoditeli/systeme-electric/?section=19#
РЕВЕРСИВНЫЙ КОНТАКТОР MC2K 9A 1НО AC230V 50/60Hz;MC2K0910P7;MC2K0910P7;В наличии;https://intelka-shop.ru/proizvoditeli/systeme-electric/?section=19#
РЕВЕРСИВНЫЙ КОНТАКТОР MC2K 6A 1НЗ AC380V 50/60Hz;MC2K0601Q7;MC2K0601Q7;Под заказ;https://intelka-shop.ru/proizvoditeli/systeme-electric/?section=19#
РЕВЕРСИВНЫЙ КОНТАКТОР MC2K 6A 1НЗ AC220V 50/60Hz;MC2K0601M7;MC2K0601M7;Под заказ;https://intelka-shop.ru/proizvoditeli/systeme-electric/?section=19#
MC1K1201Q7 - Контактор MC1K 12A 1НЗ AC 380V 50/60Hz;MC1K1201Q7;MC1K1201Q7;Под заказ;https://intelka-shop.ru/proizvoditeli/systeme-electric/?section=19#
MC1K1201P7 - Контактор MC1K 12A 1НЗ AC 230V 50/60Hz;MC1K1201P7;MC1K1201P7;Под заказ;https://intelka-shop.ru/proizvoditeli/systeme-electric/?section=19#
MC1K12008M7 - Контактор MC1K 4P(2НО+2НЗ) 12A AC 220V 50/60Hz;MC1K12008M7;MC1K12008M7;Под заказ;https://intelka-shop.ru/proizvoditeli/systeme-electric/?section=19#
MC1K12008FC7 - Контактор MC1K 4P(2НО+2НЗ) 12A AC 127V 50/60Hz;MC1K12008FC7;MC1K12008FC7;Под заказ;https://intelka-shop.ru/proizvoditeli/systeme-electric/?section=19#
MC1K12008E7 - Контактор MC1K 4P(2НО+2НЗ) 12A AC 48V 50/60Hz;MC1K12008E7;MC1K12008E7;Под заказ;https://intelka-shop.ru/proizvoditeli/systeme-electric/?section=19#
MC1K0910E7 - Контактор MC1K 9A 1НО AC 48V 50/60Hz;MC1K0910E7;MC1K0910E7;Под заказ;https://intelka-shop.ru/proizvoditeli/systeme-electric/?section=19#
MC1K09008P7 - Контактор MC1K 4P(2НО+2НЗ) 9A AC 230V 50/60Hz;MC1K09008P7;MC1K09008P7;В наличии;https://intelka-shop.ru/proizvoditeli/systeme-electric/?section=19#
MC1K09008E7 - Контактор MC1K 4P(2НО+2НЗ) 9A AC 48V 50/60Hz;MC1K09008E7;MC1K09008E7;В наличии;https://intelka-shop.ru/proizvoditeli/systeme-electric/?section=19#
MC1K06004F7 - Контактор MC1K 4P(4НО) 6A AC 110V 50/60Hz;MC1K06004F7;MC1K06004F7;Под заказ;https://intelka-shop.ru/proizvoditeli/systeme-electric/?section=19#
MP1K1610MD - Контактор MP1K 16A 1НО DC 220V;MP1K1610MD;MP1K1610MD;В наличии;https://intelka-shop.ru/proizvoditeli/systeme-electric/?section=19#
MP1K1610JD - Контактор MP1K 16A 1НО DC 12V;MP1K1610JD;MP1K1610JD;Под заказ;https://intelka-shop.ru/proizvoditeli/systeme-electric/?section=19#
MP1K1610GD - Контактор MP1K 16A 1НО DC 125V;MP1K1610GD;MP1K1610GD;Под заказ;https://intelka-shop.ru/proizvoditeli/systeme-electric/?section=19#
MP1K1610FD - Контактор MP1K 16A 1НО DC 110V;MP1K1610FD;MP1K1610FD;Под заказ;https://intelka-shop.ru/proizvoditeli/systeme-electric/?section=19#
MP1K1610ED - Контактор MP1K 16A 1НО DC 48V;MP1K1610ED;MP1K1610ED;В наличии;https://intelka-shop.ru/proizvoditeli/systeme-electric/?section=19#
MP1K1601MUD - Контактор MP1K 16A 1НЗ DC 240V;MP1K1601MUD;MP1K1601MUD;Под заказ;https://intelka-shop.ru/proizvoditeli/systeme-electric/?section=19#
MP1K1601MD - Контактор MP1K 16A 1НЗ DC 220V;MP1K1601MD;MP1K1601MD;Под заказ;https://intelka-shop.ru/proizvoditeli/systeme-electric/?section=19#
MP1K1601JD - Контактор MP1K 16A 1НЗ DC 12V;MP1K1601JD;MP1K1601JD;Под заказ;https://intelka-shop.ru/proizvoditeli/systeme-electric/?section=19#
MP1K1601FD - Контактор MP1K 16A 1НЗ DC 110V;MP1K1601FD;MP1K1601FD;В наличии;https://intelka-shop.ru/proizvoditeli/systeme-electric/?section=19#
MP1K1601ED - Контактор MP1K 16A 1НЗ DC 48V;MP1K1601ED;MP1K1601ED;Под заказ;https://intelka-shop.ru/proizvoditeli/systeme-electric/?section=19#
MP1K1601CD - Контактор MP1K 16A 1НЗ DC 36V;MP1K1601CD;MP1K1601CD;Под заказ;https://intelka-shop.ru/proizvoditeli/systeme-electric/?section=19#
MP1K1601BD - Контактор MP1K 16A 1НЗ DC 24V;MP1K1601BD;MP1K1601BD;Под заказ;https://intelka-shop.ru/proizvoditeli/systeme-electric/?section=19#
MP1K16008MUD - Контактор MP1K 4P(2НО+2НЗ) 16A DC 240V;MP1K16008MUD;MP1K16008MUD;Под заказ;https://intelka-shop.ru/proizvoditeli/systeme-electric/?section=19#
MP1K16008JD - Контактор MP1K 4P(2НО+2НЗ) 16A DC 12V;MP1K16008JD;MP1K16008JD;Под заказ;https://intelka-shop.ru/proizvoditeli/systeme-electric/?section=19#
MP1K16008GD - Контактор MP1K 4P(2НО+2НЗ) 16A DC 125V;MP1K16008GD;MP1K16008GD;Под заказ;https://intelka-shop.ru/proizvoditeli/systeme-electric/?section=19#
MP1K16008FD - Контактор MP1K 4P(2НО+2НЗ) 16A DC 110V;MP1K16008FD;MP1K16008FD;Под заказ;https://intelka-shop.ru/proizvoditeli/systeme-electric/?section=19#
MP1K16008ED - Контактор MP1K 4P(2НО+2НЗ) 16A DC 48V;MP1K16008ED;MP1K16008ED;В наличии;https://intelka-shop.ru/proizvoditeli/systeme-electric/?section=19#
MP1K16008CD - Контактор MP1K 4P(2НО+2НЗ) 16A DC 36V;MP1K16008CD;MP1K16008CD;Под заказ;https://intelka-shop.ru/proizvoditeli/systeme-electric/?section=19#
MP1K16008BD - Контактор MP1K 4P(2НО+2НЗ) 16A DC 24V;MP1K16008BD;MP1K16008BD;Под заказ;https://intelka-shop.ru/proizvoditeli/systeme-electric/?section=19#
MP1K16004MUD - Контактор MP1K 4P(4НО) 16A DC 240V;MP1K16004MUD;MP1K16004MUD;Под заказ;https://intelka-shop.ru/proizvoditeli/systeme-electric/?section=19#
MP1K16004MD - Контактор MP1K 4P(4НО) 16A DC 220V;MP1K16004MD;MP1K16004MD;В наличии;https://intelka-shop.ru/proizvoditeli/systeme-electric/?section=19#
MP1K16004JD - Контактор MP1K 4P(4НО) 16A DC 12V;MP1K16004JD;MP1K16004JD;Под заказ;https://intelka-shop.ru/proizvoditeli/systeme-electric/?section=19#
MP1K16004GD - Контактор MP1K 4P(4НО) 16A DC 125V;MP1K16004GD;MP1K16004GD;Под заказ;https://intelka-shop.ru/proizvoditeli/systeme-electric/?section=19#
MP1K16004FD - Контактор MP1K 4P(4НО) 16A DC 110V;MP1K16004FD;MP1K16004FD;Под заказ;https://intelka-shop.ru/proizvoditeli/systeme-electric/?section=19#
MP1K16004ED - Контактор MP1K 4P(4НО) 16A DC 48V;MP1K16004ED;MP1K16004ED;Под заказ;https://intelka-shop.ru/proizvoditeli/systeme-electric/?section=19#
MP1K16004CD - Контактор MP1K 4P(4НО) 16A DC 36V;MP1K16004CD;MP1K16004CD;Под заказ;https://intelka-shop.ru/proizvoditeli/systeme-electric/?section=19#
MP1K16004BD - Контактор MP1K 4P(4НО) 16A DC 24V;MP1K16004BD;MP1K16004BD;Под заказ;https://intelka-shop.ru/proizvoditeli/systeme-electric/?section=19#
MP1K1210MUD - Контактор MP1K 12A 1НО DC 240V;MP1K1210MUD;MP1K1210MUD;Под заказ;https://intelka-shop.ru/proizvoditeli/systeme-electric/?section=19#
MP1K1210MD - Контактор MP1K 12A 1НО DC 220V;MP1K1210MD;MP1K1210MD;Под заказ;https://intelka-shop.ru/proizvoditeli/systeme-electric/?section=19#
MP1K1210JD - Контактор MP1K 12A 1НО DC 12V;MP1K1210JD;MP1K1210JD;Под заказ;https://intelka-shop.ru/proizvoditeli/systeme-electric/?section=19#
MP1K1210GD - Контактор MP1K 12A 1НО DC 125V;MP1K1210GD;MP1K1210GD;Под заказ;https://intelka-shop.ru/proizvoditeli/systeme-electric/?section=19#
MP1K1210FD - Контактор MP1K 12A 1НО DC 110V;MP1K1210FD;MP1K1210FD;Под заказ;https://intelka-shop.ru/proizvoditeli/systeme-electric/?section=19#
MP1K1210ED - Контактор MP1K 12A 1НО DC 48V;MP1K1210ED;MP1K1210ED;Под заказ;https://intelka-shop.ru/proizvoditeli/systeme-electric/?section=19#
MP1K1210CD - Контактор MP1K 12A 1НО DC 36V;MP1K1210CD;MP1K1210CD;Под заказ;https://intelka-shop.ru/proizvoditeli/systeme-electric/?section=19#
MP1K1210BD - Контактор MP1K 12A 1НО DC 24V;MP1K1210BD;MP1K1210BD;Под заказ;https://intelka-shop.ru/proizvoditeli/systeme-electric/?section=19#
MP1K1201MUD - Контактор MP1K 12A 1НЗ DC 240V;MP1K1201MUD;MP1K1201MUD;Под заказ;https://intelka-shop.ru/proizvoditeli/systeme-electric/?section=19#
MP1K1201MD - Контактор MP1K 12A 1НЗ DC 220V;MP1K1201MD;MP1K1201MD;Под заказ;https://intelka-shop.ru/proizvoditeli/systeme-electric/?section=19#
MP1K1201JD - Контактор MP1K 12A 1НЗ DC 12V;MP1K1201JD;MP1K1201JD;Под заказ;https://intelka-shop.ru/proizvoditeli/systeme-electric/?section=19#
MP1K1201GD - Контактор MP1K 12A 1НЗ DC 125V;MP1K1201GD;MP1K1201GD;Под заказ;https://intelka-shop.ru/proizvoditeli/systeme-electric/?section=19#
MP1K1201FD - Контактор MP1K 12A 1НЗ DC 110V;MP1K1201FD;MP1K1201FD;Под заказ;https://intelka-shop.ru/proizvoditeli/systeme-electric/?section=19#
MP1K1201ED - Контактор MP1K 12A 1НЗ DC 48V;MP1K1201ED;MP1K1201ED;В наличии;https://intelka-shop.ru/proizvoditeli/systeme-electric/?section=19#
MP1K1201CD - Контактор MP1K 12A 1НЗ DC 36V;MP1K1201CD;MP1K1201CD;Под заказ;https://intelka-shop.ru/proizvoditeli/systeme-electric/?section=19#
MP1K12008MUD - Контактор MP1K 4P(2НО+2НЗ) 12A DC 240V;MP1K12008MUD;MP1K12008MUD;Под заказ;https://intelka-shop.ru/proizvoditeli/systeme-electric/?section=19#
MP1K12008MD - Контактор MP1K 4P(2НО+2НЗ) 12A DC 220V;MP1K12008MD;MP1K12008MD;Под заказ;https://intelka-shop.ru/proizvoditeli/systeme-electric/?section=19#
MP1K12008JD - Контактор MP1K 4P(2НО+2НЗ) 12A DC 12V;MP1K12008JD;MP1K12008JD;Под заказ;https://intelka-shop.ru/proizvoditeli/systeme-electric/?section=19#
MP1K12008FD - Контактор MP1K 4P(2НО+2НЗ) 12A DC 110V;MP1K12008FD;MP1K12008FD;Под заказ;https://intelka-shop.ru/proizvoditeli/systeme-electric/?section=19#
MP1K12008ED - Контактор MP1K 4P(2НО+2НЗ) 12A DC 48V;MP1K12008ED;MP1K12008ED;Под заказ;https://intelka-shop.ru/proizvoditeli/systeme-electric/?section=19#
MP1K12008CD - Контактор MP1K 4P(2НО+2НЗ) 12A DC 36V;MP1K12008CD;MP1K12008CD;Под заказ;https://intelka-shop.ru/proizvoditeli/systeme-electric/?section=19#
MP1K12004MUD - Контактор MP1K 4P(4НО) 12A DC 240V;MP1K12004MUD;MP1K12004MUD;Под заказ;https://intelka-shop.ru/proizvoditeli/systeme-electric/?section=19#
MP1K12004JD - Контактор MP1K 4P(4НО) 12A DC 12V;MP1K12004JD;MP1K12004JD;Под заказ;https://intelka-shop.ru/proizvoditeli/systeme-electric/?section=19#
MP1K12004GD - Контактор MP1K 4P(4НО) 12A DC 125V;MP1K12004GD;MP1K12004GD;Под заказ;https://intelka-shop.ru/proizvoditeli/systeme-electric/?section=19#
MP1K12004FD - Контактор MP1K 4P(4НО) 12A DC 110V;MP1K12004FD;MP1K12004FD;Под заказ;https://intelka-shop.ru/proizvoditeli/systeme-electric/?section=19#
MP1K12004ED - Контактор MP1K 4P(4НО) 12A DC 48V;MP1K12004ED;MP1K12004ED;Под заказ;https://intelka-shop.ru/proizvoditeli/systeme-electric/?section=19#
MP1K12004CD - Контактор MP1K 4P(4НО) 12A DC 36V;MP1K12004CD;MP1K12004CD;Под заказ;https://intelka-shop.ru/proizvoditeli/systeme-electric/?section=19#
MP1K12004BD - Контактор MP1K 4P(4НО) 12A DC 24V;MP1K12004BD;MP1K12004BD;Под заказ;https://intelka-shop.ru/proizvoditeli/systeme-electric/?section=19#
MP1K0910MUD - Контактор MP1K 9A 1НО DC 240V;MP1K0910MUD;MP1K0910MUD;Под заказ;https://intelka-shop.ru/proizvoditeli/systeme-electric/?section=19#
MP1K0910MD - Контактор MP1K 9A 1НО DC 220V;MP1K0910MD;MP1K0910MD;Под заказ;https://intelka-shop.ru/proizvoditeli/systeme-electric/?section=19#
MP1K0910JD - Контактор MP1K 9A 1НО DC 12V;MP1K0910JD;MP1K0910JD;Под заказ;https://intelka-shop.ru/proizvoditeli/systeme-electric/?section=19#
MP1K0910GD - Контактор MP1K 9A 1НО DC 125V;MP1K0910GD;MP1K0910GD;Под заказ;https://intelka-shop.ru/proizvoditeli/systeme-electric/?section=19#
MP1K0910FD - Контактор MP1K 9A 1НО DC 110V;MP1K0910FD;MP1K0910FD;В наличии;https://intelka-shop.ru/proizvoditeli/systeme-electric/?section=19#
MP1K0910ED - Контактор MP1K 9A 1НО DC 48V;MP1K0910ED;MP1K0910ED;В наличии;https://intelka-shop.ru/proizvoditeli/systeme-electric/?section=19#
MP1K0910CD - Контактор MP1K 9A 1НО DC 36V;MP1K0910CD;MP1K0910CD;Под заказ;https://intelka-shop.ru/proizvoditeli/systeme-electric/?section=19#
MP1K0910BD - Контактор MP1K 9A 1НО DC 24V;MP1K0910BD;MP1K0910BD;Под заказ;https://intelka-shop.ru/proizvoditeli/systeme-electric/?section=19#
MP1K0901MUD - Контактор MP1K 9A 1НЗ DC 240V;MP1K0901MUD;MP1K0901MUD;Под заказ;https://intelka-shop.ru/proizvoditeli/systeme-electric/?section=19#
MP1K0901MD - Контактор MP1K 9A 1НЗ DC 220V;MP1K0901MD;MP1K0901MD;Под заказ;https://intelka-shop.ru/proizvoditeli/systeme-electric/?section=19#
MP1K0901JD - Контактор MP1K 9A 1НЗ DC 12V;MP1K0901JD;MP1K0901JD;Под заказ;https://intelka-shop.ru/proizvoditeli/systeme-electric/?section=19#
MP1K0901GD - Контактор MP1K 9A 1НЗ DC 125V;MP1K0901GD;MP1K0901GD;Под заказ;https://intelka-shop.ru/proizvoditeli/systeme-electric/?section=19#
MP1K0901FD - Контактор MP1K 9A 1НЗ DC 110V;MP1K0901FD;MP1K0901FD;Под заказ;https://intelka-shop.ru/proizvoditeli/systeme-electric/?section=19#
MP1K0901ED - Контактор MP1K 9A 1НЗ DC 48V;MP1K0901ED;MP1K0901ED;Под заказ;https://intelka-shop.ru/proizvoditeli/systeme-electric/?section=19#
MP1K0901CD - Контактор MP1K 9A 1НЗ DC 36V;MP1K0901CD;MP1K0901CD;Под заказ;https://intelka-shop.ru/proizvoditeli/systeme-electric/?section=19#
MP1K09008MD - Контактор MP1K 4P(2НО+2НЗ) 9A DC 220V;MP1K09008MD;MP1K09008MD;Под заказ;https://intelka-shop.ru/proizvoditeli/systeme-electric/?section=19#
MP1K09008JD - Контактор MP1K 4P(2НО+2НЗ) 9A DC 12V;MP1K09008JD;MP1K09008JD;Под заказ;https://intelka-shop.ru/proizvoditeli/systeme-electric/?section=19#
MP1K09008GD - Контактор MP1K 4P(2НО+2НЗ) 9A DC 125V;MP1K09008GD;MP1K09008GD;Под заказ;https://intelka-shop.ru/proizvoditeli/systeme-electric/?section=19#
MP1K09008FD - Контактор MP1K 4P(2НО+2НЗ) 9A DC 110V;MP1K09008FD;MP1K09008FD;В наличии;https://intelka-shop.ru/proizvoditeli/systeme-electric/?section=19#
MP1K09008ED - Контактор MP1K 4P(2НО+2НЗ) 9A DC 48V;MP1K09008ED;MP1K09008ED;Под заказ;https://intelka-shop.ru/proizvoditeli/systeme-electric/?section=19#
MP1K09008CD - Контактор MP1K 4P(2НО+2НЗ) 9A DC 36V;MP1K09008CD;MP1K09008CD;Под заказ;https://intelka-shop.ru/proizvoditeli/systeme-electric/?section=19#
MP1K09008BD - Контактор MP1K 4P(2НО+2НЗ) 9A DC 24V;MP1K09008BD;MP1K09008BD;Под заказ;https://intelka-shop.ru/proizvoditeli/systeme-electric/?section=19#
MP1K09004MUD - Контактор MP1K 4P(4НО) 9A DC 240V;MP1K09004MUD;MP1K09004MUD;Под заказ;https://intelka-shop.ru/proizvoditeli/systeme-electric/?section=19#
MP1K09004MD - Контактор MP1K 4P(4НО) 9A DC 220V;MP1K09004MD;MP1K09004MD;В наличии;https://intelka-shop.ru/proizvoditeli/systeme-electric/?section=19#
MP1K09004JD - Контактор MP1K 4P(4НО) 9A DC 12V;MP1K09004JD;MP1K09004JD;В наличии;https://intelka-shop.ru/proizvoditeli/systeme-electric/?section=19#
MP1K09004GD - Контактор MP1K 4P(4НО) 9A DC 125V;MP1K09004GD;MP1K09004GD;Под заказ;https://intelka-shop.ru/proizvoditeli/systeme-electric/?section=19#
MP1K09004FD - Контактор MP1K 4P(4НО) 9A DC 110V;MP1K09004FD;MP1K09004FD;В наличии;https://intelka-shop.ru/proizvoditeli/systeme-electric/?section=19#
MP1K09004ED - Контактор MP1K 4P(4НО) 9A DC 48V;MP1K09004ED;MP1K09004ED;Под заказ;https://intelka-shop.ru/proizvoditeli/systeme-electric/?section=19#
MP1K09004CD - Контактор MP1K 4P(4НО) 9A DC 36V;MP1K09004CD;MP1K09004CD;Под заказ;https://intelka-shop.ru/proizvoditeli/systeme-electric/?section=19#
MP1K09004BD - Контактор MP1K 4P(4НО) 9A DC 24V;MP1K09004BD;MP1K09004BD;Под заказ;https://intelka-shop.ru/proizvoditeli/systeme-electric/?section=19#
MP1K0610MUD - Контактор MP1K 6A 1НО DC 240V;MP1K0610MUD;MP1K0610MUD;Под заказ;https://intelka-shop.ru/proizvoditeli/systeme-electric/?section=19#
MP1K0610MD - Контактор MP1K 6A 1НО DC 220V;MP1K0610MD;MP1K0610MD;Под заказ;https://intelka-shop.ru/proizvoditeli/systeme-electric/?section=19#
MP1K0610JD - Контактор MP1K 6A 1НО DC 12V;MP1K0610JD;MP1K0610JD;Под заказ;https://intelka-shop.ru/proizvoditeli/systeme-electric/?section=19#
MP1K0610GD - Контактор MP1K 6A 1НО DC 125V;MP1K0610GD;MP1K0610GD;Под заказ;https://intelka-shop.ru/proizvoditeli/systeme-electric/?section=19#
MP1K0610FD - Контактор MP1K 6A 1НО DC 110V;MP1K0610FD;MP1K0610FD;Под заказ;https://intelka-shop.ru/proizvoditeli/systeme-electric/?section=19#
MP1K0610ED - Контактор MP1K 6A 1НО DC 48V;MP1K0610ED;MP1K0610ED;В наличии;https://intelka-shop.ru/proizvoditeli/systeme-electric/?section=19#
MP1K0610CD - Контактор MP1K 6A 1НО DC 36V;MP1K0610CD;MP1K0610CD;Под заказ;https://intelka-shop.ru/proizvoditeli/systeme-electric/?section=19#
MP1K0610BD - Контактор MP1K 6A 1НО DC 24V;MP1K0610BD;MP1K0610BD;Под заказ;https://intelka-shop.ru/proizvoditeli/systeme-electric/?section=19#
MP1K0601MUD - Контактор MP1K 6A 1НЗ DC 240V;MP1K0601MUD;MP1K0601MUD;Под заказ;https://intelka-shop.ru/proizvoditeli/systeme-electric/?section=19#
MP1K0601MD - Контактор MP1K 6A 1НЗ DC 220V;MP1K0601MD;MP1K0601MD;Под заказ;https://intelka-shop.ru/proizvoditeli/systeme-electric/?section=19#
MP1K0601GD - Контактор MP1K 6A 1НЗ DC 125V;MP1K0601GD;MP1K0601GD;Под заказ;https://intelka-shop.ru/proizvoditeli/systeme-electric/?section=19#
MP1K0601FD - Контактор MP1K 6A 1НЗ DC 110V;MP1K0601FD;MP1K0601FD;Под заказ;https://intelka-shop.ru/proizvoditeli/systeme-electric/?section=19#
MP1K0601ED - Контактор MP1K 6A 1НЗ DC 48V;MP1K0601ED;MP1K0601ED;Под заказ;https://intelka-shop.ru/proizvoditeli/systeme-electric/?section=19#
MP1K0601CD - Контактор MP1K 6A 1НЗ DC 36V;MP1K0601CD;MP1K0601CD;Под заказ;https://intelka-shop.ru/proizvoditeli/systeme-electric/?section=19#
MP1K0601BD - Контактор MP1K 6A 1НЗ DC 24V;MP1K0601BD;MP1K0601BD;В наличии;https://intelka-shop.ru/proizvoditeli/systeme-electric/?section=19#
MP1K06008MUD - Контактор MP1K 4P(2НО+2НЗ) 6A DC 240V;MP1K06008MUD;MP1K06008MUD;Под заказ;https://intelka-shop.ru/proizvoditeli/systeme-electric/?section=19#
MP1K06008MD - Контактор MP1K 4P(2НО+2НЗ) 6A DC 220V;MP1K06008MD;MP1K06008MD;Под заказ;https://intelka-shop.ru/proizvoditeli/systeme-electric/?section=19#
MP1K06008JD - Контактор MP1K 4P(2НО+2НЗ) 6A DC 12V;MP1K06008JD;MP1K06008JD;Под заказ;https://intelka-shop.ru/proizvoditeli/systeme-electric/?section=19#
MP1K06008GD - Контактор MP1K 4P(2НО+2НЗ) 6A DC 125V;MP1K06008GD;MP1K06008GD;Под заказ;https://intelka-shop.ru/proizvoditeli/systeme-electric/?section=19#
MP1K06008FD - Контактор MP1K 4P(2НО+2НЗ) 6A DC 110V;MP1K06008FD;MP1K06008FD;Под заказ;https://intelka-shop.ru/proizvoditeli/systeme-electric/?section=19#
MP1K06008ED - Контактор MP1K 4P(2НО+2НЗ) 6A DC 48V;MP1K06008ED;MP1K06008ED;Под заказ;https://intelka-shop.ru/proizvoditeli/systeme-electric/?section=19#
MP1K06008CD - Контактор MP1K 4P(2НО+2НЗ) 6A DC 36V;MP1K06008CD;MP1K06008CD;Под заказ;https://intelka-shop.ru/proizvoditeli/systeme-electric/?section=19#
MP1K06008BD - Контактор MP1K 4P(2НО+2НЗ) 6A DC 24V;MP1K06008BD;MP1K06008BD;В наличии;https://intelka-shop.ru/proizvoditeli/systeme-electric/?section=19#
MP1K06004MUD - Контактор MP1K 4P(4НО) 6A DC 240V;MP1K06004MUD;MP1K06004MUD;Под заказ;https://intelka-shop.ru/proizvoditeli/systeme-electric/?section=19#
MP1K06004MD - Контактор MP1K 4P(4НО) 6A DC 220V;MP1K06004MD;MP1K06004MD;Под заказ;https://intelka-shop.ru/proizvoditeli/systeme-electric/?section=19#
MP1K06004JD - Контактор MP1K 4P(4НО) 6A DC 12V;MP1K06004JD;MP1K06004JD;Под заказ;https://intelka-shop.ru/proizvoditeli/systeme-electric/?section=19#
MP1K06004GD - Контактор MP1K 4P(4НО) 6A DC 125V;MP1K06004GD;MP1K06004GD;Под заказ;https://intelka-shop.ru/proizvoditeli/systeme-electric/?section=19#
MP1K06004FD - Контактор MP1K 4P(4НО) 6A DC 110V;MP1K06004FD;MP1K06004FD;Под заказ;https://intelka-shop.ru/proizvoditeli/systeme-electric/?section=19#
MP1K06004ED - Контактор MP1K 4P(4НО) 6A DC 48V;MP1K06004ED;MP1K06004ED;Под заказ;https://intelka-shop.ru/proizvoditeli/systeme-electric/?section=19#
MP1K06004CD - Контактор MP1K 4P(4НО) 6A DC 36V;MP1K06004CD;MP1K06004CD;Под заказ;https://intelka-shop.ru/proizvoditeli/systeme-electric/?section=19#
РЕВЕРСИВНЫЙ КОНТАКТОР MC2K 16A 1НО AC400V 50/60Hz;MC2K1610V7;MC2K1610V7;Под заказ;https://intelka-shop.ru/proizvoditeli/systeme-electric/?section=19#
РЕВЕРСИВНЫЙ КОНТАКТОР MC2K 16A 1НО AC380V 50/60Hz;MC2K1610Q7;MC2K1610Q7;Под заказ;https://intelka-shop.ru/proizvoditeli/systeme-electric/?section=19#
РЕВЕРСИВНЫЙ КОНТАКТОР MC2K 16A 1НО AC230V 50/60Hz;MC2K1610P7;MC2K1610P7;В наличии;https://intelka-shop.ru/proizvoditeli/systeme-electric/?section=19#
РЕВЕРСИВНЫЙ КОНТАКТОР MC2K 16A 1НО AC220V 50/60Hz;MC2K1610M7;MC2K1610M7;В наличии;https://intelka-shop.ru/proizvoditeli/systeme-electric/?section=19#
РЕВЕРСИВНЫЙ КОНТАКТОР MC2K 16A 1НО AC127V 50/60Hz;MC2K1610FC7;MC2K1610FC7;Под заказ;https://intelka-shop.ru/proizvoditeli/systeme-electric/?section=19#
РЕВЕРСИВНЫЙ КОНТАКТОР MC2K 16A 1НО AC36V 50/60Hz;MC2K1610C7;MC2K1610C7;Под заказ;https://intelka-shop.ru/proizvoditeli/systeme-electric/?section=19#
РЕВЕРСИВНЫЙ КОНТАКТОР MC2K 16A 1НО AC24V 50/60Hz;MC2K1610B7;MC2K1610B7;Под заказ;https://intelka-shop.ru/proizvoditeli/systeme-electric/?section=19#
РЕВЕРСИВНЫЙ КОНТАКТОР MC2K 16A 1НЗ AC400V 50/60Hz;MC2K1601V7;MC2K1601V7;Под заказ;https://intelka-shop.ru/proizvoditeli/systeme-electric/?section=19#
STV630C13N4L1 - Частотный преобразователь STV630 132 кВт 400В;STV630C13N4L1;STV630C13N4L1;Под заказ;https://intelka-shop.ru/proizvoditeli/systeme-electric/?section=19#
STV630C11N4L1 - Частотный преобразователь STV630 110 кВт 400В;STV630C11N4L1;STV630C11N4L1;Под заказ;https://intelka-shop.ru/proizvoditeli/systeme-electric/?section=19#
STV630D90N4L1 - Частотный преобразователь STV630 90 кВт 400В;STV630D90N4L1;STV630D90N4L1;В наличии;https://intelka-shop.ru/proizvoditeli/systeme-electric/?section=19#
STV630D75N4L1 - Частотный преобразователь STV630 75 кВт 400В;STV630D75N4L1;STV630D75N4L1;Под заказ;https://intelka-shop.ru/proizvoditeli/systeme-electric/?section=19#
STV630D55N4L1 - Частотный преобразователь STV630 55 кВт 400В;STV630D55N4L1;STV630D55N4L1;Под заказ;https://intelka-shop.ru/proizvoditeli/systeme-electric/?section=19#
STV630D45N4L1 - Частотный преобразователь STV630 45 кВт 400В;STV630D45N4L1;STV630D45N4L1;В наличии;https://intelka-shop.ru/proizvoditeli/systeme-electric/?section=19#
STV630D37N4L1 - Частотный преобразователь STV630 37 кВт 400В;STV630D37N4L1;STV630D37N4L1;В наличии;https://intelka-shop.ru/proizvoditeli/systeme-electric/?section=19#
STV630D30N4L1 - Частотный преобразователь STV630 30 кВт 400В;STV630D30N4L1;STV630D30N4L1;В наличии;https://intelka-shop.ru/proizvoditeli/systeme-electric/?section=19#
STV630D22N4L1 - Частотный преобразователь STV630 22 кВт 400В;STV630D22N4L1;STV630D22N4L1;В наличии;https://intelka-shop.ru/proizvoditeli/systeme-electric/?section=19#
STV630D18N4L1 - Частотный преобразователь STV630 18,5 кВт 400В;STV630D18N4L1;STV630D18N4L1;Под заказ;https://intelka-shop.ru/proizvoditeli/systeme-electric/?section=19#
STV630D15N4L1 - Частотный преобразователь STV630 15 кВт 400В;STV630D15N4L1;STV630D15N4L1;В наличии;https://intelka-shop.ru/proizvoditeli/systeme-electric/?section=19#
STV630D11N4L1 - Частотный преобразователь STV630 11 кВт 400В;STV630D11N4L1;STV630D11N4L1;Под заказ;https://intelka-shop.ru/proizvoditeli/systeme-electric/?section=19#
STV630U75N4L1 - Частотный преобразователь STV630 7,5 кВт 400В;STV630U75N4L1;STV630U75N4L1;В наличии;https://intelka-shop.ru/proizvoditeli/systeme-electric/?section=19#
STV630U55N4L1 - Частотный преобразователь STV630 5,5 кВт 400В;STV630U55N4L1;STV630U55N4L1;В наличии;https://intelka-shop.ru/proizvoditeli/systeme-electric/?section=19#
STV630U40N4L1 - Частотный преобразователь STV630 4 кВт 400В;STV630U40N4L1;STV630U40N4L1;В наличии;https://intelka-shop.ru/proizvoditeli/systeme-electric/?section=19#
STV630U40N4 - Частотный преобразователь STV630 4 кВт 400В;STV630U40N4;STV630U40N4;В наличии;https://intelka-shop.ru/proizvoditeli/systeme-electric/?section=19#
STV630U22N4 - Частотный преобразователь STV630 2,2 кВт 400В;STV630U22N4;STV630U22N4;В наличии;https://intelka-shop.ru/proizvoditeli/systeme-electric/?section=19#
STV630U15N4 - Частотный преобразователь STV630 1,5 кВт 400В;STV630U15N4;STV630U15N4;В наличии;https://intelka-shop.ru/proizvoditeli/systeme-electric/?section=19#
STV630U07N4 - Частотный преобразователь STV630 0,75 кВт 400В;STV630U07N4;STV630U07N4;В наличии;https://intelka-shop.ru/proizvoditeli/systeme-electric/?section=19#
STV630U15M2 - Частотный преобразователь STV630 1,5 кВт 220В;STV630U15M2;STV630U15M2;В наличии;https://intelka-shop.ru/proizvoditeli/systeme-electric/?section=19#
STV630U07M2 - Частотный преобразователь STV630 0,75 кВт 220В;STV630U07M2;STV630U07M2;В наличии;https://intelka-shop.ru/proizvoditeli/systeme-electric/?section=19#
STV630U04M2 - Частотный преобразователь STV630 0,4 кВт 220В;STV630U04M2;STV630U04M2;В наличии;https://intelka-shop.ru/proizvoditeli/systeme-electric/?section=19#
STV630C63N4L1 - Частотный преобразователь STV630 630 кВт 400В;STV630C63N4L1;STV630C63N4L1;Под заказ;https://intelka-shop.ru/proizvoditeli/systeme-electric/?section=19#
STV630C56N4L1 - Частотный преобразователь STV630 560 кВт 400В;STV630C56N4L1;STV630C56N4L1;Под заказ;https://intelka-shop.ru/proizvoditeli/systeme-electric/?section=19#
STV630C50N4L1 - Частотный преобразователь STV630 500 кВт 400В;STV630C50N4L1;STV630C50N4L1;Под заказ;https://intelka-shop.ru/proizvoditeli/systeme-electric/?section=19#
STV630C45N4L1 - Частотный преобразователь STV630 450 кВт 400В;STV630C45N4L1;STV630C45N4L1;Под заказ;https://intelka-shop.ru/proizvoditeli/systeme-electric/?section=19#
STV630C40N4L1 - Частотный преобразователь STV630 400 кВт 400В;STV630C40N4L1;STV630C40N4L1;Под заказ;https://intelka-shop.ru/proizvoditeli/systeme-electric/?section=19#
STV630C35N4L1 - Частотный преобразователь STV630 355 кВт 400В;STV630C35N4L1;STV630C35N4L1;Под заказ;https://intelka-shop.ru/proizvoditeli/systeme-electric/?section=19#
STV630C31N4L1 - Частотный преобразователь STV630 315 кВт 400В;STV630C31N4L1;STV630C31N4L1;Под заказ;https://intelka-shop.ru/proizvoditeli/systeme-electric/?section=19#
STV630C28N4L1 - Частотный преобразователь STV630 280 кВт 400В;STV630C28N4L1;STV630C28N4L1;В наличии;https://intelka-shop.ru/proizvoditeli/systeme-electric/?section=19#
STV630C25N4L1 - Частотный преобразователь STV630 250 кВт 400В;STV630C25N4L1;STV630C25N4L1;Под заказ;https://intelka-shop.ru/proizvoditeli/systeme-electric/?section=19#
STV630C22N4L1 - Частотный преобразователь STV630 220 кВт 400В;STV630C22N4L1;STV630C22N4L1;Под заказ;https://intelka-shop.ru/proizvoditeli/systeme-electric/?section=19#
STV630C20N4L1 - Частотный преобразователь STV630 200 кВт 400В;STV630C20N4L1;STV630C20N4L1;Под заказ;https://intelka-shop.ru/proizvoditeli/systeme-electric/?section=19#
STV630C18N4L1 - Частотный преобразователь STV630 185 кВт 400В;STV630C18N4L1;STV630C18N4L1;В наличии;https://intelka-shop.ru/proizvoditeli/systeme-electric/?section=19#
STV630C16N4L1 - Частотный преобразователь STV630 160 кВт 400В;STV630C16N4L1;STV630C16N4L1;Под заказ;https://intelka-shop.ru/proizvoditeli/systeme-electric/?section=19#
STV630U22M2 - Частотный преобразователь STV630 2,2 кВт 220В;STV630U22M2;;В наличии;https://intelka-shop.ru/proizvoditeli/systeme-electric/?section=19#
GMAU415 - Расцепитель минимального напряжения GM2 415V;GMAU415;GMAU415;В наличии;https://intelka-shop.ru/proizvoditeli/systeme-electric/?section=19#
GMAU380 - Расцепитель минимального напряжения GM2 380-400V;GMAU380;GMAU380;В наличии;https://intelka-shop.ru/proizvoditeli/systeme-electric/?section=19#
GMAU220 - Расцепитель минимального напряжения GM2 220-240V;GMAU220;GMAU220;В наличии;https://intelka-shop.ru/proizvoditeli/systeme-electric/?section=19#
GMAU110 - Расцепитель минимального напряжения GM2 110-115V;GMAU110;GMAU110;В наличии;https://intelka-shop.ru/proizvoditeli/systeme-electric/?section=19#
GMAS415 - Независимый расцепитель GM2 415V;GMAS415;GMAS415;Под заказ;https://intelka-shop.ru/proizvoditeli/systeme-electric/?section=19#
GMAS380 - Независимый расцепитель GM2 380-400V;GMAS380;GMAS380;В наличии;https://intelka-shop.ru/proizvoditeli/systeme-electric/?section=19#
GMAS220 - Независимый расцепитель GM2 220-240V;GMAS220;GMAS220;В наличии;https://intelka-shop.ru/proizvoditeli/systeme-electric/?section=19#
GMAS110 - Независимый расцепитель GM2 110-115V;GMAS110;GMAS110;Под заказ;https://intelka-shop.ru/proizvoditeli/systeme-electric/?section=19#
GMAN20 - Дополнительный блок контактов GM2 2HO боковой;GMAN20;GMAN20;В наличии;https://intelka-shop.ru/proizvoditeli/systeme-electric/?section=19#
GMAN11 - Дополнительный блок контактов GM2 1НО+1НЗ боковой;GMAN11;GMAN11;Под заказ;https://intelka-shop.ru/proizvoditeli/systeme-electric/?section=19#
GMAM11 - Контакт сигнализации короткого замыкания;GMAM11;GMAM11;Под заказ;https://intelka-shop.ru/proizvoditeli/systeme-electric/?section=19#
GMAE20 - Дополнительный блок контактов GM2 2НО фронтальный;GMAE20;GMAE20;Под заказ;https://intelka-shop.ru/proizvoditeli/systeme-electric/?section=19#
GMAE11 - Дополнительный блок контактов GM2 1НО+1НЗ фронтальный;GMAE11;GMAE11;Под заказ;https://intelka-shop.ru/proizvoditeli/systeme-electric/?section=19#
GMAD1010 - Контакт сигнальный аварийного отключения НО + дополнительный контакт НО;GMAD1010;GMAD1010;В наличии;https://intelka-shop.ru/proizvoditeli/systeme-electric/?section=19#
GMAD1001 - Контакт сигнальный аварийного отключения НО + дополнительный контакт НЗ;GMAD1001;GMAD1001;В наличии;https://intelka-shop.ru/proizvoditeli/systeme-electric/?section=19#
GMAD0110 - Контакт сигнальный аварийного отключения НЗ + дополнительный контакт НО;GMAD0110;GMAD0110;В наличии;https://intelka-shop.ru/proizvoditeli/systeme-electric/?section=19#
GMAD0101 - Контакт сигнальный аварийного отключения НЗ + дополнительный контакт НЗ;GMAD0101;GMAD0101;В наличии;https://intelka-shop.ru/proizvoditeli/systeme-electric/?section=19#
GM2MC02 - Защитный корпус для GM2 IP55;GM2MC02;GM2MC02;Под заказ;https://intelka-shop.ru/proizvoditeli/systeme-electric/?section=19#
GM2G545 - Комплект трехполосных шин 63 А 5х45 мм;GM2G545;GM2G545;Под заказ;https://intelka-shop.ru/proizvoditeli/systeme-electric/?section=19#
GM2G445 - Комплект трехполосных шин 63 А 4х45 мм;GM2G445;GM2G445;Под заказ;https://intelka-shop.ru/proizvoditeli/systeme-electric/?section=19#
GM2G345 - Комплект трехполосных шин 63 А 3х45 мм;GM2G345;GM2G345;Под заказ;https://intelka-shop.ru/proizvoditeli/systeme-electric/?section=19#
GM2G245 - Комплект трехполосных шин 63 А 2х45 мм;GM2G245;GM2G245;Под заказ;https://intelka-shop.ru/proizvoditeli/systeme-electric/?section=19#
GM2APN01 - Черная выносная рукоятка для GM2P_GM2L;GM2APN01;GM2APN01;В наличии;https://intelka-shop.ru/proizvoditeli/systeme-electric/?section=19#
GM2AF338E - Соединительный блок между GM2 И MC1E25-38;GM2AF338E;GM2AF338E;В наличии;https://intelka-shop.ru/proizvoditeli/systeme-electric/?section=19#
GM2AF318E - Соединительный блок между GM2 И MC1E09-18;GM2AF318E;GM2AF318E;В наличии;https://intelka-shop.ru/proizvoditeli/systeme-electric/?section=19#
GM2AF3 - Соединительный блок между GM2 И MC1D09-38;GM2AF3;GM2AF3;В наличии;https://intelka-shop.ru/proizvoditeli/systeme-electric/?section=19#
GM1L3 - Ограничитель тока GM2 100kA;GM1L3;GM1L3;Под заказ;https://intelka-shop.ru/proizvoditeli/systeme-electric/?section=19#
GM2P32 - Автоматический выключатель защиты двигателя GM2P 24-32A;GM2P32;GM2P32;Под заказ;https://intelka-shop.ru/proizvoditeli/systeme-electric/?section=19#
GM2P22 - Автоматический выключатель защиты двигателя GM2P 20-25A;GM2P22;GM2P22;В наличии;https://intelka-shop.ru/proizvoditeli/systeme-electric/?section=19#
GM2P21 - Автоматический выключатель защиты двигателя GM2P 17-23A;GM2P21;GM2P21;В наличии;https://intelka-shop.ru/proizvoditeli/systeme-electric/?section=19#
GM2P20 - Автоматический выключатель защиты двигателя GM2P 13-18A;GM2P20;GM2P20;В наличии;https://intelka-shop.ru/proizvoditeli/systeme-electric/?section=19#
GM2P16 - Автоматический выключатель защиты двигателя GM2P 9-14A;GM2P16;GM2P16;В наличии;https://intelka-shop.ru/proizvoditeli/systeme-electric/?section=19#
GM2P14 - Автоматический выключатель защиты двигателя GM2P 6-10A;GM2P14;GM2P14;Под заказ;https://intelka-shop.ru/proizvoditeli/systeme-electric/?section=19#
GM2P10 - Автоматический выключатель защиты двигателя GM2P 4.0-6.3A;GM2P10;GM2P10;В наличии;https://intelka-shop.ru/proizvoditeli/systeme-electric/?section=19#
GM2P08 - Автоматический выключатель защиты двигателя GM2P 2.5-4.0A;GM2P08;GM2P08;В наличии;https://intelka-shop.ru/proizvoditeli/systeme-electric/?section=19#
GM2P07 - Автоматический выключатель защиты двигателя GM2P 1.6-2.5A;GM2P07;GM2P07;Под заказ;https://intelka-shop.ru/proizvoditeli/systeme-electric/?section=19#
GM2P06 - Автоматический выключатель защиты двигателя GM2P 1.0-1.6A;GM2P06;GM2P06;Под заказ;https://intelka-shop.ru/proizvoditeli/systeme-electric/?section=19#
GM2P05 - Автоматический выключатель защиты двигателя GM2P 0.63-1.0A;GM2P05;GM2P05;Под заказ;https://intelka-shop.ru/proizvoditeli/systeme-electric/?section=19#
GM2P04 - Автоматический выключатель защиты двигателя GM2P 0.4-0.63A;GM2P04;GM2P04;Под заказ;https://intelka-shop.ru/proizvoditeli/systeme-electric/?section=19#
GM2P03 - Автоматический выключатель защиты двигателя GM2P 0.25-0.4A;GM2P03;GM2P03;Под заказ;https://intelka-shop.ru/proizvoditeli/systeme-electric/?section=19#
GM2P02 - Автоматический выключатель защиты двигателя GM2P 0.16-0.25A;GM2P02;GM2P02;В наличии;https://intelka-shop.ru/proizvoditeli/systeme-electric/?section=19#
GM2P01 - Автоматический выключатель защиты двигателя GM2P 0.1-0.16A;GM2P01;GM2P01;В наличии;https://intelka-shop.ru/proizvoditeli/systeme-electric/?section=19#
GM2ME32 - Автоматический выключатель защиты двигателя GM2ME 24-32A;GM2ME32;GM2ME32;Под заказ;https://intelka-shop.ru/proizvoditeli/systeme-electric/?section=19#
GM2ME22 - Автоматический выключатель защиты двигателя GM2ME 20-25A;GM2ME22;GM2ME22;Под заказ;https://intelka-shop.ru/proizvoditeli/systeme-electric/?section=19#
GM2ME21 - Автоматический выключатель защиты двигателя GM2ME 17-23A;GM2ME21;GM2ME21;Под заказ;https://intelka-shop.ru/proizvoditeli/systeme-electric/?section=19#
GM2ME20 - Автоматический выключатель защиты двигателя GM2ME 13-18A;GM2ME20;GM2ME20;Под заказ;https://intelka-shop.ru/proizvoditeli/systeme-electric/?section=19#
GM2ME16 - Автоматический выключатель защиты двигателя GM2ME 9-14A;GM2ME16;GM2ME16;Под заказ;https://intelka-shop.ru/proizvoditeli/systeme-electric/?section=19#
GM2ME14 - Автоматический выключатель защиты двигателя GM2ME 6.3-10A;GM2ME14;GM2ME14;Под заказ;https://intelka-shop.ru/proizvoditeli/systeme-electric/?section=19#
GM2ME10 - Автоматический выключатель защиты двигателя GM2ME 4.0-6.3A;GM2ME10;GM2ME10;Под заказ;https://intelka-shop.ru/proizvoditeli/systeme-electric/?section=19#
GM2ME08 - Автоматический выключатель защиты двигателя GM2ME 2.5-4.0A;GM2ME08;GM2ME08;В наличии;https://intelka-shop.ru/proizvoditeli/systeme-electric/?section=19#
GM2ME07 - Автоматический выключатель защиты двигателя GM2ME 1.6-2.5A;GM2ME07;GM2ME07;Под заказ;https://intelka-shop.ru/proizvoditeli/systeme-electric/?section=19#
GM2ME06 - Автоматический выключатель защиты двигателя GM2ME 1.0-1.6A;GM2ME06;GM2ME06;Под заказ;https://intelka-shop.ru/proizvoditeli/systeme-electric/?section=19#
GM2ME05 - Автоматический выключатель защиты двигателя GM2ME 0.63-1.0A;GM2ME05;GM2ME05;Под заказ;https://intelka-shop.ru/proizvoditeli/systeme-electric/?section=19#
GM2ME03 - Автоматический выключатель защиты двигателя GM2ME 0.25-0.4A;GM2ME03;GM2ME03;Под заказ;https://intelka-shop.ru/proizvoditeli/systeme-electric/?section=19#
GM2ME02 - Автоматический выключатель защиты двигателя GM2ME 0.16-0.25A;GM2ME02;GM2ME02;Под заказ;https://intelka-shop.ru/proizvoditeli/systeme-electric/?section=19#
GM2ME01 - Автоматический выключатель защиты двигателя GM2ME 0.1-0.16A;GM2ME01;GM2ME01;В наличии;https://intelka-shop.ru/proizvoditeli/systeme-electric/?section=19#
GM2L32 - Автоматический выключатель защиты двигателя GM2L 32A;GM2L32;GM2L32;Под заказ;https://intelka-shop.ru/proizvoditeli/systeme-electric/?section=19#
GM2L22 - Автоматический выключатель защиты двигателя GM2L 25A;GM2L22;GM2L22;Под заказ;https://intelka-shop.ru/proizvoditeli/systeme-electric/?section=19#
GM2L20 - Автоматический выключатель защиты двигателя GM2L 18A;GM2L20;GM2L20;В наличии;https://intelka-shop.ru/proizvoditeli/systeme-electric/?section=19#
GM2L16 - Автоматический выключатель защиты двигателя GM2L 14A;GM2L16;GM2L16;В наличии;https://intelka-shop.ru/proizvoditeli/systeme-electric/?section=19#
GM2L14 - Автоматический выключатель защиты двигателя GM2L 10A;GM2L14;GM2L14;Под заказ;https://intelka-shop.ru/proizvoditeli/systeme-electric/?section=19#
GM2L10 - Автоматический выключатель защиты двигателя GM2L 6.3A;GM2L10;GM2L10;Под заказ;https://intelka-shop.ru/proizvoditeli/systeme-electric/?section=19#
GM2L08 - Автоматический выключатель защиты двигателя GM2L 4.0A;GM2L08;GM2L08;В наличии;https://intelka-shop.ru/proizvoditeli/systeme-electric/?section=19#
GM2L07 - Автоматический выключатель защиты двигателя GM2L 2.5A;GM2L07;GM2L07;Под заказ;https://intelka-shop.ru/proizvoditeli/systeme-electric/?section=19#
GM2ME04 - Автоматический выключатель защиты двигателя GM2ME 0.4-0.63A;GM2ME04;GM2ME04;Под заказ;https://intelka-shop.ru/proizvoditeli/systeme-electric/?section=19#
GM2L06 - Автоматический выключатель защиты двигателя GM2L 1.6A;GM2L06;GM2L06;Под заказ;https://intelka-shop.ru/proizvoditeli/systeme-electric/?section=19#
GM2L05 - Автоматический выключатель защиты двигателя GM2L 1.0A;GM2L05;GM2L05;В наличии;https://intelka-shop.ru/proizvoditeli/systeme-electric/?section=19#
GM2L04 - Автоматический выключатель защиты двигателя GM2L 0.63A;GM2L04;GM2L04;В наличии;https://intelka-shop.ru/proizvoditeli/systeme-electric/?section=19#
GM2L03 - Автоматический выключатель защиты двигателя GM2L 0.4A;GM2L03;GM2L03;В наличии;https://intelka-shop.ru/proizvoditeli/systeme-electric/?section=19#
SPD-MXD-01-L - Расцепитель независимый MX DC24V левый (125);SPD-MXD-01-L;SPD-MXD-01-L;В наличии;https://intelka-shop.ru/proizvoditeli/systeme-electric/?section=19#
SPD-MXD1-01-L - Расцепитель независимый MX DC110V левый (125);SPD-MXD1-01-L;SPD-MXD1-01-L;Под заказ;https://intelka-shop.ru/proizvoditeli/systeme-electric/?section=19#
SPD-MXD2-01-L - Расцепитель независимый MX DC220V левый (125);SPD-MXD2-01-L;SPD-MXD2-01-L;Под заказ;https://intelka-shop.ru/proizvoditeli/systeme-electric/?section=19#
SPD-MXD-01-R - Расцепитель независимый MX DC24V правый (125);SPD-MXD-01-R;SPD-MXD-01-R;Под заказ;https://intelka-shop.ru/proizvoditeli/systeme-electric/?section=19#
SPD-MXD1-01-R - Расцепитель независимый MX DC110V правый (125);SPD-MXD1-01-R;SPD-MXD1-01-R;Под заказ;https://intelka-shop.ru/proizvoditeli/systeme-electric/?section=19#
SPD-MXD2-01-R - Расцепитель независимый MX DC220V правый (125);SPD-MXD2-01-R;SPD-MXD2-01-R;Под заказ;https://intelka-shop.ru/proizvoditeli/systeme-electric/?section=19#
SPD-MXA2-01-L - Расцепитель независимый MX AC220V левый (125);SPD-MXA2-01-L;SPD-MXA2-01-L;Под заказ;https://intelka-shop.ru/proizvoditeli/systeme-electric/?section=19#
SPD-MXA4-01-L - Расцепитель независимый MX AC400V левый (125);SPD-MXA4-01-L;SPD-MXA4-01-L;Под заказ;https://intelka-shop.ru/proizvoditeli/systeme-electric/?section=19#
SPD-MXA2-01-R - Расцепитель независимый MX AC220V правый (125);SPD-MXA2-01-R;SPD-MXA2-01-R;В наличии;https://intelka-shop.ru/proizvoditeli/systeme-electric/?section=19#
SPD-MXA4-01-R - Расцепитель независимый MX AC400V правый (125);SPD-MXA4-01-R;SPD-MXA4-01-R;Под заказ;https://intelka-shop.ru/proizvoditeli/systeme-electric/?section=19#
SPD-MXD-02-L - Расцепитель независимый MX DC24V левый (250);SPD-MXD-02-L;SPD-MXD-02-L;Под заказ;https://intelka-shop.ru/proizvoditeli/systeme-electric/?section=19#
SPD-MXD1-02-L - Расцепитель независимый MX DC110V левый (250);SPD-MXD1-02-L;SPD-MXD1-02-L;Под заказ;https://intelka-shop.ru/proizvoditeli/systeme-electric/?section=19#
SPD-MXD2-02-L - Расцепитель независимый MX DC220V левый (250);SPD-MXD2-02-L;SPD-MXD2-02-L;Под заказ;https://intelka-shop.ru/proizvoditeli/systeme-electric/?section=19#
SPD-MXD-02-R - Расцепитель независимый MX DC24V правый (250);SPD-MXD-02-R;SPD-MXD-02-R;Под заказ;https://intelka-shop.ru/proizvoditeli/systeme-electric/?section=19#
SPD-MXD1-02-R - Расцепитель независимый MX DC110V правый (250);SPD-MXD1-02-R;SPD-MXD1-02-R;Под заказ;https://intelka-shop.ru/proizvoditeli/systeme-electric/?section=19#
SPD-MXD2-02-R - Расцепитель независимый MX DC220V правый (250);SPD-MXD2-02-R;SPD-MXD2-02-R;Под заказ;https://intelka-shop.ru/proizvoditeli/systeme-electric/?section=19#
SPD-MXA2-02-L - Расцепитель независимый MX AC220V левый (250);SPD-MXA2-02-L;SPD-MXA2-02-L;Под заказ;https://intelka-shop.ru/proizvoditeli/systeme-electric/?section=19#
SPD-MXA4-02-L - Расцепитель независимый MX AC400V левый (250);SPD-MXA4-02-L;SPD-MXA4-02-L;Под заказ;https://intelka-shop.ru/proizvoditeli/systeme-electric/?section=19#
SPD-MXA2-02-R - Расцепитель независимый MX AC220V правый (250);SPD-MXA2-02-R;SPD-MXA2-02-R;В наличии;https://intelka-shop.ru/proizvoditeli/systeme-electric/?section=19#
SPD-MXA4-02-R - Расцепитель независимый MX AC400V правый (250);SPD-MXA4-02-R;SPD-MXA4-02-R;Под заказ;https://intelka-shop.ru/proizvoditeli/systeme-electric/?section=19#
SPD-MXD-06-L - Расцепитель независимый MX DC24V левый (630);SPD-MXD-06-L;SPD-MXD-06-L;В наличии;https://intelka-shop.ru/proizvoditeli/systeme-electric/?section=19#
SPD-MXD1-06-L - Расцепитель независимый MX DC110V левый (630);SPD-MXD1-06-L;SPD-MXD1-06-L;Под заказ;https://intelka-shop.ru/proizvoditeli/systeme-electric/?section=19#
SPD-MXD2-06-L - Расцепитель независимый MX DC220V левый (630);SPD-MXD2-06-L;SPD-MXD2-06-L;Под заказ;https://intelka-shop.ru/proizvoditeli/systeme-electric/?section=19#
SPD-MXD-06-R - Расцепитель независимый MX DC24V правый (630);SPD-MXD-06-R;SPD-MXD-06-R;В наличии;https://intelka-shop.ru/proizvoditeli/systeme-electric/?section=19#
SPD-MXD1-06-R - Расцепитель независимый MX DC110V правый (630);SPD-MXD1-06-R;SPD-MXD1-06-R;Под заказ;https://intelka-shop.ru/proizvoditeli/systeme-electric/?section=19#
SPD-MXD2-06-R - Расцепитель независимый MX DC220V правый (630);SPD-MXD2-06-R;SPD-MXD2-06-R;Под заказ;https://intelka-shop.ru/proizvoditeli/systeme-electric/?section=19#
SPD-MXA2-06-L - Расцепитель независимый MX AC220V левый (630);SPD-MXA2-06-L;SPD-MXA2-06-L;В наличии;https://intelka-shop.ru/proizvoditeli/systeme-electric/?section=19#
SPD-MXA4-06-L - Расцепитель независимый MX AC400V левый (630);SPD-MXA4-06-L;SPD-MXA4-06-L;Под заказ;https://intelka-shop.ru/proizvoditeli/systeme-electric/?section=19#
SPD-MXA2-06-R - Расцепитель независимый MX AC220V правый (630);SPD-MXA2-06-R;SPD-MXA2-06-R;Под заказ;https://intelka-shop.ru/proizvoditeli/systeme-electric/?section=19#
SPD-MXA4-06-R - Расцепитель независимый MX AC400V правый (630);SPD-MXA4-06-R;SPD-MXA4-06-R;Под заказ;https://intelka-shop.ru/proizvoditeli/systeme-electric/?section=19#
SPD-OF-01-22L - Вспомогательный контакт OF (2NO2NC) левый (125);SPD-OF-01-22L;SPD-OF-01-22L;В наличии;https://intelka-shop.ru/proizvoditeli/systeme-electric/?section=19#
SPD-OF-02-22L - Вспомогательный контакт OF (2NO2NC) левый (250);SPD-OF-02-22L;SPD-OF-02-22L;В наличии;https://intelka-shop.ru/proizvoditeli/systeme-electric/?section=19#
SPD-OF-06-22L - Вспомогательный контакт OF (2NO2NC) левый (630);SPD-OF-06-22L;SPD-OF-06-22L;Под заказ;https://intelka-shop.ru/proizvoditeli/systeme-electric/?section=19#
SPD-OF-01-22RS - Вспомогательный контакт OF (2NO2NC) правый (125);SPD-OF-01-22RS;SPD-OF-01-22RS;Под заказ;https://intelka-shop.ru/proizvoditeli/systeme-electric/?section=19#
SPD-OF-02-22RS - Вспомогательный контакт OF (2NO2NC) правый (250);SPD-OF-02-22RS;SPD-OF-02-22RS;В наличии;https://intelka-shop.ru/proizvoditeli/systeme-electric/?section=19#
SPD-OF-06-22RS - Вспомогательный контакт OF (2NO2NC) правый (630);SPD-OF-06-22RS;SPD-OF-06-22RS;В наличии;https://intelka-shop.ru/proizvoditeli/systeme-electric/?section=19#
SPD-OF-01-22RL - Вспомогательный контакт OF(2NO2NC) правое удлинение (125);SPD-OF-01-22RL;SPD-OF-01-22RL;Под заказ;https://intelka-shop.ru/proizvoditeli/systeme-electric/?section=19#
SPD-OF-02-22RL - Вспомогательный контакт OF(2NO2NC) правое удлинение (250);SPD-OF-02-22RL;SPD-OF-02-22RL;Под заказ;https://intelka-shop.ru/proizvoditeli/systeme-electric/?section=19#
SPD-OF-06-22RL - Вспомогательный контакт OF(2NO2NC) правое удлинение (630);SPD-OF-06-22RL;SPD-OF-06-22RL;Под заказ;https://intelka-shop.ru/proizvoditeli/systeme-electric/?section=19#
SPD-SD-01-L - Вспомогательный контакт SD (1NO1NC) левый (125);SPD-SD-01-L;SPD-SD-01-L;В наличии;https://intelka-shop.ru/proizvoditeli/systeme-electric/?section=19#
SPD-SD-02-L - Вспомогательный контакт SD (1NO1NC) левый (250);SPD-SD-02-L;SPD-SD-02-L;В наличии;https://intelka-shop.ru/proizvoditeli/systeme-electric/?section=19#
SPD-SD-06-L - Вспомогательный контакт SD (1NO1NC) левый (630);SPD-SD-06-L;SPD-SD-06-L;В наличии;https://intelka-shop.ru/proizvoditeli/systeme-electric/?section=19#
SPD-SD-01-R - Вспомогательный контакт SD (1NO1NC) правый (125);SPD-SD-01-R;SPD-SD-01-R;Под заказ;https://intelka-shop.ru/proizvoditeli/systeme-electric/?section=19#
SPD-SD-02-R - Вспомогательный контакт SD (1NO1NC) правый (250);SPD-SD-02-R;SPD-SD-02-R;Под заказ;https://intelka-shop.ru/proizvoditeli/systeme-electric/?section=19#
SPD-SD-06-R - Вспомогательный контакт SD (1NO1NC) правый (630);SPD-SD-06-R;SPD-SD-06-R;Под заказ;https://intelka-shop.ru/proizvoditeli/systeme-electric/?section=19#
SPD-OFSD-01-L - Вспомогательный контакт OF/SD(1NO1NC) левый (125);SPD-OFSD-01-L;SPD-OFSD-01-L;В наличии;https://intelka-shop.ru/proizvoditeli/systeme-electric/?section=19#
SPD-OFSD-02-L - Вспомогательный контакт OF/SD(1NO1NC) левый (250);SPD-OFSD-02-L;SPD-OFSD-02-L;В наличии;https://intelka-shop.ru/proizvoditeli/systeme-electric/?section=19#
SPD-OFSD-06-L - Вспомогательный контакт OF/SD(1NO1NC) левый (630);SPD-OFSD-06-L;SPD-OFSD-06-L;Под заказ;https://intelka-shop.ru/proizvoditeli/systeme-electric/?section=19#
SPD-OFSD-01-RS - Вспомогательный контакт OFSD(1NO1NC) правый (125);SPD-OFSD-01-RS;SPD-OFSD-01-RS;Под заказ;https://intelka-shop.ru/proizvoditeli/systeme-electric/?section=19#
SPD-OFSD-02-RS - Вспомогательный контакт OFSD(1NO1NC) правый (250);SPD-OFSD-02-RS;SPD-OFSD-02-RS;Под заказ;https://intelka-shop.ru/proizvoditeli/systeme-electric/?section=19#
SPD-OFSD-06-RS - Вспомогательный контакт OFSD(1NO1NC) правый (630);SPD-OFSD-06-RS;SPD-OFSD-06-RS;Под заказ;https://intelka-shop.ru/proizvoditeli/systeme-electric/?section=19#
SPD-OFSD-01-RL - Вспомогательный контакт OFSD(1NO1NC) правое удлинение (125);SPD-OFSD-01-RL;SPD-OFSD-01-RL;Под заказ;https://intelka-shop.ru/proizvoditeli/systeme-electric/?section=19#
SPD-OFSD-02-RL - Вспомогательный контакт OFSD(1NO1NC) правое удлинение (250);SPD-OFSD-02-RL;SPD-OFSD-02-RL;В наличии;https://intelka-shop.ru/proizvoditeli/systeme-electric/?section=19#
SPD-OFSD-06-RL - Вспомогательный контакт OFSD(1NO1NC) правое удлинение (630);SPD-OFSD-06-RL;SPD-OFSD-06-RL;В наличии;https://intelka-shop.ru/proizvoditeli/systeme-electric/?section=19#
SPD-DRHS-01 - Стандартная поворотная рукоятка квадратная (125);SPD-DRHS-01;SPD-DRHS-01;Под заказ;https://intelka-shop.ru/proizvoditeli/systeme-electric/?section=19#
SPD-DRHS-02 - Стандартная поворотная рукоятка квадратная (250);SPD-DRHS-02;SPD-DRHS-02;Под заказ;https://intelka-shop.ru/proizvoditeli/systeme-electric/?section=19#
SPD-DRHS-06 - Стандартная поворотная рукоятка квадратная (630);SPD-DRHS-06;SPD-DRHS-06;Под заказ;https://intelka-shop.ru/proizvoditeli/systeme-electric/?section=19#
SPD-ERHS5-01 - Выносная поворотная рукоятка 500 мм (125);SPD-ERHS5-01;SPD-ERHS5-01;Под заказ;https://intelka-shop.ru/proizvoditeli/systeme-electric/?section=19#
SPD-ERHS5-02 - Выносная поворотная рукоятка 500 мм (250);SPD-ERHS5-02;SPD-ERHS5-02;Под заказ;https://intelka-shop.ru/proizvoditeli/systeme-electric/?section=19#
SPD-ERHS5-06 - Выносная поворотная рукоятка 500 мм (630);SPD-ERHS5-06;SPD-ERHS5-06;В наличии;https://intelka-shop.ru/proizvoditeli/systeme-electric/?section=19#
SPD-MD-01 - Мотор-редуктор DC24V (125);SPD-MD-01;SPD-MD-01;Под заказ;https://intelka-shop.ru/proizvoditeli/systeme-electric/?section=19#
SPD-MA2D2-01 - Мотор-редуктор AC230/DC220V (125);SPD-MA2D2-01;SPD-MA2D2-01;Под заказ;https://intelka-shop.ru/proizvoditeli/systeme-electric/?section=19#
SPD-MD1-01 - Мотор-редуктор DC110V (125);SPD-MD1-01;SPD-MD1-01;Под заказ;https://intelka-shop.ru/proizvoditeli/systeme-electric/?section=19#
SPD-MA4-01 - Мотор-редуктор AC400V (125);SPD-MA4-01;SPD-MA4-01;Под заказ;https://intelka-shop.ru/proizvoditeli/systeme-electric/?section=19#
SPD-MD-02 - Мотор-редуктор DC24V (250);SPD-MD-02;SPD-MD-02;В наличии;https://intelka-shop.ru/proizvoditeli/systeme-electric/?section=19#
SPD-MA2D2-02 - Мотор-редуктор AC230/DC220V (250);SPD-MA2D2-02;SPD-MA2D2-02;В наличии;https://intelka-shop.ru/proizvoditeli/systeme-electric/?section=19#
SPD-MD1-02 - Мотор-редуктор DC110V (250);SPD-MD1-02;SPD-MD1-02;Под заказ;https://intelka-shop.ru/proizvoditeli/systeme-electric/?section=19#
SPD-MA4-02 - Мотор-редуктор AC400V (250);SPD-MA4-02;SPD-MA4-02;Под заказ;https://intelka-shop.ru/proizvoditeli/systeme-electric/?section=19#
SPD-MD-06 - Мотор-редуктор DC24V (630);SPD-MD-06;SPD-MD-06;В наличии;https://intelka-shop.ru/proizvoditeli/systeme-electric/?section=19#
SPD-MA2D2-06 - Мотор-редуктор AC230/DC220V (630);SPD-MA2D2-06;SPD-MA2D2-06;Под заказ;https://intelka-shop.ru/proizvoditeli/systeme-electric/?section=19#
SPD-MD1-06 - Мотор-редуктор DC110V (630);SPD-MD1-06;SPD-MD1-06;Под заказ;https://intelka-shop.ru/proizvoditeli/systeme-electric/?section=19#
SPD-MA4-06 - Мотор-редуктор AC400V (630);SPD-MA4-06;SPD-MA4-06;Под заказ;https://intelka-shop.ru/proizvoditeli/systeme-electric/?section=19#
SPD-PCB-01 - Шина подключения 1 шт (125);SPD-PCB-01;SPD-PCB-01;Под заказ;https://intelka-shop.ru/proizvoditeli/systeme-electric/?section=19#
SPD-PCB-02 - Шина подключения 1 шт (250);SPD-PCB-02;SPD-PCB-02;Под заказ;https://intelka-shop.ru/proizvoditeli/systeme-electric/?section=19#
SPD-PCB-06-2-4 - Шина подключения 1 шт 250-400 A (630);SPD-PCB-06-2-4;SPD-PCB-06-2-4;Под заказ;https://intelka-shop.ru/proizvoditeli/systeme-electric/?section=19#
SPD-PCB-06-5-6 - Шина подключения 1 шт 500-630 A (630);SPD-PCB-06-5-6;SPD-PCB-06-5-6;Под заказ;https://intelka-shop.ru/proizvoditeli/systeme-electric/?section=19#
РАЗДЕЛИТЕЛИ ПОЛЮСОВ 1ШТ. (125);SPD-PB-01;SPD-PB-01;В наличии;https://intelka-shop.ru/proizvoditeli/systeme-electric/?section=19#
РАЗДЕЛИТЕЛИ ПОЛЮСОВ 1ШТ. (250);SPD-PB-02;SPD-PB-02;Под заказ;https://intelka-shop.ru/proizvoditeli/systeme-electric/?section=19#
РАЗДЕЛИТЕЛИ ПОЛЮСОВ 1ШТ. (630);SPD-PB-06;SPD-PB-06;Под заказ;https://intelka-shop.ru/proizvoditeli/systeme-electric/?section=19#
SPD-STC-02 - Короткая клеммная заглушка 3P (250);SPD-STC-02;SPD-STC-02;Под заказ;https://intelka-shop.ru/proizvoditeli/systeme-electric/?section=19#
SPD-MN-D-01-L - Расцепитель минимального напряжения MN DC24V (125);SPD-MN-D-01-L;SPD-MN-D-01-L;В наличии;https://intelka-shop.ru/proizvoditeli/systeme-electric/?section=19#
SPD-MN-D-02-L - Расцепитель минимального напряжения MN DC24V (250);SPD-MN-D-02-L;SPD-MN-D-02-L;В наличии;https://intelka-shop.ru/proizvoditeli/systeme-electric/?section=19#
SPD-MN-D-06-L - Расцепитель минимального напряжения MN DC24V (630);SPD-MN-D-06-L;SPD-MN-D-06-L;В наличии;https://intelka-shop.ru/proizvoditeli/systeme-electric/?section=19#
SPD-MN-D1-01-L - Расцепитель минимального напряжения MN DC110V (125);SPD-MN-D1-01-L;SPD-MN-D1-01-L;Под заказ;https://intelka-shop.ru/proizvoditeli/systeme-electric/?section=19#
SPD-MN-D1-02-L - Расцепитель минимального напряжения MN DC110V (250);SPD-MN-D1-02-L;SPD-MN-D1-02-L;Под заказ;https://intelka-shop.ru/proizvoditeli/systeme-electric/?section=19#
SPD-MN-D2-01-L - Расцепитель минимального напряжения MN DC220V (125);SPD-MN-D2-01-L;SPD-MN-D2-01-L;Под заказ;https://intelka-shop.ru/proizvoditeli/systeme-electric/?section=19#
SPD-MN-D2-02-L - Расцепитель минимального напряжения MN DC220V (250);SPD-MN-D2-02-L;SPD-MN-D2-02-L;Под заказ;https://intelka-shop.ru/proizvoditeli/systeme-electric/?section=19#
SPD-MN-D2-06-L - Расцепитель минимального напряжения MN DC220V (630);SPD-MN-D2-06-L;SPD-MN-D2-06-L;Под заказ;https://intelka-shop.ru/proizvoditeli/systeme-electric/?section=19#
SPD-MN-D1-06-L - Расцепитель минимального напряжения MN DC110V (630);SPD-MN-D1-06-L;SPD-MN-D1-06-L;Под заказ;https://intelka-shop.ru/proizvoditeli/systeme-electric/?section=19#
SPD6303N4B4004D - Автоматический выключатель SPD630 3P 50КА250В;SPD6303N4B4004D;SPD6303N4B4004D;В наличии;https://intelka-shop.ru/proizvoditeli/systeme-electric/?section=19#
SPD6303N4B5004D - Автоматический выключатель SPD630 3P 50КА 250В;SPD6303N4B5004D;SPD6303N4B5004D;Под заказ;https://intelka-shop.ru/proizvoditeli/systeme-electric/?section=19#
SPD6303N4B6304D - Автоматический выключатель SPD630 3P 50КА 250В;SPD6303N4B6304D;SPD6303N4B6304D;Под заказ;https://intelka-shop.ru/proizvoditeli/systeme-electric/?section=19#
SPD1252F3E0633D - Автоматический выключатель SPD125 2P35КА 250В;SPD1252F3E0633D;SPD1252F3E0633D;В наличии;https://intelka-shop.ru/proizvoditeli/systeme-electric/?section=19#
SPD1252F3E0803D - Автоматический выключатель SPD125 2P 35КА 250В;SPD1252F3E0803D;SPD1252F3E0803D;Под заказ;https://intelka-shop.ru/proizvoditeli/systeme-electric/?section=19#
SPD1252F3E1003D - Автоматический выключатель SPD125 2P35КА 250В;SPD1252F3E1003D;SPD1252F3E1003D;В наличии;https://intelka-shop.ru/proizvoditeli/systeme-electric/?section=19#
SPD2502N3N1003D - Автоматический выключатель SPD250 2P50КА 250В;SPD2502N3N1003D;SPD2502N3N1003D;Под заказ;https://intelka-shop.ru/proizvoditeli/systeme-electric/?section=19#
SPD2502N3N1253D - Автоматический выключатель SPD250 2P50КА 250В;SPD2502N3N1253D;SPD2502N3N1253D;Под заказ;https://intelka-shop.ru/proizvoditeli/systeme-electric/?section=19#
SPD2502N3N1603D - Автоматический выключатель SPD250 2P 50КА250В;SPD2502N3N1603D;SPD2502N3N1603D;В наличии;https://intelka-shop.ru/proizvoditeli/systeme-electric/?section=19#
SPD2502N3N2003D - Автоматический выключатель SPD250 2P 50КА 250В;SPD2502N3N2003D;SPD2502N3N2003D;В наличии;https://intelka-shop.ru/proizvoditeli/systeme-electric/?section=19#
SPD2502N3N2503D - Автоматический выключатель SPD250 2P 50КА250В;SPD2502N3N2503D;SPD2502N3N2503D;В наличии;https://intelka-shop.ru/proizvoditeli/systeme-electric/?section=19#
SPD2503N4B1004D - Автоматический выключатель SPD250 3P50КА 500В;SPD2503N4B1004D;SPD2503N4B1004D;Под заказ;https://intelka-shop.ru/proizvoditeli/systeme-electric/?section=19#
SPD1252F3E1253D - Автоматический выключатель SPD125 2P35КА 250В;SPD1252F3E1253D;SPD1252F3E1253D;Под заказ;https://intelka-shop.ru/proizvoditeli/systeme-electric/?section=19#
SPD2503N4B1254D - Автоматический выключатель SPD250 3P50КА500В;SPD2503N4B1254D;SPD2503N4B1254D;Под заказ;https://intelka-shop.ru/proizvoditeli/systeme-electric/?section=19#
SPD2503N4B1604D - Автоматический выключатель SPD250 3P50КА 500В;SPD2503N4B1604D;SPD2503N4B1604D;В наличии;https://intelka-shop.ru/proizvoditeli/systeme-electric/?section=19#
SPD2503N4B2004D - Автоматический выключатель SPD250 3P 50КА500В;SPD2503N4B2004D;SPD2503N4B2004D;В наличии;https://intelka-shop.ru/proizvoditeli/systeme-electric/?section=19#
SPD2503N4B2504D - Автоматический выключатель SPD250 3P50КА 500В;SPD2503N4B2504D;SPD2503N4B2504D;Под заказ;https://intelka-shop.ru/proizvoditeli/systeme-electric/?section=19#
SPD6302N3N2503D - Автоматический выключатель SPD630 2P 50КА 250В;SPD6302N3N2503D;SPD6302N3N2503D;Под заказ;https://intelka-shop.ru/proizvoditeli/systeme-electric/?section=19#
SPD6302N3N3153D - Автоматический выключатель SPD630 2P 50КА 250В;SPD6302N3N3153D;SPD6302N3N3153D;Под заказ;https://intelka-shop.ru/proizvoditeli/systeme-electric/?section=19#
SPD6302N3N3503D - Автоматический выключатель SPD630 2P 50КА 250В;SPD6302N3N3503D;SPD6302N3N3503D;В наличии;https://intelka-shop.ru/proizvoditeli/systeme-electric/?section=19#
SPD6302N3N4003D - Автоматический выключатель SPD630 2P 50КА 250В;SPD6302N3N4003D;SPD6302N3N4003D;В наличии;https://intelka-shop.ru/proizvoditeli/systeme-electric/?section=19#
SPD6302N3N5003D - Автоматический выключатель SPD630 2P 50КА 250В;SPD6302N3N5003D;SPD6302N3N5003D;Под заказ;https://intelka-shop.ru/proizvoditeli/systeme-electric/?section=19#
SPD6302N3N6303D - Автоматический выключатель SPD630 2P 50КА 250В;SPD6302N3N6303D;SPD6302N3N6303D;Под заказ;https://intelka-shop.ru/proizvoditeli/systeme-electric/?section=19#
SPD6303N4B2504D - Автоматический выключатель SPD630 3P 50КА250В;SPD6303N4B2504D;SPD6303N4B2504D;Под заказ;https://intelka-shop.ru/proizvoditeli/systeme-electric/?section=19#
SPD6303N4B3154D - Автоматический выключатель SPD630 3P 50КА 250В;SPD6303N4B3154D;SPD6303N4B3154D;Под заказ;https://intelka-shop.ru/proizvoditeli/systeme-electric/?section=19#
SPD6303N4B3504D - Автоматический выключатель SPD630 3P 50КА 250В;SPD6303N4B3504D;SPD6303N4B3504D;Под заказ;https://intelka-shop.ru/proizvoditeli/systeme-electric/?section=19#
SPC100F04052E3DF - Автоматический выключатель SYSTEMEPACT CCB100 36KA 3P3D S5.2E 40A;SPC100F04052E3DF;SPC100F04052E3DF;Под заказ;https://intelka-shop.ru/proizvoditeli/systeme-electric/?section=19#
SPC100F10052E3DF - Автоматический выключатель SYSTEMEPACT CCB100 36KA 3P3D S5.2E 100A;SPC100F10052E3DF;SPC100F10052E3DF;Под заказ;https://intelka-shop.ru/proizvoditeli/systeme-electric/?section=19#
SPC160F16052E3DF - Автоматический выключатель SYSTEMEPACT CCB160 36KA 3P3D S5.2E 160A;SPC160F16052E3DF;SPC160F16052E3DF;Под заказ;https://intelka-shop.ru/proizvoditeli/systeme-electric/?section=19#
SPC250F25052E3DF - Автоматический выключатель SYSTEMEPACT CCB250 36KA 3P3D S5.2E 250A;SPC250F25052E3DF;SPC250F25052E3DF;Под заказ;https://intelka-shop.ru/proizvoditeli/systeme-electric/?section=19#
SPC400F40053E3DF - Автоматический выключатель SYSTEMEPACT CCB400 36KA 3P3D S5.3E 400A;SPC400F40053E3DF;SPC400F40053E3DF;Под заказ;https://intelka-shop.ru/proizvoditeli/systeme-electric/?section=19#
SPC630F63053E3DF - Автоматический выключатель SYSTEMEPACT CCB630 36KA 3P3D S5.3E 630A;SPC630F63053E3DF;SPC630F63053E3DF;В наличии;https://intelka-shop.ru/proizvoditeli/systeme-electric/?section=19#
SPC100N04052E3DF - Автоматический выключатель SYSTEMEPACT CCB100 50KA 3P3D S5.2E 40A;SPC100N04052E3DF;SPC100N04052E3DF;В наличии;https://intelka-shop.ru/proizvoditeli/systeme-electric/?section=19#
SPC100N10052E3DF - Автоматический выключатель SYSTEMEPACT CCB100 50KA 3P3D S5.2E 100A;SPC100N10052E3DF;SPC100N10052E3DF;Под заказ;https://intelka-shop.ru/proizvoditeli/systeme-electric/?section=19#
SPC160N16052E3DF - Автоматический выключатель SYSTEMEPACT CCB160 50KA 3P3D S5.2E 160A;SPC160N16052E3DF;SPC160N16052E3DF;В наличии;https://intelka-shop.ru/proizvoditeli/systeme-electric/?section=19#
SPC250N25052E3DF - Автоматический выключатель SYSTEMEPACT CCB250 50KA 3P3D S5.2E 250A;SPC250N25052E3DF;SPC250N25052E3DF;В наличии;https://intelka-shop.ru/proizvoditeli/systeme-electric/?section=19#
SPC400N40053E3DF - Автоматический выключатель SYSTEMEPACT CCB400 50KA 3P3D S5.3E 400A;SPC400N40053E3DF;SPC400N40053E3DF;Под заказ;https://intelka-shop.ru/proizvoditeli/systeme-electric/?section=19#
SPC630N63053E3DF - Автоматический выключатель SYSTEMEPACT CCB630 50KA 3P3D S5.3E 630A;SPC630N63053E3DF;SPC630N63053E3DF;Под заказ;https://intelka-shop.ru/proizvoditeli/systeme-electric/?section=19#
SPC100S04052E3DF - Автоматический выключатель SYSTEMEPACT CCB100 100KA 3P3D S5.2E 40A;SPC100S04052E3DF;SPC100S04052E3DF;В наличии;https://intelka-shop.ru/proizvoditeli/systeme-electric/?section=19#
SPC100S10052E3DF - Автоматический выключатель SYSTEMEPACT CCB100 100KA 3P3D S5.2E 100A;SPC100S10052E3DF;SPC100S10052E3DF;Под заказ;https://intelka-shop.ru/proizvoditeli/systeme-electric/?section=19#
SPC160S16052E3DF - Автоматический выключатель SYSTEMEPACT CCB160 100KA 3P3D S5.2E 160A;SPC160S16052E3DF;SPC160S16052E3DF;В наличии;https://intelka-shop.ru/proizvoditeli/systeme-electric/?section=19#
SPC250S25052E3DF - Автоматический выключатель SYSTEMEPACT CCB250 100KA 3P3D S5.2E 250A;SPC250S25052E3DF;SPC250S25052E3DF;В наличии;https://intelka-shop.ru/proizvoditeli/systeme-electric/?section=19#
SPC400S40053E3DF - Автоматический выключатель SYSTEMEPACT CCB400 100KA 3P3D S5.3E 400A;SPC400S40053E3DF;SPC400S40053E3DF;Под заказ;https://intelka-shop.ru/proizvoditeli/systeme-electric/?section=19#
SPC630S63053E3DF - Автоматический выключатель SYSTEMEPACT CCB630 100KA 3P3D S5.3E 630A;SPC630S63053E3DF;SPC630S63053E3DF;Под заказ;https://intelka-shop.ru/proizvoditeli/systeme-electric/?section=19#
SPC100F04052E4DF - Автоматический выключатель SYSTEMEPACT CCB100 36KA 4P4D S5.2E 40A;SPC100F04052E4DF;SPC100F04052E4DF;Под заказ;https://intelka-shop.ru/proizvoditeli/systeme-electric/?section=19#
SPC100F10052E4DF - Автоматический выключатель SYSTEMEPACT CCB100 36KA 4P4D S5.2E 100A;SPC100F10052E4DF;SPC100F10052E4DF;Под заказ;https://intelka-shop.ru/proizvoditeli/systeme-electric/?section=19#
SPC160F16052E4DF - Автоматический выключатель SYSTEMEPACT CCB160 36KA 4P4D S5.2E 160A;SPC160F16052E4DF;SPC160F16052E4DF;Под заказ;https://intelka-shop.ru/proizvoditeli/systeme-electric/?section=19#
SPC250F25052E4DF - Автоматический выключатель SYSTEMEPACT CCB250 36KA 4P4D S5.2E 250A;SPC250F25052E4DF;SPC250F25052E4DF;Под заказ;https://intelka-shop.ru/proizvoditeli/systeme-electric/?section=19#
SPC400F40053E4DF - Автоматический выключатель SYSTEMEPACT CCB400 36KA 4P4D S5.3E 400A;SPC400F40053E4DF;SPC400F40053E4DF;Под заказ;https://intelka-shop.ru/proizvoditeli/systeme-electric/?section=19#
SPC630F63053E4DF - Автоматический выключатель SYSTEMEPACT CCB630 36KA 4P4D S5.3E 630A;SPC630F63053E4DF;SPC630F63053E4DF;Под заказ;https://intelka-shop.ru/proizvoditeli/systeme-electric/?section=19#
SPC100N04052E4DF - Автоматический выключатель SYSTEMEPACT CCB100 50KA 4P4D S5.2E 40A;SPC100N04052E4DF;SPC100N04052E4DF;В наличии;https://intelka-shop.ru/proizvoditeli/systeme-electric/?section=19#
SPC100N10052E4DF - Автоматический выключатель SYSTEMEPACT CCB100 50KA 4P4D S5.2E 100A;SPC100N10052E4DF;SPC100N10052E4DF;Под заказ;https://intelka-shop.ru/proizvoditeli/systeme-electric/?section=19#
SPC160N16052E4DF - Автоматический выключатель SYSTEMEPACT CCB160 50KA 4P4D S5.2E 160A;SPC160N16052E4DF;SPC160N16052E4DF;Под заказ;https://intelka-shop.ru/proizvoditeli/systeme-electric/?section=19#
SPC250N25052E4DF - Автоматический выключатель SYSTEMEPACT CCB250 50KA 4P4D S5.2E 250A;SPC250N25052E4DF;SPC250N25052E4DF;Под заказ;https://intelka-shop.ru/proizvoditeli/systeme-electric/?section=19#
SPC400N40053E4DF - Автоматический выключатель SYSTEMEPACT CCB400 50KA 4P4D S5.3E 400A;SPC400N40053E4DF;SPC400N40053E4DF;В наличии;https://intelka-shop.ru/proizvoditeli/systeme-electric/?section=19#
SPC630N63053E4DF - Автоматический выключатель SYSTEMEPACT CCB630 50KA 4P4D S5.3E 630A;SPC630N63053E4DF;SPC630N63053E4DF;Под заказ;https://intelka-shop.ru/proizvoditeli/systeme-electric/?section=19#
SPC100S04052E4DF - Автоматический выключатель SYSTEMEPACT CCB100;SPC100S04052E4DF;SPC100S04052E4DF;В наличии;https://intelka-shop.ru/proizvoditeli/systeme-electric/?section=19#
SPC100S10052E4DF - Автоматический выключатель SYSTEMEPACT CCB100 100KA 4P4D S5.2E 100A;SPC100S10052E4DF;SPC100S10052E4DF;Под заказ;https://intelka-shop.ru/proizvoditeli/systeme-electric/?section=19#
SPC160S16052E4DF - Автоматический выключатель SYSTEMEPACT CCB160 100KA 4P4D S5.2E 160A;SPC160S16052E4DF;SPC160S16052E4DF;Под заказ;https://intelka-shop.ru/proizvoditeli/systeme-electric/?section=19#
SPC250S25052E4DF - Автоматический выключатель SYSTEMEPACT CCB250 100KA 4P4D S5.2E 250A;SPC250S25052E4DF;SPC250S25052E4DF;Под заказ;https://intelka-shop.ru/proizvoditeli/systeme-electric/?section=19#
SPC400S40053E4DF - Автоматический выключатель SYSTEMEPACT CCB400 100KA 4P4D S5.3E 400A;SPC400S40053E4DF;SPC400S40053E4DF;Под заказ;https://intelka-shop.ru/proizvoditeli/systeme-electric/?section=19#
SPC630S63053E4DF - Автоматический выключатель SYSTEMEPACT CCB630 100KA 4P4D S5.3E 630A;SPC630S63053E4DF;SPC630S63053E4DF;Под заказ;https://intelka-shop.ru/proizvoditeli/systeme-electric/?section=19#
РАМКА ДВЕРИ SYSTEMEPACT ACB2 ВЫКАТНОЙ;SPA-DF40D;SPA-DF40D;В наличии;https://intelka-shop.ru/proizvoditeli/systeme-electric/?section=19#
РАЗДЕЛИТЕЛИ ПОЛЮСОВ SYSTEMEPACT ACB1 3P СТАЦИОНАРНЫЙ;SPA-IB16F3P;SPA-IB16F3P;Под заказ;https://intelka-shop.ru/proizvoditeli/systeme-electric/?section=19#
РАЗДЕЛИТЕЛИ ПОЛЮСОВ SYSTEMEPACT ACB1 4P СТАЦИОНАРНЫЙ;SPA-IB16F4P;SPA-IB16F4P;Под заказ;https://intelka-shop.ru/proizvoditeli/systeme-electric/?section=19#
РАЗДЕЛИТЕЛИ ПОЛЮСОВ SYSTEMEPACT ACB1 3P ВЫКАТНОЙ;SPA-IB16D3P;SPA-IB16D3P;Под заказ;https://intelka-shop.ru/proizvoditeli/systeme-electric/?section=19#
РАЗДЕЛИТЕЛИ ПОЛЮСОВ SYSTEMEPACT ACB1 4P ВЫКАТНОЙ;SPA-IB16D4P;SPA-IB16D4P;Под заказ;https://intelka-shop.ru/proizvoditeli/systeme-electric/?section=19#
РАЗДЕЛИТЕЛИ ПОЛЮСОВ SYSTEMEPACT ACB2 3P СТАЦИОНАРНЫЙ;SPA-IB40F3P;SPA-IB40F3P;Под заказ;https://intelka-shop.ru/proizvoditeli/systeme-electric/?section=19#
РАЗДЕЛИТЕЛИ ПОЛЮСОВ SYSTEMEPACT ACB2 3P ВЫКАТНОЙ;SPA-IB40D3P;SPA-IB40D3P;Под заказ;https://intelka-shop.ru/proizvoditeli/systeme-electric/?section=19#
РАЗДЕЛИТЕЛИ ПОЛЮСОВ SYSTEMEPACT ACB2 4P CТАЦИОНАРНЫЙ;SPA-IB40F4P;SPA-IB40F4P;Под заказ;https://intelka-shop.ru/proizvoditeli/systeme-electric/?section=19#
РАЗДЕЛИТЕЛИ ПОЛЮСОВ SYSTEMEPACT ACB2 4P ВЫКАТНОЙ;SPA-IB40D4P;SPA-IB40D4P;Под заказ;https://intelka-shop.ru/proizvoditeli/systeme-electric/?section=19#
SPA-PSMAC - Блок питания AC220/380 V;SPA-PSMAC;SPA-PSMAC;В наличии;https://intelka-shop.ru/proizvoditeli/systeme-electric/?section=19#
SPA-PSMDC - Блок питания DC110 V/220 V;SPA-PSMDC;SPA-PSMDC;В наличии;https://intelka-shop.ru/proizvoditeli/systeme-electric/?section=19#
SPA-SCM - Модуль управления SYSTEMEPACT ACB по шине связи;SPA-SCM;SPA-SCM;В наличии;https://intelka-shop.ru/proizvoditeli/systeme-electric/?section=19#
SPA-PF - Контакт готовности к включению PF;SPA-PF;SPA-PF;В наличии;https://intelka-shop.ru/proizvoditeli/systeme-electric/?section=19#
SPA-EDT - Контакт положения в шасси CE/CD/CT;SPA-EDT;SPA-EDT;В наличии;https://intelka-shop.ru/proizvoditeli/systeme-electric/?section=19#
SPA-A4416 - Контакт OF для SYSTEMEPACT ACB1 - 4NO4NC;SPA-A4416;SPA-A4416;В наличии;https://intelka-shop.ru/proizvoditeli/systeme-electric/?section=19#
SPA-A8840 - Контакт OF для SYSTEMEPACT ACB2 - 8NO8NC;SPA-A8840;SPA-A8840;Под заказ;https://intelka-shop.ru/proizvoditeli/systeme-electric/?section=19#
SPA-A2240 - Контакт OF для SYSTEMEPACT ACB2-12NO12NC;SPA-A2240;SPA-A2240;Под заказ;https://intelka-shop.ru/proizvoditeli/systeme-electric/?section=19#
SPA-DI16 - Блокировка двери для SYSTEMEPACT ACB1;SPA-DI16;SPA-DI16;В наличии;https://intelka-shop.ru/proizvoditeli/systeme-electric/?section=19#
SPA-DI40 - Блокировка двери для SYSTEMEPACT ACB2;SPA-DI40;SPA-DI40;В наличии;https://intelka-shop.ru/proizvoditeli/systeme-electric/?section=19#
SPA-SSL-SSP163P - Блокировка положения SYSTEMEPACT ACB1 В шасси 3P;SPA-SSL-SSP163P;SPA-SSL-SSP163P;Под заказ;https://intelka-shop.ru/proizvoditeli/systeme-electric/?section=19#
SPA-SSL-SSP164P - Блокировка положения SYSTEMEPACT ACB1 В шасси 4P;SPA-SSL-SSP164P;SPA-SSL-SSP164P;Под заказ;https://intelka-shop.ru/proizvoditeli/systeme-electric/?section=19#
SPA-SSL40 - Блокировка шторки шасси SYSTEMEPACT ACB2;SPA-SSL40;SPA-SSL40;Под заказ;https://intelka-shop.ru/proizvoditeli/systeme-electric/?section=19#
SPA-SSP403P - Шторки шасси SYSTEMEPACT ACB2 3P;SPA-SSP403P;SPA-SSP403P;Под заказ;https://intelka-shop.ru/proizvoditeli/systeme-electric/?section=19#
SPA-SSP404P - Шторки шасси SYSTEMEPACT ACB2 4P;SPA-SSP404P;SPA-SSP404P;В наличии;https://intelka-shop.ru/proizvoditeli/systeme-electric/?section=19#
SPA-K1116 - Блокировка 1 замок 1 ключ-SYSTEMEPACT ACB1;SPA-K1116;SPA-K1116;В наличии;https://intelka-shop.ru/proizvoditeli/systeme-electric/?section=19#
SPA-K1140 - Блокировка 1 замок 1 ключ-SYSTEMEPACT ACB2;SPA-K1140;SPA-K1140;Под заказ;https://intelka-shop.ru/proizvoditeli/systeme-electric/?section=19#
SPA-K1216 - Блокировка 2 замка 1 ключ-SYSTEMEPACT ACB1;SPA-K1216;SPA-K1216;В наличии;https://intelka-shop.ru/proizvoditeli/systeme-electric/?section=19#
SPA-K1240 - Блокировка 2 замка 1 ключ-SYSTEMEPACT ACB2;SPA-K1240;SPA-K1240;В наличии;https://intelka-shop.ru/proizvoditeli/systeme-electric/?section=19#
SPA-K12-16-40 - Блокировка 2 замка 1 ключ: ACB1 И ACB2-ПО 1 шт;SPA-K12-16-40;SPA-K12-16-40;В наличии;https://intelka-shop.ru/proizvoditeli/systeme-electric/?section=19#
SPA-K2316 - Блокировка 3 замка 2 ключ-SYSTEMEPACT ACB1;SPA-K2316;SPA-K2316;В наличии;https://intelka-shop.ru/proizvoditeli/systeme-electric/?section=19#
SPA-K2340 - Блокировка 3 замка 2 ключ-SYSTEMEPACT ACB2;SPA-K2340;SPA-K2340;В наличии;https://intelka-shop.ru/proizvoditeli/systeme-electric/?section=19#
SPA-K23-16-16-40 - Блокировка 3 замка 2 ключа: ACB1-2 шт, ACB2-1 шт;SPA-K23-16-16-40;SPA-K23-16-16-40;В наличии;https://intelka-shop.ru/proizvoditeli/systeme-electric/?section=19#
SPA-K23-16-40-40 - Блокировка 3 замка 2 ключа: ACB1-1 шт, ACB2-2 шт;SPA-K23-16-40-40;SPA-K23-16-40-40;В наличии;https://intelka-shop.ru/proizvoditeli/systeme-electric/?section=19#
SPA-CI216F - Механическая взаимоблокировка тросами для двух стационарных ACB1;SPA-CI216F;SPA-CI216F;В наличии;https://intelka-shop.ru/proizvoditeli/systeme-electric/?section=19#
SPA-CI216D - Механическая взаимоблокировка тросами для двух выкатных ACB1;SPA-CI216D;SPA-CI216D;В наличии;https://intelka-shop.ru/proizvoditeli/systeme-electric/?section=19#
SPA-CI240 - Механическая взаимоблокировка тросами для двух ACB2;SPA-CI240;SPA-CI240;В наличии;https://intelka-shop.ru/proizvoditeli/systeme-electric/?section=19#
SPA-CI3A - Механическая взаимоблокировка тросами для ACB-2;SPA-CI3A;SPA-CI3A;В наличии;https://intelka-shop.ru/proizvoditeli/systeme-electric/?section=19#
SPA-CI3B - Механическая взаимоблокировка тросами для ACB-3;SPA-CI3B;SPA-CI3B;В наличии;https://intelka-shop.ru/proizvoditeli/systeme-electric/?section=19#
SPA-CI3C - Механическая взаимоблокировка тросами для ACB-2;SPA-CI3C;SPA-CI3C;В наличии;https://intelka-shop.ru/proizvoditeli/systeme-electric/?section=19#
SPA-E3CT16 - Внешний ТТ в нейтрали ТСE 630-1600A ACB1;SPA-E3CT16;SPA-E3CT16;В наличии;https://intelka-shop.ru/proizvoditeli/systeme-electric/?section=19#
SPA-E3CT04 - Внешний ТТ в нейтрали ТСE 400A ACB1;SPA-E3CT04;SPA-E3CT04;Под заказ;https://intelka-shop.ru/proizvoditeli/systeme-electric/?section=19#
SPA-E3CT40 - Внешний трансформатор тока в нейтрали ТСE 1600-4000 A ACB2;SPA-E3CT40;SPA-E3CT40;Под заказ;https://intelka-shop.ru/proizvoditeli/systeme-electric/?section=19#
SPA-ELCT - Суммирующая рамка для защиты от утечки;SPA-ELCT;SPA-ELCT;В наличии;https://intelka-shop.ru/proizvoditeli/systeme-electric/?section=19#
SPA-GRCT04 - Внешний ТТ в нейтрали SGR 400A;SPA-GRCT04;SPA-GRCT04;В наличии;https://intelka-shop.ru/proizvoditeli/systeme-electric/?section=19#
SPA-GRCT06 - Внешний ТТ в нейтрали SGR 630A;SPA-GRCT06;SPA-GRCT06;В наличии;https://intelka-shop.ru/proizvoditeli/systeme-electric/?section=19#
SPA-GRCT08 - Внешний ТТ в нейтрали SGR 800A;SPA-GRCT08;SPA-GRCT08;Под заказ;https://intelka-shop.ru/proizvoditeli/systeme-electric/?section=19#
SPA-GRCT10 - Внешний ТТ в нейтрали SGR 1000A;SPA-GRCT10;SPA-GRCT10;В наличии;https://intelka-shop.ru/proizvoditeli/systeme-electric/?section=19#
SPA-GRCT12 - Внешний ТТ в нейтрали SGR 1250A;SPA-GRCT12;SPA-GRCT12;Под заказ;https://intelka-shop.ru/proizvoditeli/systeme-electric/?section=19#
SPA-GRCT16 - Внешний ТТ в нейтрали SGR 1600A;SPA-GRCT16;SPA-GRCT16;В наличии;https://intelka-shop.ru/proizvoditeli/systeme-electric/?section=19#
SPA-GRCT20 - Внешний ТТ в нейтрали SGR 2000A;SPA-GRCT20;SPA-GRCT20;Под заказ;https://intelka-shop.ru/proizvoditeli/systeme-electric/?section=19#
SPA-GRCT25 - Внешний ТТ в нейтрали SGR 2500A;SPA-GRCT25;SPA-GRCT25;Под заказ;https://intelka-shop.ru/proizvoditeli/systeme-electric/?section=19#
SPA-GRCT32 - Внешний ТТ в нейтрали SGR 3200A;SPA-GRCT32;SPA-GRCT32;Под заказ;https://intelka-shop.ru/proizvoditeli/systeme-electric/?section=19#
SPA-GRCT40 - Внешний ТТ в нейтрали SGR 4000A;SPA-GRCT40;SPA-GRCT40;В наличии;https://intelka-shop.ru/proizvoditeli/systeme-electric/?section=19#
SPA-SPD316 - Расширители полюсов SYSTEMEPACT ACB1 3P;SPA-SPD316;SPA-SPD316;В наличии;https://intelka-shop.ru/proizvoditeli/systeme-electric/?section=19#
SPA-SPD416 - Расширители полюсов SYSTEMEPACT ACB1 4P;SPA-SPD416;SPA-SPD416;В наличии;https://intelka-shop.ru/proizvoditeli/systeme-electric/?section=19#
SPA-MX2A - Независимый расцепитель MX 230V AC;SPA-MX2A;SPA-MX2A;Под заказ;https://intelka-shop.ru/proizvoditeli/systeme-electric/?section=19#
SPA-MX4A - Независимый расцепитель MX 400V AC;SPA-MX4A;SPA-MX4A;В наличии;https://intelka-shop.ru/proizvoditeli/systeme-electric/?section=19#
SPA-MX2D - Независимый расцепитель MX 220V DC;SPA-MX2D;SPA-MX2D;В наличии;https://intelka-shop.ru/proizvoditeli/systeme-electric/?section=19#
SPA-MX1D - Независимый расцепитель MX 110V DC;SPA-MX1D;SPA-MX1D;Под заказ;https://intelka-shop.ru/proizvoditeli/systeme-electric/?section=19#
SPA-XF2A - Катушка включения XF 230V AC;SPA-XF2A;SPA-XF2A;В наличии;https://intelka-shop.ru/proizvoditeli/systeme-electric/?section=19#
SPA-XF4A - Катушка включения XF 400V AC;SPA-XF4A;SPA-XF4A;Под заказ;https://intelka-shop.ru/proizvoditeli/systeme-electric/?section=19#
SPA-XF2D - Катушка включения XF 220 V DC;SPA-XF2D;SPA-XF2D;В наличии;https://intelka-shop.ru/proizvoditeli/systeme-electric/?section=19#
SPA-XF1D - Катушка включения XF 110V DC;SPA-XF1D;SPA-XF1D;Под заказ;https://intelka-shop.ru/proizvoditeli/systeme-electric/?section=19#
SPA-MCH162A - Моторный привод MCH ACB1 230V AC;SPA-MCH162A;SPA-MCH162A;В наличии;https://intelka-shop.ru/proizvoditeli/systeme-electric/?section=19#
SPA-MCH402A - Моторный привод MCH ACB2 230V AC;SPA-MCH402A;SPA-MCH402A;В наличии;https://intelka-shop.ru/proizvoditeli/systeme-electric/?section=19#
SPA-MCH164A - Моторный привод MCH ACB1 400V AC;SPA-MCH164A;SPA-MCH164A;Под заказ;https://intelka-shop.ru/proizvoditeli/systeme-electric/?section=19#
SPA-MCH404A - Моторный привод MCH ACB2 400V AC;SPA-MCH404A;SPA-MCH404A;Под заказ;https://intelka-shop.ru/proizvoditeli/systeme-electric/?section=19#
SPA-MCH162D - Моторный привод MCH ACB1 220V DC;SPA-MCH162D;SPA-MCH162D;В наличии;https://intelka-shop.ru/proizvoditeli/systeme-electric/?section=19#
SPA-MCH402D - Моторный привод MCH ACB2 220V DC;SPA-MCH402D;SPA-MCH402D;В наличии;https://intelka-shop.ru/proizvoditeli/systeme-electric/?section=19#
SPA-MCH161D - Моторный привод MCH ACB1 110V DC;SPA-MCH161D;SPA-MCH161D;Под заказ;https://intelka-shop.ru/proizvoditeli/systeme-electric/?section=19#
SPA-MCH401D - Моторный привод MCH ACB2 110V DC;SPA-MCH401D;SPA-MCH401D;Под заказ;https://intelka-shop.ru/proizvoditeli/systeme-electric/?section=19#
SPA-MN2A - Расцепитель минимального напряжения MN 230V AC;SPA-MN2A;SPA-MN2A;В наличии;https://intelka-shop.ru/proizvoditeli/systeme-electric/?section=19#
SPA-MN4A - Расцепитель минимального напряжения MN 400V AC;SPA-MN4A;SPA-MN4A;В наличии;https://intelka-shop.ru/proizvoditeli/systeme-electric/?section=19#
РАСЦЕПИТЕЛЬ MN + ЗАМЕДЛИТЕЛЬ: ПО 230V AC;SPA-MNR2A;SPA-MNR2A;Под заказ;https://intelka-shop.ru/proizvoditeli/systeme-electric/?section=19#
РАСЦЕПИТЕЛЬ MN + ЗАМЕДЛИТЕЛЬ: ПО 400V AC;SPA-MNR4A;SPA-MNR4A;В наличии;https://intelka-shop.ru/proizvoditeli/systeme-electric/?section=19#
SPA-R2A - Замедлитель расцепителя MN 230 V AC;SPA-R2A;SPA-R2A;В наличии;https://intelka-shop.ru/proizvoditeli/systeme-electric/?section=19#
SPA-R4A - Замедлитель расцепителя MN 400 V AC;SPA-R4A;SPA-R4A;В наличии;https://intelka-shop.ru/proizvoditeli/systeme-electric/?section=19#
SPA-AS16D3P - Кожух клеммника SYSTEMEPACT ACB1 3P;SPA-AS16D3P;SPA-AS16D3P;В наличии;https://intelka-shop.ru/proizvoditeli/systeme-electric/?section=19#
SPA-AS16D4P - Кожух клеммника SYSTEMEPACT ACB1 4P;SPA-AS16D4P;SPA-AS16D4P;Под заказ;https://intelka-shop.ru/proizvoditeli/systeme-electric/?section=19#
SPA-AS40D3P - Кожух клеммника SYSTEMEPACT ACB2 3P;SPA-AS40D3P;SPA-AS40D3P;В наличии;https://intelka-shop.ru/proizvoditeli/systeme-electric/?section=19#
SPA-AS40D4P - Кожух клеммника SYSTEMEPACT ACB2 4P;SPA-AS40D4P;SPA-AS40D4P;Под заказ;https://intelka-shop.ru/proizvoditeli/systeme-electric/?section=19#
SPA-AT1640F3P - 3-проводная клемма SYSTEMEPACT ACB2 стационарный;SPA-AT1640F3P;SPA-AT1640F3P;Под заказ;https://intelka-shop.ru/proizvoditeli/systeme-electric/?section=19#
SPA-AT16D3P - 3-проводная клемма SYSTEMEPACT ACB1 выкатной;SPA-AT16D3P;SPA-AT16D3P;Под заказ;https://intelka-shop.ru/proizvoditeli/systeme-electric/?section=19#
SPA-AT1640F6P - 6-проводная клемма SYSTEMEPACT ACB2 стационарный;SPA-AT1640F6P;SPA-AT1640F6P;Под заказ;https://intelka-shop.ru/proizvoditeli/systeme-electric/?section=19#
SPA-AT16D6P - 6-проводная клемма SYSTEMEPACT ACB1 выкатной;SPA-AT16D6P;SPA-AT16D6P;В наличии;https://intelka-shop.ru/proizvoditeli/systeme-electric/?section=19#
SPA-AT40D3P - 3-проводная клемма SYSTEMEPACT ACB2 выкатной;SPA-AT40D3P;SPA-AT40D3P;В наличии;https://intelka-shop.ru/proizvoditeli/systeme-electric/?section=19#
SPA-AT40D6P - 6-проводная клемма SYSTEMEPACT ACB2 выкатной;SPA-AT40D6P;SPA-AT40D6P;В наличии;https://intelka-shop.ru/proizvoditeli/systeme-electric/?section=19#
РАМКА ДВЕРИ SYSTEMEPACT ACB1 СТАЦИОНАРНЫЙ;SPA-DF16F;SPA-DF16F;Под заказ;https://intelka-shop.ru/proizvoditeli/systeme-electric/?section=19#
РАМКА ДВЕРИ SYSTEMEPACT ACB1 ВЫКАТНОЙ;SPA-DF16D;SPA-DF16D;В наличии;https://intelka-shop.ru/proizvoditeli/systeme-electric/?section=19#
РАМКА ДВЕРИ SYSTEMEPACT ACB2 СТАЦИОНАРНЫЙ;SPA-DF40F;SPA-DF40F;Под заказ;https://intelka-shop.ru/proizvoditeli/systeme-electric/?section=19#
SPA40H083FHNN58E - Автоматический выключатель ACB2 800A 100KA 3P СТАЦ, ГП6.0E;SPA40H083FHNN58E;SPA40H083FHNN58E;Под заказ;https://intelka-shop.ru/proizvoditeli/systeme-electric/?section=19#
SPA40H103FHNN58E - Автоматический выключатель ACB2 1000A 100KA 3P СТАЦ, ГП6.0E;SPA40H103FHNN58E;SPA40H103FHNN58E;Под заказ;https://intelka-shop.ru/proizvoditeli/systeme-electric/?section=19#
SPA40H123FHNN58E - Автоматический выключатель ACB2 1250A 100KA 3P СТАЦ, ГП6.0E;SPA40H123FHNN58E;SPA40H123FHNN58E;Под заказ;https://intelka-shop.ru/proizvoditeli/systeme-electric/?section=19#
SPA40H083FHNN58H - Автоматический выключатель ACB2 800A 100KA 3P СТАЦ, ГП6.0H;SPA40H083FHNN58H;SPA40H083FHNN58H;Под заказ;https://intelka-shop.ru/proizvoditeli/systeme-electric/?section=19#
SPA40H103FHNN58H - Автоматический выключатель ACB2 1000A 100KA 3P СТАЦ, ГП6.0H;SPA40H103FHNN58H;SPA40H103FHNN58H;Под заказ;https://intelka-shop.ru/proizvoditeli/systeme-electric/?section=19#
SPA40H123FHNN58H - Автоматический выключатель ACB2 1250A 100KA 3P СТАЦ, ГП6.0H;SPA40H123FHNN58H;SPA40H123FHNN58H;Под заказ;https://intelka-shop.ru/proizvoditeli/systeme-electric/?section=19#
SPA40H083DHNN58E - Автоматический выключатель ACB2 800A 100KA 3P ВЫК, ГП 6.0E;SPA40H083DHNN58E;SPA40H083DHNN58E;Под заказ;https://intelka-shop.ru/proizvoditeli/systeme-electric/?section=19#
SPA40H103DHNN58E - Автоматический выключатель ACB2 1000A 100KA 3P ВЫК, ГП6.0E;SPA40H103DHNN58E;SPA40H103DHNN58E;Под заказ;https://intelka-shop.ru/proizvoditeli/systeme-electric/?section=19#
SPA40H123DHNN58E - Автоматический выключатель ACB2 1250A 100KA 3P ВЫК, ГП6.0E;SPA40H123DHNN58E;SPA40H123DHNN58E;Под заказ;https://intelka-shop.ru/proizvoditeli/systeme-electric/?section=19#
SPA40H083DHNN58H - Автоматический выключатель ACB2 800A 100KA 3P ВЫК, ГП 6.0H;SPA40H083DHNN58H;SPA40H083DHNN58H;Под заказ;https://intelka-shop.ru/proizvoditeli/systeme-electric/?section=19#
SPA40H103DHNN58H - Автоматический выключатель ACB2 1000A 100KA 3P ВЫК, ГП6.0H;SPA40H103DHNN58H;SPA40H103DHNN58H;Под заказ;https://intelka-shop.ru/proizvoditeli/systeme-electric/?section=19#
SPA40H123DHNN58H - Автоматический выключатель ACB2 1250A 100KA 3P ВЫК, ГП6.0H;SPA40H123DHNN58H;SPA40H123DHNN58H;Под заказ;https://intelka-shop.ru/proizvoditeli/systeme-electric/?section=19#
SPA40H084FHNN58E - Автоматический выключатель ACB2 800A 100KA 4P СТАЦ, ГП 6.0E;SPA40H084FHNN58E;SPA40H084FHNN58E;Под заказ;https://intelka-shop.ru/proizvoditeli/systeme-electric/?section=19#
SPA40H104FHNN58E - Автоматический выключатель ACB2 1000A 100KA 4P СТАЦ, ГП6.0E;SPA40H104FHNN58E;SPA40H104FHNN58E;Под заказ;https://intelka-shop.ru/proizvoditeli/systeme-electric/?section=19#
SPA40H124FHNN58E - Автоматический выключатель ACB2 1250A 100KA 4P СТАЦ, ГП6.0E;SPA40H124FHNN58E;SPA40H124FHNN58E;Под заказ;https://intelka-shop.ru/proizvoditeli/systeme-electric/?section=19#
SPA40H084FHNN58H - Автоматический выключатель ACB2 800A 100KA 4P СТАЦ, ГП6.0H;SPA40H084FHNN58H;SPA40H084FHNN58H;Под заказ;https://intelka-shop.ru/proizvoditeli/systeme-electric/?section=19#
SPA40H104FHNN58H - Автоматический выключатель ACB2 1000A 100KA 4P СТАЦ, ГП6.0H;SPA40H104FHNN58H;SPA40H104FHNN58H;Под заказ;https://intelka-shop.ru/proizvoditeli/systeme-electric/?section=19#
SPA40H124FHNN58H - Автоматический выключатель ACB2 1250A 100KA 4P СТАЦ, ГП6.0H;SPA40H124FHNN58H;SPA40H124FHNN58H;Под заказ;https://intelka-shop.ru/proizvoditeli/systeme-electric/?section=19#
SPA40H084DHNN58E - Автоматический выключатель;SPA40H084DHNN58E;SPA40H084DHNN58E;Под заказ;https://intelka-shop.ru/proizvoditeli/systeme-electric/?section=19#
SPA40H104DHNN58E - Автоматический выключатель ACB2 1000A 100KA 4P ВЫК, ГП6.0E;SPA40H104DHNN58E;SPA40H104DHNN58E;Под заказ;https://intelka-shop.ru/proizvoditeli/systeme-electric/?section=19#
SPA40H124DHNN58E - Автоматический выключатель ACB2 1250A 100KA 4P ВЫК, ГП6.0E;SPA40H124DHNN58E;SPA40H124DHNN58E;Под заказ;https://intelka-shop.ru/proizvoditeli/systeme-electric/?section=19#
SPA40H084DHNN58H - Автоматический выключатель;SPA40H084DHNN58H;SPA40H084DHNN58H;Под заказ;https://intelka-shop.ru/proizvoditeli/systeme-electric/?section=19#
SPA40H104DHNN58H - Автоматический выключатель ACB2 1000A 100KA 4P ВЫК, ГП6.0H;SPA40H104DHNN58H;SPA40H104DHNN58H;Под заказ;https://intelka-shop.ru/proizvoditeli/systeme-electric/?section=19#
SPA40H124DHNN58H - Автоматический выключатель ACB2 1250A 100KA 4P ВЫК, ГП6.0H;SPA40H124DHNN58H;SPA40H124DHNN58H;Под заказ;https://intelka-shop.ru/proizvoditeli/systeme-electric/?section=19#
SPA40H324DHNN58G - Автоматический выключатель;SPA40H324DHNN58G;SPA40H324DHNN58G;Под заказ;https://intelka-shop.ru/proizvoditeli/systeme-electric/?section=19#
SPA40H203DHNN58H - Автоматический выключатель ACB2 20H 3P 6.0H ВЫК, ГП MCH+MX+XF AC230V;SPA40H203DHNN58H;SPA40H203DHNN58H;Под заказ;https://intelka-shop.ru/proizvoditeli/systeme-electric/?section=19#
SPA40H253DHNN58H - Автоматический выключатель ACB2 25H 3P 6.0H ВЫК, ГП MCH+MX+XF AC230V;SPA40H253DHNN58H;SPA40H253DHNN58H;Под заказ;https://intelka-shop.ru/proizvoditeli/systeme-electric/?section=19#
SPA40H323DHNN58H - Автоматический выключатель ACB2 32H 3P 6.0H ВЫК, ГП MCH+MX+XF AC230V;SPA40H323DHNN58H;SPA40H323DHNN58H;Под заказ;https://intelka-shop.ru/proizvoditeli/systeme-electric/?section=19#
SPA40H403DHNN58H - Автоматический выключатель ACB2 40H 3P 6.0H ВЫК, ГП MCH+MX+XF AC230V;SPA40H403DHNN58H;SPA40H403DHNN58H;Под заказ;https://intelka-shop.ru/proizvoditeli/systeme-electric/?section=19#
SPA40H204DHNN58H - Автоматический выключатель ACB2 20H 4P 6.0H ВЫК, ГП MCH+MX+XF AC230V;SPA40H204DHNN58H;SPA40H204DHNN58H;Под заказ;https://intelka-shop.ru/proizvoditeli/systeme-electric/?section=19#
SPA40H254DHNN58H - Автоматический выключатель ACB2 25H 4P 6.0H ВЫК, ГП MCH+MX+XF AC230V;SPA40H254DHNN58H;SPA40H254DHNN58H;Под заказ;https://intelka-shop.ru/proizvoditeli/systeme-electric/?section=19#
SPA40H324DHNN58H - Автоматический выключатель ACB2 32H 4P 6.0H ВЫК, ГП MCH+MX+XF AC230V;SPA40H324DHNN58H;SPA40H324DHNN58H;Под заказ;https://intelka-shop.ru/proizvoditeli/systeme-electric/?section=19#
SPA40H404DHNN58H - Автоматический выключатель ACB2 40H 4P 6.0H ВЫК, ГП MCH+MX+XF AC230V;SPA40H404DHNN58H;SPA40H404DHNN58H;Под заказ;https://intelka-shop.ru/proizvoditeli/systeme-electric/?section=19#
SPA40H203FHNN58H - Автоматический выключатель ACB2 20H 3P 6.0H СТАЦ, ГП MCH+MX+XF AC230V;SPA40H203FHNN58H;SPA40H203FHNN58H;Под заказ;https://intelka-shop.ru/proizvoditeli/systeme-electric/?section=19#
SPA40H253FHNN58H - Автоматический выключатель ACB2 25H 3P 6.0H СТАЦ, ГП MCH+MX+XF AC230V;SPA40H253FHNN58H;SPA40H253FHNN58H;Под заказ;https://intelka-shop.ru/proizvoditeli/systeme-electric/?section=19#
SPA40H323FHNN58H - Автоматический выключатель ACB2 32H 3P 6.0H СТАЦ, ГП MCH+MX+XF AC230V;SPA40H323FHNN58H;SPA40H323FHNN58H;Под заказ;https://intelka-shop.ru/proizvoditeli/systeme-electric/?section=19#
SPA40H403FHNN58H - Автоматический выключатель ACB2 40H 3P 6.0H СТАЦ, ГП MCH+MX+XF AC230V;SPA40H403FHNN58H;SPA40H403FHNN58H;Под заказ;https://intelka-shop.ru/proizvoditeli/systeme-electric/?section=19#
SPA40H204FHNN58H - Автоматический выключатель ACB2 20H 4P 6.0H СТАЦ, ГП MCH+MX+XF AC230V;SPA40H204FHNN58H;SPA40H204FHNN58H;Под заказ;https://intelka-shop.ru/proizvoditeli/systeme-electric/?section=19#
SPA40H254FHNN58H - Автоматический выключатель ACB2 25H 4P 6.0H СТАЦ, ГП MCH+MX+XF AC230V;SPA40H254FHNN58H;SPA40H254FHNN58H;Под заказ;https://intelka-shop.ru/proizvoditeli/systeme-electric/?section=19#
SPA40H324FHNN58H - Автоматический выключатель ACB2 32H 4P 6.0H СТАЦ, ГП MCH+MX+XF AC230V;SPA40H324FHNN58H;SPA40H324FHNN58H;Под заказ;https://intelka-shop.ru/proizvoditeli/systeme-electric/?section=19#
SPA40H404FHNN58H - Автоматический выключатель ACB2 40H 4P 6.0H СТАЦ, ГП MCH+MX+XF AC230V;SPA40H404FHNN58H;SPA40H404FHNN58H;Под заказ;https://intelka-shop.ru/proizvoditeli/systeme-electric/?section=19#
SPA40H203DHNN58E - Автоматический выключатель ACB2 20H 3P 6.0E ВЫК, ГП MCH+MX+XF AC230V;SPA40H203DHNN58E;SPA40H203DHNN58E;Под заказ;https://intelka-shop.ru/proizvoditeli/systeme-electric/?section=19#
SPA40H253DHNN58E - Автоматический выключатель ACB2 25H 3P 6.0E ВЫК, ГП MCH+MX+XF AC230V;SPA40H253DHNN58E;SPA40H253DHNN58E;Под заказ;https://intelka-shop.ru/proizvoditeli/systeme-electric/?section=19#
SPA40H323DHNN58E - Автоматический выключатель ACB2 32H 3P 6.0E ВЫК, ГП MCH+MX+XF AC230V;SPA40H323DHNN58E;SPA40H323DHNN58E;Под заказ;https://intelka-shop.ru/proizvoditeli/systeme-electric/?section=19#
SPA40H403DHNN58E - Автоматический выключатель ACB2 40H 3P 6.0E ВЫК, ГП MCH+MX+XF AC230V;SPA40H403DHNN58E;SPA40H403DHNN58E;Под заказ;https://intelka-shop.ru/proizvoditeli/systeme-electric/?section=19#
SPA40H204DHNN58E - Автоматический выключатель ACB2 20H 4P 6.0E ВЫК, ГП MCH+MX+XF AC230V;SPA40H204DHNN58E;SPA40H204DHNN58E;Под заказ;https://intelka-shop.ru/proizvoditeli/systeme-electric/?section=19#
SPA40H254DHNN58E - Автоматический выключатель ACB2 25H 4P 6.0E ВЫК, ГП MCH+MX+XF AC230V;SPA40H254DHNN58E;SPA40H254DHNN58E;Под заказ;https://intelka-shop.ru/proizvoditeli/systeme-electric/?section=19#
SPA40H324DHNN58E - Автоматический выключатель ACB2 32H 4P 6.0E ВЫК, ГП MCH+MX+XF AC230V;SPA40H324DHNN58E;SPA40H324DHNN58E;Под заказ;https://intelka-shop.ru/proizvoditeli/systeme-electric/?section=19#
SPA40H404DHNN58E - Автоматический выключатель ACB2 40H 4P 6.0E ВЫК, ГП MCH+MX+XF AC230V;SPA40H404DHNN58E;SPA40H404DHNN58E;Под заказ;https://intelka-shop.ru/proizvoditeli/systeme-electric/?section=19#
SPA40H203FHNN58E - Автоматический выключатель ACB2 20H 3P 6.0E СТАЦ, ГП MCH+MX+XF AC230V;SPA40H203FHNN58E;SPA40H203FHNN58E;Под заказ;https://intelka-shop.ru/proizvoditeli/systeme-electric/?section=19#
SPA40H253FHNN58E - Автоматический выключатель ACB2 25H 3P 6.0E СТАЦ, ГП MCH+MX+XF AC230V;SPA40H253FHNN58E;SPA40H253FHNN58E;Под заказ;https://intelka-shop.ru/proizvoditeli/systeme-electric/?section=19#
SPA40H323FHNN58E - Автоматический выключатель ACB2 32H 3P 6.0E СТАЦ, ГП MCH+MX+XF AC230V;SPA40H323FHNN58E;SPA40H323FHNN58E;Под заказ;https://intelka-shop.ru/proizvoditeli/systeme-electric/?section=19#
SPA40H403FHNN58E - Автоматический выключатель ACB2 40H 3P 6.0E СТАЦ, ГП MCH+MX+XF AC230V;SPA40H403FHNN58E;SPA40H403FHNN58E;Под заказ;https://intelka-shop.ru/proizvoditeli/systeme-electric/?section=19#
SPA40H204FHNN58E - Автоматический выключатель ACB2 20H 4P 6.0E СТАЦ, ГП MCH+MX+XF AC230V;SPA40H204FHNN58E;SPA40H204FHNN58E;Под заказ;https://intelka-shop.ru/proizvoditeli/systeme-electric/?section=19#
SPA40H254FHNN58E - Автоматический выключатель ACB2 25H 4P 6.0E СТАЦ, ГП MCH+MX+XF AC230V;SPA40H254FHNN58E;SPA40H254FHNN58E;Под заказ;https://intelka-shop.ru/proizvoditeli/systeme-electric/?section=19#
SPA40H324FHNN58E - Автоматический выключатель ACB2 32H 4P 6.0E СТАЦ, ГП MCH+MX+XF AC230V;SPA40H324FHNN58E;SPA40H324FHNN58E;Под заказ;https://intelka-shop.ru/proizvoditeli/systeme-electric/?section=19#
SPA40H404FHNN58E - Автоматический выключатель ACB2 40H 4P 6.0E СТАЦ, ГП MCH+MX+XF AC230V;SPA40H404FHNN58E;SPA40H404FHNN58E;Под заказ;https://intelka-shop.ru/proizvoditeli/systeme-electric/?section=19#
SPA40H163DHNN58H - Автоматический выключатель ACB2 16H 3P 6.0H ВЫК, ГП MCH+XF+MX230V;SPA40H163DHNN58H;SPA40H163DHNN58H;Под заказ;https://intelka-shop.ru/proizvoditeli/systeme-electric/?section=19#
SPA40H164DHNN58H - Автоматический выключатель ACB2 16H 4P 6.0H ВЫК, ГП MCH+XF+MX230V;SPA40H164DHNN58H;SPA40H164DHNN58H;Под заказ;https://intelka-shop.ru/proizvoditeli/systeme-electric/?section=19#
SPA40H163FHNN58H - Автоматический выключатель ACB2 16H 3P 6.0H СТАЦ, ГП MCH+XF+MX230V;SPA40H163FHNN58H;SPA40H163FHNN58H;Под заказ;https://intelka-shop.ru/proizvoditeli/systeme-electric/?section=19#
SPA40H164FHNN58H - Автоматический выключатель ACB2 16H 4P 6.0H СТАЦ, ГП MCH+XF+MX230V;SPA40H164FHNN58H;SPA40H164FHNN58H;Под заказ;https://intelka-shop.ru/proizvoditeli/systeme-electric/?section=19#
SPA40H163DHNN58E - Автоматический выключатель ACB2 16H 3P 6.0E ВЫК, ГП MCH+XF+MX230V;SPA40H163DHNN58E;SPA40H163DHNN58E;Под заказ;https://intelka-shop.ru/proizvoditeli/systeme-electric/?section=19#
SPA40H164DHNN58E - Автоматический выключатель ACB2 16H 4P 6.0E ВЫК, ГП MCH+XF+MX230V;SPA40H164DHNN58E;SPA40H164DHNN58E;Под заказ;https://intelka-shop.ru/proizvoditeli/systeme-electric/?section=19#
SPA40H163FHNN58E - Автоматический выключатель ACB2 6H 3P 6.0E СТАЦ, ГП MCH+XF+MX230V;SPA40H163FHNN58E;SPA40H163FHNN58E;Под заказ;https://intelka-shop.ru/proizvoditeli/systeme-electric/?section=19#
SPA40H164FHNN58E - Автоматический выключатель ACB2 16H 4P 6.0E СТАЦ, ГП MCH+XF+MX230V;SPA40H164FHNN58E;SPA40H164FHNN58E;Под заказ;https://intelka-shop.ru/proizvoditeli/systeme-electric/?section=19#
SPA40H403DVNN58E - Автоматический выключатель ACB2 40H 3P 6.0E ВЫК, ВП MCH+MX+XF AC230V;SPA40H403DVNN58E;SPA40H403DVNN58E;Под заказ;https://intelka-shop.ru/proizvoditeli/systeme-electric/?section=19#
SPA40H403FVNN58E - Автоматический выключатель ACB2 40H 3P 6.0E СТАЦ, ВП MCH+MX+XF AC230V;SPA40H403FVNN58E;SPA40H403FVNN58E;Под заказ;https://intelka-shop.ru/proizvoditeli/systeme-electric/?section=19#
SPA40H403DVNN58H - Автоматический выключатель ACB2 40H 3P 6.0H ВЫК, ВП MCH+MX+XF AC230V;SPA40H403DVNN58H;SPA40H403DVNN58H;Под заказ;https://intelka-shop.ru/proizvoditeli/systeme-electric/?section=19#
SPA40H403FVNN58H - Автоматический выключатель ACB2 40H 3P 6.0H СТАЦ, ВП MCH+MX+XF AC230V;SPA40H403FVNN58H;SPA40H403FVNN58H;Под заказ;https://intelka-shop.ru/proizvoditeli/systeme-electric/?section=19#
SPA40H404DVNN58E - Автоматический выключатель ACB2 40H 4P 6.0E ВЫК, ВП MCH+MX+XF AC230V;SPA40H404DVNN58E;SPA40H404DVNN58E;Под заказ;https://intelka-shop.ru/proizvoditeli/systeme-electric/?section=19#
SPA40H404FVNN58E - Автоматический выключатель ACB2 40H 4P 6.0E СТАЦ, ВП MCH+MX+XF AC230V;SPA40H404FVNN58E;SPA40H404FVNN58E;Под заказ;https://intelka-shop.ru/proizvoditeli/systeme-electric/?section=19#
SPA40H404DVNN58H - Автоматический выключатель ACB2 40H 4P 6.0H ВЫК, ВП MCH+MX+XF AC230V;SPA40H404DVNN58H;SPA40H404DVNN58H;Под заказ;https://intelka-shop.ru/proizvoditeli/systeme-electric/?section=19#
SPA40H404FVNN58H - Автоматический выключатель ACB2 40H 4P 6.0H СТАЦ, ВП MCH+MX+XF AC230V;SPA40H404FVNN58H;SPA40H404FVNN58H;Под заказ;https://intelka-shop.ru/proizvoditeli/systeme-electric/?section=19#
SPA40H404DHNN58G - Автоматический выключатель;SPA40H404DHNN58G;SPA40H404DHNN58G;Под заказ;https://intelka-shop.ru/proizvoditeli/systeme-electric/?section=19#
SPA16N104DHNN54G - Автоматический выключатель;SPA16N104DHNN54G;SPA16N104DHNN54G;Под заказ;https://intelka-shop.ru/proizvoditeli/systeme-electric/?section=19#
SPA16N163FHNN54H - Автоматический выключатель ACB1 16N 3P 6.0H СТАЦ, ГП MCH+MX+XF AC230V;SPA16N163FHNN54H;SPA16N163FHNN54H;Под заказ;https://intelka-shop.ru/proizvoditeli/systeme-electric/?section=19#
SPA16N044FHNN54H - Автоматический выключатель ACB1 04N 4P 6.0H СТАЦ, ГП MCH+MX+XF AC230V;SPA16N044FHNN54H;SPA16N044FHNN54H;Под заказ;https://intelka-shop.ru/proizvoditeli/systeme-electric/?section=19#
SPA16N064FHNN54H - Автоматический выключатель ACB1 06N 4P 6.0H СТАЦ, ГП MCH+MX+XF AC230V;SPA16N064FHNN54H;SPA16N064FHNN54H;Под заказ;https://intelka-shop.ru/proizvoditeli/systeme-electric/?section=19#
SPA16N084FHNN54H - Автоматический выключатель ACB1 08N 4P 6.0H СТАЦ, ГП MCH+MX+XF AC230V;SPA16N084FHNN54H;SPA16N084FHNN54H;Под заказ;https://intelka-shop.ru/proizvoditeli/systeme-electric/?section=19#
SPA16N104FHNN54H - Автоматический выключатель ACB1 10N 4P 6.0H СТАЦ, ГП MCH+MX+XF AC230V;SPA16N104FHNN54H;SPA16N104FHNN54H;Под заказ;https://intelka-shop.ru/proizvoditeli/systeme-electric/?section=19#
SPA16N124FHNN54H - Автоматический выключатель ACB1 12N 4P 6.0H СТАЦ, ГП MCH+MX+XF AC230V;SPA16N124FHNN54H;SPA16N124FHNN54H;Под заказ;https://intelka-shop.ru/proizvoditeli/systeme-electric/?section=19#
SPA16N164FHNN54H - Автоматический выключатель ACB1 16N 4P 6.0H СТАЦ, ГП MCH+MX+XF AC230V;SPA16N164FHNN54H;SPA16N164FHNN54H;Под заказ;https://intelka-shop.ru/proizvoditeli/systeme-electric/?section=19#
SPA16N043DHNN54E - Автоматический выключатель ACB1 04N 3P 6.0E ВЫК, ГП MCH+MX+XF AC230V;SPA16N043DHNN54E;SPA16N043DHNN54E;Под заказ;https://intelka-shop.ru/proizvoditeli/systeme-electric/?section=19#
SPA16N063DHNN54E - Автоматический выключатель ACB1 06N 3P 6.0E ВЫК, ГП MCH+MX+XF AC230V;SPA16N063DHNN54E;SPA16N063DHNN54E;Под заказ;https://intelka-shop.ru/proizvoditeli/systeme-electric/?section=19#
SPA16N083DHNN54E - Автоматический выключатель ACB1 08N 3P 6.0E ВЫК, ГП MCH+MX+XF AC230V;SPA16N083DHNN54E;SPA16N083DHNN54E;Под заказ;https://intelka-shop.ru/proizvoditeli/systeme-electric/?section=19#
SPA16N103DHNN54E - Автоматический выключатель ACB1 10N 3P 6.0E ВЫК, ГП MCH+MX+XF AC230V;SPA16N103DHNN54E;SPA16N103DHNN54E;Под заказ;https://intelka-shop.ru/proizvoditeli/systeme-electric/?section=19#
SPA16N123DHNN54E - Автоматический выключатель ACB1 12N 3P 6.0E ВЫК, ГП MCH+MX+XF AC230V;SPA16N123DHNN54E;SPA16N123DHNN54E;Под заказ;https://intelka-shop.ru/proizvoditeli/systeme-electric/?section=19#
SPA16N163DHNN54E - Автоматический выключатель ACB1 16N 3P 6.0E ВЫК, ГП MCH+MX+XF AC230V;SPA16N163DHNN54E;SPA16N163DHNN54E;Под заказ;https://intelka-shop.ru/proizvoditeli/systeme-electric/?section=19#
SPA16N044DHNN54E - Автоматический выключатель ACB1 04N 4P 6.0E ВЫК, ГП MCH+MX+XF AC230V;SPA16N044DHNN54E;SPA16N044DHNN54E;Под заказ;https://intelka-shop.ru/proizvoditeli/systeme-electric/?section=19#
SPA16N064DHNN54E - Автоматический выключатель ACB1 06N 4P 6.0E ВЫК, ГП MCH+MX+XF AC230V;SPA16N064DHNN54E;SPA16N064DHNN54E;Под заказ;https://intelka-shop.ru/proizvoditeli/systeme-electric/?section=19#
SPA16N084DHNN54E - Автоматический выключатель ACB1 08N 4P 6.0E ВЫК, ГП MCH+MX+XF AC230V;SPA16N084DHNN54E;SPA16N084DHNN54E;Под заказ;https://intelka-shop.ru/proizvoditeli/systeme-electric/?section=19#
SPA16N104DHNN54E - Автоматический выключатель ACB1 10N 4P 6.0E ВЫК, ГП MCH+MX+XF AC230V;SPA16N104DHNN54E;SPA16N104DHNN54E;Под заказ;https://intelka-shop.ru/proizvoditeli/systeme-electric/?section=19#
SPA16N124DHNN54E - Автоматический выключатель ACB1 12N 4P 6.0E ВЫК, ГП MCH+MX+XF AC230V;SPA16N124DHNN54E;SPA16N124DHNN54E;Под заказ;https://intelka-shop.ru/proizvoditeli/systeme-electric/?section=19#
SPA16N164DHNN54E - Автоматический выключатель ACB1 16N 4P 6.0E ВЫК, ГП MCH+MX+XF AC230V;SPA16N164DHNN54E;SPA16N164DHNN54E;Под заказ;https://intelka-shop.ru/proizvoditeli/systeme-electric/?section=19#
SPA16N043FHNN54E - Автоматический выключатель ACB1 04N 3P 6.0E СТАЦ, ГП MCH+MX+XF AC230V;SPA16N043FHNN54E;SPA16N043FHNN54E;Под заказ;https://intelka-shop.ru/proizvoditeli/systeme-electric/?section=19#
SPA16N063FHNN54E - Автоматический выключатель ACB1 06N 3P 6.0E СТАЦ, ГП MCH+MX+XF AC230V;SPA16N063FHNN54E;SPA16N063FHNN54E;Под заказ;https://intelka-shop.ru/proizvoditeli/systeme-electric/?section=19#
SPA16N083FHNN54E - Автоматический выключатель ACB1 08N 3P 6.0E СТАЦ, ГП MCH+MX+XF AC230V;SPA16N083FHNN54E;SPA16N083FHNN54E;Под заказ;https://intelka-shop.ru/proizvoditeli/systeme-electric/?section=19#
SPA16N103FHNN54E - Автоматический выключатель ACB1 10N 3P 6.0E СТАЦ, ГП MCH+MX+XF AC230V;SPA16N103FHNN54E;SPA16N103FHNN54E;Под заказ;https://intelka-shop.ru/proizvoditeli/systeme-electric/?section=19#
SPA16N123FHNN54E - Автоматический выключатель ACB1 12N 3P 6.0E СТАЦ, ГП MCH+MX+XF AC230V;SPA16N123FHNN54E;SPA16N123FHNN54E;Под заказ;https://intelka-shop.ru/proizvoditeli/systeme-electric/?section=19#
SPA16N163FHNN54E - Автоматический выключатель ACB1 16N 3P 6.0E СТАЦ, ГП MCH+MX+XF AC230V;SPA16N163FHNN54E;SPA16N163FHNN54E;Под заказ;https://intelka-shop.ru/proizvoditeli/systeme-electric/?section=19#
SPA16N044FHNN54E - Автоматический выключатель ACB1 04N 4P 6.0E СТАЦ, ГП MCH+MX+XF AC230V;SPA16N044FHNN54E;SPA16N044FHNN54E;Под заказ;https://intelka-shop.ru/proizvoditeli/systeme-electric/?section=19#
SPA16N064FHNN54E - Автоматический выключатель ACB1 06N 4P 6.0E СТАЦ, ГП MCH+MX+XF AC230V;SPA16N064FHNN54E;SPA16N064FHNN54E;Под заказ;https://intelka-shop.ru/proizvoditeli/systeme-electric/?section=19#
SPA16N084FHNN54E - Автоматический выключатель ACB1 08N 4P 6.0E СТАЦ, ГП MCH+MX+XF AC230V;SPA16N084FHNN54E;SPA16N084FHNN54E;Под заказ;https://intelka-shop.ru/proizvoditeli/systeme-electric/?section=19#
SPA16N104FHNN54E - Автоматический выключатель ACB1 10N 4P 6.0E СТАЦ, ГП MCH+MX+XF AC230V;SPA16N104FHNN54E;SPA16N104FHNN54E;Под заказ;https://intelka-shop.ru/proizvoditeli/systeme-electric/?section=19#
SPA16N124FHNN54E - Автоматический выключатель ACB1 12N 4P 6.0E СТАЦ, ГП MCH+MX+XF AC230V;SPA16N124FHNN54E;SPA16N124FHNN54E;Под заказ;https://intelka-shop.ru/proizvoditeli/systeme-electric/?section=19#
SPA16N164FHNN54E - Автоматический выключатель ACB1 16N 4P 6.0E СТАЦ, ГП MCH+MX+XF AC230V;SPA16N164FHNN54E;SPA16N164FHNN54E;Под заказ;https://intelka-shop.ru/proizvoditeli/systeme-electric/?section=19#
SPA16N103DHNN54G - Автоматический выключатель ACB1 SPA1 1000A 50KA 3P 6.0H 4NO+4NC MCH+XF+MX AC230V;SPA16N103DHNN54G;SPA16N103DHNN54G;Под заказ;https://intelka-shop.ru/proizvoditeli/systeme-electric/?section=19#
SPA16N043DHNN54H - Автоматический выключатель ACB1 04N 3P 6.0H ВЫК, ГП MCH+MX+XF AC230V;SPA16N043DHNN54H;SPA16N043DHNN54H;Под заказ;https://intelka-shop.ru/proizvoditeli/systeme-electric/?section=19#
SPA16N063DHNN54H - Автоматический выключатель ACB1 06N 3P 6.0H ВЫК, ГП MCH+MX+XF AC230V;SPA16N063DHNN54H;SPA16N063DHNN54H;Под заказ;https://intelka-shop.ru/proizvoditeli/systeme-electric/?section=19#
SPA16N083DHNN54H - Автоматический выключатель ACB1 08N 3P 6.0H ВЫК, ГП MCH+MX+XF AC230V;SPA16N083DHNN54H;SPA16N083DHNN54H;Под заказ;https://intelka-shop.ru/proizvoditeli/systeme-electric/?section=19#
SPA16N103DHNN54H - Автоматический выключатель ACB1 10N 3P 6.0H ВЫК, ГП MCH+MX+XF AC230V;SPA16N103DHNN54H;SPA16N103DHNN54H;Под заказ;https://intelka-shop.ru/proizvoditeli/systeme-electric/?section=19#
SPA16N123DHNN54H - Автоматический выключатель ACB1 12N 3P 6.0H ВЫК, ГП MCH+MX+XF AC230V;SPA16N123DHNN54H;SPA16N123DHNN54H;Под заказ;https://intelka-shop.ru/proizvoditeli/systeme-electric/?section=19#
SPA16N163DHNN54H - Автоматический выключатель ACB1 16N 3P 6.0H ВЫК, ГП MCH+MX+XF AC230V;SPA16N163DHNN54H;SPA16N163DHNN54H;Под заказ;https://intelka-shop.ru/proizvoditeli/systeme-electric/?section=19#
SPA16N044DHNN54H - Автоматический выключатель ACB1 04N 4P 6.0H ВЫК, ГП MCH+MX+XF AC230V;SPA16N044DHNN54H;SPA16N044DHNN54H;Под заказ;https://intelka-shop.ru/proizvoditeli/systeme-electric/?section=19#
SPA16N064DHNN54H - Автоматический выключатель ACB1 06N 4P 6.0H ВЫК, ГП MCH+MX+XF AC230V;SPA16N064DHNN54H;SPA16N064DHNN54H;Под заказ;https://intelka-shop.ru/proizvoditeli/systeme-electric/?section=19#
SPA16N084DHNN54H - Автоматический выключатель ACB1 08N 4P 6.0H ВЫК, ГП MCH+MX+XF AC230V;SPA16N084DHNN54H;SPA16N084DHNN54H;Под заказ;https://intelka-shop.ru/proizvoditeli/systeme-electric/?section=19#
SPA16N104DHNN54H - Автоматический выключатель ACB1 10N 4P 6.0H ВЫК, ГП MCH+MX+XF AC230V;SPA16N104DHNN54H;SPA16N104DHNN54H;Под заказ;https://intelka-shop.ru/proizvoditeli/systeme-electric/?section=19#
SPA16N124DHNN54H - Автоматический выключатель ACB1 12N 4P 6.0H ВЫК, ГП MCH+MX+XF AC230V;SPA16N124DHNN54H;SPA16N124DHNN54H;Под заказ;https://intelka-shop.ru/proizvoditeli/systeme-electric/?section=19#
SPA16N164DHNN54H - Автоматический выключатель ACB1 16N 4P 6.0H ВЫК, ГП MCH+MX+XF AC230V;SPA16N164DHNN54H;SPA16N164DHNN54H;Под заказ;https://intelka-shop.ru/proizvoditeli/systeme-electric/?section=19#
SPA16N043FHNN54H - Автоматический выключатель ACB1 04N 3P 6.0H СТАЦ, ГП MCH+MX+XF AC230V;SPA16N043FHNN54H;SPA16N043FHNN54H;Под заказ;https://intelka-shop.ru/proizvoditeli/systeme-electric/?section=19#
SPA16N063FHNN54H - Автоматический выключатель ACB1 06N 3P 6.0H СТАЦ, ГП MCH+MX+XF AC230V;SPA16N063FHNN54H;SPA16N063FHNN54H;Под заказ;https://intelka-shop.ru/proizvoditeli/systeme-electric/?section=19#
SPA16N083FHNN54H - Автоматический выключатель ACB1 08N 3P 6.0H СТАЦ, ГП MCH+MX+XF AC230V;SPA16N083FHNN54H;SPA16N083FHNN54H;Под заказ;https://intelka-shop.ru/proizvoditeli/systeme-electric/?section=19#
SPA16N103FHNN54H - Автоматический выключатель ACB1 10N 3P 6.0H СТАЦ, ГП MCH+MX+XF AC230V;SPA16N103FHNN54H;SPA16N103FHNN54H;Под заказ;https://intelka-shop.ru/proizvoditeli/systeme-electric/?section=19#
SPA16N123FHNN54H - Автоматический выключатель ACB1 12N 3P 6.0H СТАЦ, ГП MCH+MX+XF AC230V;SPA16N123FHNN54H;SPA16N123FHNN54H;Под заказ;https://intelka-shop.ru/proizvoditeli/systeme-electric/?section=19#
SPC-250VG34 - Блок дифференциальной защиты VIGI 100-250A 4P неотключение и сигнализация;SPC-250VG34;SPC-250VG34;Под заказ;https://intelka-shop.ru/proizvoditeli/systeme-electric/?section=19#
SPC-630VG13 - Блок дифференциальной защиты VIGI 400-630A 3P отключение;SPC-630VG13;SPC-630VG13;Под заказ;https://intelka-shop.ru/proizvoditeli/systeme-electric/?section=19#
SPC-630VG23 - Блок дифференциальной защиты VIGI 400-630A 3P отключение и сигнализация;SPC-630VG23;SPC-630VG23;Под заказ;https://intelka-shop.ru/proizvoditeli/systeme-electric/?section=19#
SPC-630VG33 - Блок дифференциальной защиты VIGI 400-630A 3P неотключение и сигнализация;SPC-630VG33;SPC-630VG33;Под заказ;https://intelka-shop.ru/proizvoditeli/systeme-electric/?section=19#
SPC-630VG14 - Блок дифференциальной защиты VIGI 400-630A 4P отключение;SPC-630VG14;SPC-630VG14;Под заказ;https://intelka-shop.ru/proizvoditeli/systeme-electric/?section=19#
SPC-630VG24 - Блок дифференциальной защиты VIGI 400-630A 4P отключение и сигнализация;SPC-630VG24;SPC-630VG24;Под заказ;https://intelka-shop.ru/proizvoditeli/systeme-electric/?section=19#
SPC-630VG34 - Блок дифференциальной защиты VIGI 400-630A 4P неотключение и сигнализация;SPC-630VG34;SPC-630VG34;Под заказ;https://intelka-shop.ru/proizvoditeli/systeme-electric/?section=19#
SPC-250VG33 - Блок дифференциальной защиты VIGI 100-250A 3P неотключение и сигнализация;SPC-250VG33;SPC-250VG33;Под заказ;https://intelka-shop.ru/proizvoditeli/systeme-electric/?section=19#
SPC-250VG14 - Блок дифференциальной защиты VIGI 100-250A 4P отключение;SPC-250VG14;SPC-250VG14;В наличии;https://intelka-shop.ru/proizvoditeli/systeme-electric/?section=19#
SPC-250VG24 - Блок дифференциальной защиты VIGI 100-250A 4P отключение и сигнализация;SPC-250VG24;SPC-250VG24;Под заказ;https://intelka-shop.ru/proizvoditeli/systeme-electric/?section=19#
SPC-250VG13 - Блок дифференциальной защиты VIGI 100-250A 3P отключение;SPC-250VG13;SPC-250VG13;Под заказ;https://intelka-shop.ru/proizvoditeli/systeme-electric/?section=19#
SPC-250VG23 - Блок дифференциальной защиты VIGI 100-250A 3P отключение и сигнализация;SPC-250VG23;SPC-250VG23;Под заказ;https://intelka-shop.ru/proizvoditeli/systeme-electric/?section=19#
SPC-OFSD-01-06 - Вспомогательный контакт OF/SD/SDE;SPC-OFSD-01-06;SPC-OFSD-01-06;Под заказ;https://intelka-shop.ru/proizvoditeli/systeme-electric/?section=19#
SPC-MXA2-01-06 - Расцепитель независимый MX 220V AC;SPC-MXA2-01-06;SPC-MXA2-01-06;Под заказ;https://intelka-shop.ru/proizvoditeli/systeme-electric/?section=19#
SPC-MXA3-01-06 - Расцепитель независимый MX 380V AC;SPC-MXA3-01-06;SPC-MXA3-01-06;В наличии;https://intelka-shop.ru/proizvoditeli/systeme-electric/?section=19#
SPC-MNA2-01-06 - Расцепитель минимального напряжения MN 220V AC;SPC-MNA2-01-06;SPC-MNA2-01-06;В наличии;https://intelka-shop.ru/proizvoditeli/systeme-electric/?section=19#
SPC-MNA3-01-06 - Расцепитель минимального напряжения MN 380V AC;SPC-MNA3-01-06;SPC-MNA3-01-06;В наличии;https://intelka-shop.ru/proizvoditeli/systeme-electric/?section=19#
SPC-SB3-01-02 - Расширители полюсов 3P (100-250);SPC-SB3-01-02;SPC-SB3-01-02;В наличии;https://intelka-shop.ru/proizvoditeli/systeme-electric/?section=19#
SPC-SB3-04-06 - Расширители полюсов 3P (400-630);SPC-SB3-04-06;SPC-SB3-04-06;Под заказ;https://intelka-shop.ru/proizvoditeli/systeme-electric/?section=19#
SPC-SB4-01-02 - Расширители полюсов 4P (100-250);SPC-SB4-01-02;SPC-SB4-01-02;В наличии;https://intelka-shop.ru/proizvoditeli/systeme-electric/?section=19#
SPC-SB4-04-06 - Расширители полюсов 4P (400-630);SPC-SB4-04-06;SPC-SB4-04-06;Под заказ;https://intelka-shop.ru/proizvoditeli/systeme-electric/?section=19#
РАЗДЕЛИТЕЛИ ПОЛЮСОВ 3P (100-250);SPC-PB3-01-02;SPC-PB3-01-02;Под заказ;https://intelka-shop.ru/proizvoditeli/systeme-electric/?section=19#
РАЗДЕЛИТЕЛИ ПОЛЮСОВ 3P (400-630);SPC-PB3-04-06;SPC-PB3-04-06;Под заказ;https://intelka-shop.ru/proizvoditeli/systeme-electric/?section=19#
РАЗДЕЛИТЕЛИ ПОЛЮСОВ 4P (100-250);SPC-PB4-01-02;SPC-PB4-01-02;Под заказ;https://intelka-shop.ru/proizvoditeli/systeme-electric/?section=19#
РАЗДЕЛИТЕЛИ ПОЛЮСОВ 4P (400-630);SPC-PB4-04-06;SPC-PB4-04-06;В наличии;https://intelka-shop.ru/proizvoditeli/systeme-electric/?section=19#
SPC-DRHS-01-02 - Стандартная поворотная рукоятка (100-250);SPC-DRHS-01-02;SPC-DRHS-01-02;В наличии;https://intelka-shop.ru/proizvoditeli/systeme-electric/?section=19#
SPC-DRHS-04-06 - Стандартная поворотная рукоятка (400-630);SPC-DRHS-04-06;SPC-DRHS-04-06;Под заказ;https://intelka-shop.ru/proizvoditeli/systeme-electric/?section=19#
SPC-ERHS5-01-02 - Выносная поворотная рукоятка (100-250);SPC-ERHS5-01-02;SPC-ERHS5-01-02;Под заказ;https://intelka-shop.ru/proizvoditeli/systeme-electric/?section=19#
SPC-ERHS5-04-06 - Выносная поворотная рукоятка (400-630);SPC-ERHS5-04-06;SPC-ERHS5-04-06;Под заказ;https://intelka-shop.ru/proizvoditeli/systeme-electric/?section=19#
SPC-PIK3-01-02 - Комплект цоколя 3P (100-250);SPC-PIK3-01-02;SPC-PIK3-01-02;В наличии;https://intelka-shop.ru/proizvoditeli/systeme-electric/?section=19#
SPC-PIK3-04-06 - Комплект цоколя 3P (400-630);SPC-PIK3-04-06;SPC-PIK3-04-06;Под заказ;https://intelka-shop.ru/proizvoditeli/systeme-electric/?section=19#
SPC-PIK4-01-02 - Комплект цоколя 4P (100-250);SPC-PIK4-01-02;SPC-PIK4-01-02;В наличии;https://intelka-shop.ru/proizvoditeli/systeme-electric/?section=19#
SPC-PIK4-04-06 - Комплект цоколя 4P (400-630);SPC-PIK4-04-06;SPC-PIK4-04-06;В наличии;https://intelka-shop.ru/proizvoditeli/systeme-electric/?section=19#
SPC-DOK3-01-02 - Комплект выкатного исполнения 3P (100-250);SPC-DOK3-01-02;SPC-DOK3-01-02;В наличии;https://intelka-shop.ru/proizvoditeli/systeme-electric/?section=19#
SPC-DOK3-04-06 - Комплект выкатного исполнения 3P (400-630);SPC-DOK3-04-06;SPC-DOK3-04-06;Под заказ;https://intelka-shop.ru/proizvoditeli/systeme-electric/?section=19#
SPC-DOK4-01-02 - Комплект выкатного исполнения 4P (100-250);SPC-DOK4-01-02;SPC-DOK4-01-02;В наличии;https://intelka-shop.ru/proizvoditeli/systeme-electric/?section=19#
SPC-DOK4-04-06 - Комплект выкатного исполнения 4P (400-630);SPC-DOK4-04-06;SPC-DOK4-04-06;В наличии;https://intelka-shop.ru/proizvoditeli/systeme-electric/?section=19#
SPC-STK-01-02 - Устройство ударного действия (боек) (100-250);SPC-STK-01-02;SPC-STK-01-02;В наличии;https://intelka-shop.ru/proizvoditeli/systeme-electric/?section=19#
SPC-STK-04-06 - Устройство ударного действия (боек) (400-630);SPC-STK-04-06;SPC-STK-04-06;В наличии;https://intelka-shop.ru/proizvoditeli/systeme-electric/?section=19#
SPC-STC3-01-02 - Короткая клеммная заглушка для 3P (100-250);SPC-STC3-01-02;SPC-STC3-01-02;В наличии;https://intelka-shop.ru/proizvoditeli/systeme-electric/?section=19#
SPC-STC3-04-06 - Короткая клеммная заглушка для 3P (400-630);SPC-STC3-04-06;SPC-STC3-04-06;Под заказ;https://intelka-shop.ru/proizvoditeli/systeme-electric/?section=19#
SPC-A9PF-01-06 - Неподвижный блок на 9 проводов (100-630);SPC-A9PF-01-06;SPC-A9PF-01-06;В наличии;https://intelka-shop.ru/proizvoditeli/systeme-electric/?section=19#
ПОДВИЖНЫЙ БЛОК НА 9 ПРОВОДОВ (100-630);SPC-A9PM-01-06;SPC-A9PM-01-06;В наличии;https://intelka-shop.ru/proizvoditeli/systeme-electric/?section=19#
ОСНОВАНИЕ ДЛЯ 2 ПОДВИЖНЫХ БЛОКОВ (100-250);SPC-A9PS-01-02;SPC-A9PS-01-02;Под заказ;https://intelka-shop.ru/proizvoditeli/systeme-electric/?section=19#
ОСНОВАНИЕ ДЛЯ 3 ПОДВИЖНЫХ БЛОКОВ (400-630);SPC-A9PS-04-06;SPC-A9PS-04-06;В наличии;https://intelka-shop.ru/proizvoditeli/systeme-electric/?section=19#
SPC-MA2-01-02 - Мотор-редуктор MT 220V AC (100-250);SPC-MA2-01-02;SPC-MA2-01-02;Под заказ;https://intelka-shop.ru/proizvoditeli/systeme-electric/?section=19#
SPC-MA3-01-02 - Мотор-редуктор MT 380V AC (100-250);SPC-MA3-01-02;SPC-MA3-01-02;Под заказ;https://intelka-shop.ru/proizvoditeli/systeme-electric/?section=19#
SPC-MA2-04-06 - Мотор-редуктор MT 220V AC (400-630);SPC-MA2-04-06;SPC-MA2-04-06;Под заказ;https://intelka-shop.ru/proizvoditeli/systeme-electric/?section=19#
SPC-MA3-04-06 - Мотор-редуктор MT 380V AC (400-630);SPC-MA3-04-06;SPC-MA3-04-06;Под заказ;https://intelka-shop.ru/proizvoditeli/systeme-electric/?section=19#
SPC400L400L3DF - Автоматический выключатель CCB400 150KA 3P3D TMD400 рычаг;SPC400L400L3DF;SPC400L400L3DF;Под заказ;https://intelka-shop.ru/proizvoditeli/systeme-electric/?section=19#
SPC630L500L3DF - Автоматический выключатель SYSTEMEPACT CCB630 150KA 3P3D TMD500;SPC630L500L3DF;SPC630L500L3DF;Под заказ;https://intelka-shop.ru/proizvoditeli/systeme-electric/?section=19#
SPC630L600L3DF - Автоматический выключатель SYSTEMEPACT CCB630 150KA 3P3D TMD600;SPC630L600L3DF;SPC630L600L3DF;Под заказ;https://intelka-shop.ru/proizvoditeli/systeme-electric/?section=19#
SPC400L400L4DF - Автоматический выключатель SYSTEMEPACT CCB400 150KA 4P4D TMD400;SPC400L400L4DF;SPC400L400L4DF;Под заказ;https://intelka-shop.ru/proizvoditeli/systeme-electric/?section=19#
SPC630L500L4DF - Автоматический выключатель SYSTEMEPACT CCB630 150KA 4P4D TMD500;SPC630L500L4DF;SPC630L500L4DF;Под заказ;https://intelka-shop.ru/proizvoditeli/systeme-electric/?section=19#
SPC630L600L4DF - Автоматический выключатель SYSTEMEPACT CCB630 150KA 4P4D TMD600;SPC630L600L4DF;SPC630L600L4DF;Под заказ;https://intelka-shop.ru/proizvoditeli/systeme-electric/?section=19#
SPC400L25023L3DF - Автоматический выключатель SYSTEMEPACT CCB400 150KA 3P3D S2.2 250A;SPC400L25023L3DF;SPC400L25023L3DF;Под заказ;https://intelka-shop.ru/proizvoditeli/systeme-electric/?section=19#
SPC400L40023L3DF - Автоматический выключатель SYSTEMEPACT CCB400 150KA 3P3D S2.3 400A;SPC400L40023L3DF;SPC400L40023L3DF;В наличии;https://intelka-shop.ru/proizvoditeli/systeme-electric/?section=19#
SPC630L63023L3DF - Автоматический выключатель SYSTEMEPACT CCB630 150KA 3P3D S2.3 630A;SPC630L63023L3DF;SPC630L63023L3DF;Под заказ;https://intelka-shop.ru/proizvoditeli/systeme-electric/?section=19#
SPC400L25023L4DF - Автоматический выключатель SYSTEMEPACT CCB400 150KA 4P4D S2.2 250A;SPC400L25023L4DF;SPC400L25023L4DF;Под заказ;https://intelka-shop.ru/proizvoditeli/systeme-electric/?section=19#
SPC400L40023L4DF - Автоматический выключатель SYSTEMEPACT CCB400 150KA 4P4D S2.3 400A;SPC400L40023L4DF;SPC400L40023L4DF;Под заказ;https://intelka-shop.ru/proizvoditeli/systeme-electric/?section=19#
SPC630L63023L4DF - Автоматический выключатель SYSTEMEPACT CCB630 150KA 4P4D S2.3 630A;SPC630L63023L4DF;SPC630L63023L4DF;Под заказ;https://intelka-shop.ru/proizvoditeli/systeme-electric/?section=19#
SPC400L40053E3DF - Автоматический выключатель SYSTEMEPACT CCB400 150KA 3P3D S5.3E 400A;SPC400L40053E3DF;SPC400L40053E3DF;Под заказ;https://intelka-shop.ru/proizvoditeli/systeme-electric/?section=19#
SPC630L63053E3DF - Автоматический выключатель SYSTEMEPACT CCB630 150KA 3P3D S5.3E 630A;SPC630L63053E3DF;SPC630L63053E3DF;Под заказ;https://intelka-shop.ru/proizvoditeli/systeme-electric/?section=19#
SPC400L40053E4DF - Автоматический выключатель SYSTEMEPACT CCB400 150KA 4P4D S5.3E 400A;SPC400L40053E4DF;SPC400L40053E4DF;Под заказ;https://intelka-shop.ru/proizvoditeli/systeme-electric/?section=19#
SPC630L63053E4DF - Автоматический выключатель SYSTEMEPACT CCB630 150KA 4P4D S5.3E 630A рычаг;SPC630L63053E4DF;SPC630L63053E4DF;Под заказ;https://intelka-shop.ru/proizvoditeli/systeme-electric/?section=19#
SPC400L32013M3DF - Автоматический выключатель SYSTEMEPACT CCB400 150KA S1.3M 3P3D 320A;SPC400L32013M3DF;SPC400L32013M3DF;В наличии;https://intelka-shop.ru/proizvoditeli/systeme-electric/?section=19#
SPC630L50013M3DF - Автоматический выключатель SYSTEMEPACT CCB630 150KA S1.3M 3P3D 500A;SPC630L50013M3DF;SPC630L50013M3DF;В наличии;https://intelka-shop.ru/proizvoditeli/systeme-electric/?section=19#
SPC630L50023M3DF - Автоматический выключатель SYSTEMEPACT CCB630 150KA S2.3M 3P3D 500A;SPC630L50023M3DF;SPC630L50023M3DF;В наличии;https://intelka-shop.ru/proizvoditeli/systeme-electric/?section=19#
SPC400L32023M3DF - Автоматический выключатель SYSTEMEPACT CCB400 150KA S2.3M 3P3D 320A;SPC400L32023M3DF;SPC400L32023M3DF;Под заказ;https://intelka-shop.ru/proizvoditeli/systeme-electric/?section=19#
SPC400F25023L3DF - Автоматический выключатель SYSTEMEPACT CCB400 36KA 3P3D TMD250;SPC400F25023L3DF;SPC400F25023L3DF;В наличии;https://intelka-shop.ru/proizvoditeli/systeme-electric/?section=19#
SPC400F400L3DF - Автоматический выключатель SYSTEMEPACT CCB400 36KA 3P3D TMD400;SPC400F400L3DF;SPC400F400L3DF;Под заказ;https://intelka-shop.ru/proizvoditeli/systeme-electric/?section=19#
SPC630F500L3DF - Автоматический выключатель SYSTEMEPACT CCB630 36KA 3P3D TMD500;SPC630F500L3DF;SPC630F500L3DF;Под заказ;https://intelka-shop.ru/proizvoditeli/systeme-electric/?section=19#
SPC630F600L3DF - Автоматический выключатель SYSTEMEPACT CCB630 36KA 3P3D TMD600;SPC630F600L3DF;SPC630F600L3DF;В наличии;https://intelka-shop.ru/proizvoditeli/systeme-electric/?section=19#
SPC400N25023L3DF - Автоматический выключатель SYSTEMEPACT CCB400 50KA 3P3D TMD250;SPC400N25023L3DF;SPC400N25023L3DF;В наличии;https://intelka-shop.ru/proizvoditeli/systeme-electric/?section=19#
SPC400N400L3DF - Автоматический выключатель SYSTEMEPACT CCB400 50KA 3P3D TMD400;SPC400N400L3DF;SPC400N400L3DF;Под заказ;https://intelka-shop.ru/proizvoditeli/systeme-electric/?section=19#
SPC630N500L3DF - Автоматический выключатель SYSTEMEPACT CCB630 50KA 3P3D TMD500;SPC630N500L3DF;SPC630N500L3DF;Под заказ;https://intelka-shop.ru/proizvoditeli/systeme-electric/?section=19#
SPC630N600L3DF - Автоматический выключатель SYSTEMEPACT CCB630 50KA 3P3D TMD600;SPC630N600L3DF;SPC630N600L3DF;В наличии;https://intelka-shop.ru/proizvoditeli/systeme-electric/?section=19#
SPC400S25023L3DF - Автоматический выключатель SYSTEMEPACT CCB400 100KA 3P3D TMD250;SPC400S25023L3DF;SPC400S25023L3DF;В наличии;https://intelka-shop.ru/proizvoditeli/systeme-electric/?section=19#
SPC400S400L3DF - Автоматический выключатель CCB400;SPC400S400L3DF;SPC400S400L3DF;Под заказ;https://intelka-shop.ru/proizvoditeli/systeme-electric/?section=19#
SPC630S500L3DF - Автоматический выключатель SYSTEMEPACT CCB630 100KA 3P3D TMD500;SPC630S500L3DF;SPC630S500L3DF;В наличии;https://intelka-shop.ru/proizvoditeli/systeme-electric/?section=19#
SPC630S600L3DF - Автоматический выключатель SYSTEMEPACT CCB630 100KA 3P3D TMD600;SPC630S600L3DF;SPC630S600L3DF;В наличии;https://intelka-shop.ru/proizvoditeli/systeme-electric/?section=19#
SPC400F40023L3DF - Автоматический выключатель SYSTEMEPACT CCB400 36KA 3P3D S2.3 400A;SPC400F40023L3DF;SPC400F40023L3DF;Под заказ;https://intelka-shop.ru/proizvoditeli/systeme-electric/?section=19#
SPC630F63023L3DF - Автоматический выключатель SYSTEMEPACT CCB630 36KA 3P3D S2.3 630A;SPC630F63023L3DF;SPC630F63023L3DF;Под заказ;https://intelka-shop.ru/proizvoditeli/systeme-electric/?section=19#
SPC400N40023L3DF - Автоматический выключатель SYSTEMEPACT CCB400 50KA 3P3D S2.3 400A;SPC400N40023L3DF;SPC400N40023L3DF;Под заказ;https://intelka-shop.ru/proizvoditeli/systeme-electric/?section=19#
SPC630N63023L3DF - Автоматический выключатель SYSTEMEPACT CCB630 50KA 3P3D S2.3 630A;SPC630N63023L3DF;SPC630N63023L3DF;Под заказ;https://intelka-shop.ru/proizvoditeli/systeme-electric/?section=19#
SPC400S40023L3DF - Автоматический выключатель SYSTEMEPACT CCB400 100KA 3P3D S2.3 400A;SPC400S40023L3DF;SPC400S40023L3DF;В наличии;https://intelka-shop.ru/proizvoditeli/systeme-electric/?section=19#
SPC630S63023L3DF - Автоматический выключатель SYSTEMEPACT CCB630 100KA 3P3D S2.3 630A;SPC630S63023L3DF;SPC630S63023L3DF;В наличии;https://intelka-shop.ru/proizvoditeli/systeme-electric/?section=19#
SPC400F25023L4DF - Автоматический выключатель CCB400;SPC400F25023L4DF;SPC400F25023L4DF;Под заказ;https://intelka-shop.ru/proizvoditeli/systeme-electric/?section=19#
SPC400F400L4DF - Автоматический выключатель SYSTEMEPACT CCB400 36KA 4P4D TMD400;SPC400F400L4DF;SPC400F400L4DF;Под заказ;https://intelka-shop.ru/proizvoditeli/systeme-electric/?section=19#
SPC630F500L4DF - Автоматический выключатель SYSTEMEPACT CCB630 36KA 4P4D TMD500;SPC630F500L4DF;SPC630F500L4DF;Под заказ;https://intelka-shop.ru/proizvoditeli/systeme-electric/?section=19#
SPC630F600L4DF - Автоматический выключатель CCB630;SPC630F600L4DF;SPC630F600L4DF;Под заказ;https://intelka-shop.ru/proizvoditeli/systeme-electric/?section=19#
SPC400N25023L4DF - Автоматический выключатель SYSTEMEPACT CCB400 50KA 4P4D TMD250;SPC400N25023L4DF;SPC400N25023L4DF;Под заказ;https://intelka-shop.ru/proizvoditeli/systeme-electric/?section=19#
SPC400N400L4DF - Автоматический выключатель SYSTEMEPACT CCB400 50KA 4P4D TMD400;SPC400N400L4DF;SPC400N400L4DF;Под заказ;https://intelka-shop.ru/proizvoditeli/systeme-electric/?section=19#
SPC630N500L4DF - Автоматический выключатель SYSTEMEPACT CCB630 50KA 4P4D TMD500;SPC630N500L4DF;SPC630N500L4DF;Под заказ;https://intelka-shop.ru/proizvoditeli/systeme-electric/?section=19#
SPC630N600L4DF - Автоматический выключатель SYSTEMEPACT CCB630 50KA 4P4D TMD600;SPC630N600L4DF;SPC630N600L4DF;Под заказ;https://intelka-shop.ru/proizvoditeli/systeme-electric/?section=19#
SPC400S25023L4DF - Автоматический выключатель SYSTEMEPACT CCB400 100KA 4P4D TMD250;SPC400S25023L4DF;SPC400S25023L4DF;Под заказ;https://intelka-shop.ru/proizvoditeli/systeme-electric/?section=19#
SPC400S400L4DF - Автоматический выключатель SYSTEMEPACT CCB400 100KA 4P4D TMD400;SPC400S400L4DF;SPC400S400L4DF;В наличии;https://intelka-shop.ru/proizvoditeli/systeme-electric/?section=19#
SPC630S500L4DF - Автоматический выключатель SYSTEMEPACT CCB630 100KA 4P4D TMD500;SPC630S500L4DF;SPC630S500L4DF;Под заказ;https://intelka-shop.ru/proizvoditeli/systeme-electric/?section=19#
SPC630S600L4DF - Автоматический выключатель SYSTEMEPACT CCB630 100KA 4P4D TMD600;SPC630S600L4DF;SPC630S600L4DF;Под заказ;https://intelka-shop.ru/proizvoditeli/systeme-electric/?section=19#
SPC400F40023L4DF - Автоматический выключатель SYSTEMEPACT CCB400 36KA 4P4D S2.3 400A;SPC400F40023L4DF;SPC400F40023L4DF;Под заказ;https://intelka-shop.ru/proizvoditeli/systeme-electric/?section=19#
SPC630F63023L4DF - Автоматический выключатель SYSTEMEPACT CCB630 36KA 4P4D S2.3 630A;SPC630F63023L4DF;SPC630F63023L4DF;Под заказ;https://intelka-shop.ru/proizvoditeli/systeme-electric/?section=19#
SPC400N40023L4DF - Автоматический выключатель SYSTEMEPACT CCB400 50KA 4P4D S2.3 400A;SPC400N40023L4DF;SPC400N40023L4DF;Под заказ;https://intelka-shop.ru/proizvoditeli/systeme-electric/?section=19#
SPC630N63023L4DF - Автоматический выключатель SYSTEMEPACT CCB630 50KA 4P4D S2.3 630A;SPC630N63023L4DF;SPC630N63023L4DF;В наличии;https://intelka-shop.ru/proizvoditeli/systeme-electric/?section=19#
SPC400S40023L4DF - Автоматический выключатель SYSTEMEPACT CCB400 100KA 4P4D S2.3 400A;SPC400S40023L4DF;SPC400S40023L4DF;Под заказ;https://intelka-shop.ru/proizvoditeli/systeme-electric/?section=19#
SPC630S63023L4DF - Автоматический выключатель SYSTEMEPACT CCB630 100KA 4P4D S2.3 630A;SPC630S63023L4DF;SPC630S63023L4DF;В наличии;https://intelka-shop.ru/proizvoditeli/systeme-electric/?section=19#
SPC250L200L3DF - Автоматический выключатель SYSTEMEPACT CCB250 150KA 3P3D TMD200;SPC250L200L3DF;SPC250L200L3DF;Под заказ;https://intelka-shop.ru/proizvoditeli/systeme-electric/?section=19#
SPC250L250L3DF - Автоматический выключатель SYSTEMEPACT CCB250 150KA 3P3D TMD250;SPC250L250L3DF;SPC250L250L3DF;Под заказ;https://intelka-shop.ru/proizvoditeli/systeme-electric/?section=19#
SPC250L200L4DF - Автоматический выключатель SYSTEMEPACT CCB250 150KA 4P4D TMD200;SPC250L200L4DF;SPC250L200L4DF;Под заказ;https://intelka-shop.ru/proizvoditeli/systeme-electric/?section=19#
SPC250L250L4DF - Автоматический выключатель SYSTEMEPACT CCB250 150KA 4P4D TMD250;SPC250L250L4DF;SPC250L250L4DF;Под заказ;https://intelka-shop.ru/proizvoditeli/systeme-electric/?section=19#
SPC250L25022L3DF - Автоматический выключатель SYSTEMEPACT CCB250 150KA 3P3D S2.2 250A;SPC250L25022L3DF;SPC250L25022L3DF;Под заказ;https://intelka-shop.ru/proizvoditeli/systeme-electric/?section=19#
SPC250L25022L4DF - Автоматический выключатель SYSTEMEPACT CCB250 150KA 4P4D S2.2 250A;SPC250L25022L4DF;SPC250L25022L4DF;Под заказ;https://intelka-shop.ru/proizvoditeli/systeme-electric/?section=19#
SPC250L25052E3DF - Автоматический выключатель SYSTEMEPACT CCB250 150KA 3P3D S5.2E 250A;SPC250L25052E3DF;SPC250L25052E3DF;Под заказ;https://intelka-shop.ru/proizvoditeli/systeme-electric/?section=19#
SPC250L25052E4DF - Автоматический выключатель SYSTEMEPACT CCB250 150KA 4P4D S5.2E 250A;SPC250L25052E4DF;SPC250L25052E4DF;Под заказ;https://intelka-shop.ru/proizvoditeli/systeme-electric/?section=19#
SPC250L22012M3DF - Автоматический выключатель SYSTEMEPACT CCB250 150KA S1.2M 3P3D 220A;SPC250L22012M3DF;SPC250L22012M3DF;Под заказ;https://intelka-shop.ru/proizvoditeli/systeme-electric/?section=19#
SPC250L22022M3DF - Автоматический выключатель SYSTEMEPACT CCB250 150KA S2.2M 3P3D 220A;SPC250L22022M3DF;SPC250L22022M3DF;В наличии;https://intelka-shop.ru/proizvoditeli/systeme-electric/?section=19#
SPC250F200L3DF - Автоматический выключатель SYSTEMEPACT CCB250 36KA 3P3D TMD200;SPC250F200L3DF;SPC250F200L3DF;Под заказ;https://intelka-shop.ru/proizvoditeli/systeme-electric/?section=19#
SPC250F250L3DF - Автоматический выключатель SYSTEMEPACT CCB250 36KA 3P3D TMD250;SPC250F250L3DF;SPC250F250L3DF;Под заказ;https://intelka-shop.ru/proizvoditeli/systeme-electric/?section=19#
SPC250N200L3DF - Автоматический выключатель SYSTEMEPACT CCB250 50KA 3P3D TMD200;SPC250N200L3DF;SPC250N200L3DF;Под заказ;https://intelka-shop.ru/proizvoditeli/systeme-electric/?section=19#
SPC250N250L3DF - Автоматический выключатель SYSTEMEPACT CCB250 50KA 3P3D TMD250;SPC250N250L3DF;SPC250N250L3DF;Под заказ;https://intelka-shop.ru/proizvoditeli/systeme-electric/?section=19#
SPC250S200L3DF - Автоматический выключатель SYSTEMEPACT CCB250 100KA 3P3D TMD200;SPC250S200L3DF;SPC250S200L3DF;Под заказ;https://intelka-shop.ru/proizvoditeli/systeme-electric/?section=19#
SPC250S250L3DF - Автоматический выключатель SYSTEMEPACT CCB250 100KA 3P3D TMD250;SPC250S250L3DF;SPC250S250L3DF;Под заказ;https://intelka-shop.ru/proizvoditeli/systeme-electric/?section=19#
SPC250F25022L3DF - Автоматический выключатель SYSTEMEPACT CCB250 36KA 3P3D S2.2 250A;SPC250F25022L3DF;SPC250F25022L3DF;Под заказ;https://intelka-shop.ru/proizvoditeli/systeme-electric/?section=19#
SPC250N25022L3DF - Автоматический выключатель SYSTEMEPACT CCB250 50KA 3P3D S2.2 250A;SPC250N25022L3DF;SPC250N25022L3DF;Под заказ;https://intelka-shop.ru/proizvoditeli/systeme-electric/?section=19#
SPC250S25022L3DF - Автоматический выключатель SYSTEMEPACT CCB250 100KA 3P3D S2.2 250A;SPC250S25022L3DF;SPC250S25022L3DF;В наличии;https://intelka-shop.ru/proizvoditeli/systeme-electric/?section=19#
SPC250F200L4DF - Автоматический выключатель SYSTEMEPACT CCB250 36KA 4P4D TMD200;SPC250F200L4DF;SPC250F200L4DF;В наличии;https://intelka-shop.ru/proizvoditeli/systeme-electric/?section=19#
SPC250F250L4DF - Автоматический выключатель SYSTEMEPACT CCB250 36KA 4P4D TMD250;SPC250F250L4DF;SPC250F250L4DF;В наличии;https://intelka-shop.ru/proizvoditeli/systeme-electric/?section=19#
SPC250N200L4DF - Автоматический выключатель SYSTEMEPACT CCB250 50KA 4P4D TMD200;SPC250N200L4DF;SPC250N200L4DF;Под заказ;https://intelka-shop.ru/proizvoditeli/systeme-electric/?section=19#
SPC250N250L4DF - Автоматический выключатель SYSTEMEPACT CCB250 50KA 4P4D TMD250;SPC250N250L4DF;SPC250N250L4DF;В наличии;https://intelka-shop.ru/proizvoditeli/systeme-electric/?section=19#
SPC250S200L4DF - Автоматический выключатель SYSTEMEPACT CCB250 100KA 4P4D TMD200;SPC250S200L4DF;SPC250S200L4DF;Под заказ;https://intelka-shop.ru/proizvoditeli/systeme-electric/?section=19#
SPC250S250L4DF - Автоматический выключатель SYSTEMEPACT CCB250 100KA 4P4D TMD250;SPC250S250L4DF;SPC250S250L4DF;Под заказ;https://intelka-shop.ru/proizvoditeli/systeme-electric/?section=19#
SPC250F25022L4DF - Автоматический выключатель SYSTEMEPACT CCB250 36KA 4P4D S2.2 250A;SPC250F25022L4DF;SPC250F25022L4DF;В наличии;https://intelka-shop.ru/proizvoditeli/systeme-electric/?section=19#
SPC250N25022L4DF - Автоматический выключатель SYSTEMEPACT CCB250 50KA 4P4D S2.2 250A;SPC250N25022L4DF;SPC250N25022L4DF;В наличии;https://intelka-shop.ru/proizvoditeli/systeme-electric/?section=19#
SPC250S25022L4DF - Автоматический выключатель SYSTEMEPACT CCB250 100KA 4P4D S2.2 250A;SPC250S25022L4DF;SPC250S25022L4DF;В наличии;https://intelka-shop.ru/proizvoditeli/systeme-electric/?section=19#
SPC160L125L3DF - Автоматический выключатель SYSTEMEPACT CCB160 150KA 3P3D TMD125;SPC160L125L3DF;SPC160L125L3DF;Под заказ;https://intelka-shop.ru/proizvoditeli/systeme-electric/?section=19#
SPC160L160L3DF - Автоматический выключатель SYSTEMEPACT CCB160 150KA 3P3D TMD160;SPC160L160L3DF;SPC160L160L3DF;В наличии;https://intelka-shop.ru/proizvoditeli/systeme-electric/?section=19#
SPC160L125L4DF - Автоматический выключатель SYSTEMEPACT CCB160 150KA 4P4D TMD125;SPC160L125L4DF;SPC160L125L4DF;Под заказ;https://intelka-shop.ru/proizvoditeli/systeme-electric/?section=19#
SPC160L160L4DF - Автоматический выключатель SYSTEMEPACT CCB160 150KA 4P4D TMD160;SPC160L160L4DF;SPC160L160L4DF;Под заказ;https://intelka-shop.ru/proizvoditeli/systeme-electric/?section=19#
SPC160L16022L3DF - Автоматический выключатель SYSTEMEPACT CCB160 150KA 3P3D S2.2 160A;SPC160L16022L3DF;SPC160L16022L3DF;Под заказ;https://intelka-shop.ru/proizvoditeli/systeme-electric/?section=19#
SPC160L16022L4DF - Автоматический выключатель SYSTEMEPACT CCB160 150KA 4P4D S2.2 160A;SPC160L16022L4DF;SPC160L16022L4DF;Под заказ;https://intelka-shop.ru/proizvoditeli/systeme-electric/?section=19#
SPC160L16052E3DF - Автоматический выключатель SYSTEMEPACT CCB160 150KA 3P3D S5.2E 160A;SPC160L16052E3DF;SPC160L16052E3DF;Под заказ;https://intelka-shop.ru/proizvoditeli/systeme-electric/?section=19#
SPC160L16052E4DF - Автоматический выключатель SYSTEMEPACT CCB160 150KA 4P4D S5.2E 160A;SPC160L16052E4DF;SPC160L16052E4DF;Под заказ;https://intelka-shop.ru/proizvoditeli/systeme-electric/?section=19#
SPC160L15012M3DF - Автоматический выключатель SYSTEMEPACT CCB160 150KA S1.2M 3P3D 150A;SPC160L15012M3DF;SPC160L15012M3DF;В наличии;https://intelka-shop.ru/proizvoditeli/systeme-electric/?section=19#
SPC160L15022M3DF - Автоматический выключатель SYSTEMEPACT CCB160 150KA S2.2M 3P3D 150A;SPC160L15022M3DF;SPC160L15022M3DF;Под заказ;https://intelka-shop.ru/proizvoditeli/systeme-electric/?section=19#
SPC160F125L3DF - Автоматический выключатель SYSTEMEPACT CCB160 36KA 3P3D TMD125;SPC160F125L3DF;SPC160F125L3DF;Под заказ;https://intelka-shop.ru/proizvoditeli/systeme-electric/?section=19#
SPC160F160L3DF - Автоматический выключатель SYSTEMEPACT CCB160 36KA 3P3D TMD160;SPC160F160L3DF;SPC160F160L3DF;Под заказ;https://intelka-shop.ru/proizvoditeli/systeme-electric/?section=19#
SPC160N125L3DF - Автоматический выключатель SYSTEMEPACT CCB160 50KA 3P3D TMD125;SPC160N125L3DF;SPC160N125L3DF;Под заказ;https://intelka-shop.ru/proizvoditeli/systeme-electric/?section=19#
SPC160N160L3DF - Автоматический выключатель SYSTEMEPACT CCB160 50KA 3P3D TMD160 рычаг;SPC160N160L3DF;SPC160N160L3DF;Под заказ;https://intelka-shop.ru/proizvoditeli/systeme-electric/?section=19#
SPC160S125L3DF - Автоматический выключатель SYSTEMEPACT CCB160 100KA 3P3D TMD125;SPC160S125L3DF;SPC160S125L3DF;В наличии;https://intelka-shop.ru/proizvoditeli/systeme-electric/?section=19#
SPC160S160L3DF - Автоматический выключатель SYSTEMEPACT CCB160 100KA 3P3D TMD160;SPC160S160L3DF;SPC160S160L3DF;В наличии;https://intelka-shop.ru/proizvoditeli/systeme-electric/?section=19#
SPC160F16022L3DF - Автоматический выключатель SYSTEMEPACT CCB160 36KA 3P3D S2.2 160A;SPC160F16022L3DF;SPC160F16022L3DF;Под заказ;https://intelka-shop.ru/proizvoditeli/systeme-electric/?section=19#
SPC160N16022L3DF - Автоматический выключатель SYSTEMEPACT CCB160 50KA 3P3D S2.2 160A;SPC160N16022L3DF;SPC160N16022L3DF;Под заказ;https://intelka-shop.ru/proizvoditeli/systeme-electric/?section=19#
SPC160S16022L3DF - Автоматический выключатель SYSTEMEPACT CCB160 100KA 3P3D S2.2 160A;SPC160S16022L3DF;SPC160S16022L3DF;В наличии;https://intelka-shop.ru/proizvoditeli/systeme-electric/?section=19#
SPC160F125L4DF - Автоматический выключатель SYSTEMEPACT CCB160 36KA 4P4D TMD125;SPC160F125L4DF;SPC160F125L4DF;Под заказ;https://intelka-shop.ru/proizvoditeli/systeme-electric/?section=19#
SPC160F160L4DF - Автоматический выключатель SYSTEMEPACT CCB160 36KA 4P4D TMD160;SPC160F160L4DF;SPC160F160L4DF;Под заказ;https://intelka-shop.ru/proizvoditeli/systeme-electric/?section=19#
SPC160N125L4DF - Автоматический выключатель SYSTEMEPACT CCB160 50KA 4P4D TMD125;SPC160N125L4DF;SPC160N125L4DF;Под заказ;https://intelka-shop.ru/proizvoditeli/systeme-electric/?section=19#
SPC160N160L4DF - Автоматический выключатель SYSTEMEPACT CCB160 50KA 4P4D TMD160;SPC160N160L4DF;SPC160N160L4DF;В наличии;https://intelka-shop.ru/proizvoditeli/systeme-electric/?section=19#
SPC160S125L4DF - Автоматический выключатель SYSTEMEPACT CCB160 100KA 4P4D TMD125;SPC160S125L4DF;SPC160S125L4DF;В наличии;https://intelka-shop.ru/proizvoditeli/systeme-electric/?section=19#
SPC160S160L4DF - Автоматический выключатель SYSTEMEPACT CCB160 100KA 4P4D TMD160;SPC160S160L4DF;SPC160S160L4DF;В наличии;https://intelka-shop.ru/proizvoditeli/systeme-electric/?section=19#
SPC160F16022L4DF - Автоматический выключатель SYSTEMEPACT CCB160 36KA 4P4D S2.2 160A;SPC160F16022L4DF;SPC160F16022L4DF;В наличии;https://intelka-shop.ru/proizvoditeli/systeme-electric/?section=19#
SPC160N16022L4DF - Автоматический выключатель SYSTEMEPACT CCB160 50KA 4P4D S2.2 160A;SPC160N16022L4DF;SPC160N16022L4DF;В наличии;https://intelka-shop.ru/proizvoditeli/systeme-electric/?section=19#
SPC160S16022L4DF - Автоматический выключатель SYSTEMEPACT CCB160 100KA 4P4D S2.2 160A;SPC160S16022L4DF;SPC160S16022L4DF;В наличии;https://intelka-shop.ru/proizvoditeli/systeme-electric/?section=19#
SPC100L016L3DF - Автоматический выключатель SYSTEMEPACT CCB100 150KA 3P3D TMD16;SPC100L016L3DF;SPC100L016L3DF;Под заказ;https://intelka-shop.ru/proizvoditeli/systeme-electric/?section=19#
SPC100L025L3DF - Автоматический выключатель SYSTEMEPACT CCB100 150KA 3P3D TMD25;SPC100L025L3DF;SPC100L025L3DF;Под заказ;https://intelka-shop.ru/proizvoditeli/systeme-electric/?section=19#
SPC100L032L3DF - Автоматический выключатель SYSTEMEPACT CCB100 150KA 3P3D TMD32;SPC100L032L3DF;SPC100L032L3DF;Под заказ;https://intelka-shop.ru/proizvoditeli/systeme-electric/?section=19#
SPC100L040L3DF - Автоматический выключатель SYSTEMEPACT CCB100 150KA 3P3D TMD40;SPC100L040L3DF;SPC100L040L3DF;Под заказ;https://intelka-shop.ru/proizvoditeli/systeme-electric/?section=19#
SPC100L050L3DF - Автоматический выключатель SYSTEMEPACT CCB100 150KA 3P3D TMD50;SPC100L050L3DF;SPC100L050L3DF;Под заказ;https://intelka-shop.ru/proizvoditeli/systeme-electric/?section=19#
SPC100L063L3DF - Автоматический выключатель SYSTEMEPACT CCB100 150KA 3P3D TMD63;SPC100L063L3DF;SPC100L063L3DF;Под заказ;https://intelka-shop.ru/proizvoditeli/systeme-electric/?section=19#
SPC100L080L3DF - Автоматический выключатель SYSTEMEPACT CCB100 150KA 3P3D TMD80;SPC100L080L3DF;SPC100L080L3DF;Под заказ;https://intelka-shop.ru/proizvoditeli/systeme-electric/?section=19#
SPC100L100L3DF - Автоматический выключатель SYSTEMEPACT CCB100 150KA 3P3D TMD100;SPC100L100L3DF;SPC100L100L3DF;В наличии;https://intelka-shop.ru/proizvoditeli/systeme-electric/?section=19#
SPC100L016L4DF - Автоматический выключатель SYSTEMEPACT CCB100 150KA 4P4D TMD16;SPC100L016L4DF;SPC100L016L4DF;Под заказ;https://intelka-shop.ru/proizvoditeli/systeme-electric/?section=19#
SPC100L025L4DF - Автоматический выключатель SYSTEMEPACT CCB100 150KA 4P4D TMD25;SPC100L025L4DF;SPC100L025L4DF;Под заказ;https://intelka-shop.ru/proizvoditeli/systeme-electric/?section=19#
SPC100L032L4DF - Автоматический выключатель SYSTEMEPACT CCB100 150KA 4P4D TMD32;SPC100L032L4DF;SPC100L032L4DF;Под заказ;https://intelka-shop.ru/proizvoditeli/systeme-electric/?section=19#
SPC100L040L4DF - Автоматический выключатель SYSTEMEPACT CCB100 150KA 4P4D TMD40;SPC100L040L4DF;SPC100L040L4DF;Под заказ;https://intelka-shop.ru/proizvoditeli/systeme-electric/?section=19#
SPC100L050L4DF - Автоматический выключатель SYSTEMEPACT CCB100 150KA 4P4D TMD50;SPC100L050L4DF;SPC100L050L4DF;Под заказ;https://intelka-shop.ru/proizvoditeli/systeme-electric/?section=19#
SPC100L063L4DF - Автоматический выключатель SYSTEMEPACT CCB100 150KA 4P4D TMD63;SPC100L063L4DF;SPC100L063L4DF;Под заказ;https://intelka-shop.ru/proizvoditeli/systeme-electric/?section=19#
SPC100L080L4DF - Автоматический выключатель SYSTEMEPACT CCB100 150KA 4P4D TMD80;SPC100L080L4DF;SPC100L080L4DF;Под заказ;https://intelka-shop.ru/proizvoditeli/systeme-electric/?section=19#
SPC100L100L4DF - Автоматический выключатель SYSTEMEPACT CCB100 150KA 4P4D TMD100;SPC100L100L4DF;SPC100L100L4DF;Под заказ;https://intelka-shop.ru/proizvoditeli/systeme-electric/?section=19#
SPC100L04022L3DF - Автоматический выключатель SYSTEMEPACT CCB100 150KA 3P3D S2.2 40A;SPC100L04022L3DF;SPC100L04022L3DF;Под заказ;https://intelka-shop.ru/proizvoditeli/systeme-electric/?section=19#
SPC100L10022L3DF - Автоматический выключатель SYSTEMEPACT CCB100 150KA 3P3D S2.2 100A;SPC100L10022L3DF;SPC100L10022L3DF;Под заказ;https://intelka-shop.ru/proizvoditeli/systeme-electric/?section=19#
SPC100L04022L4DF - Автоматический выключатель SYSTEMEPACT CCB100 150KA 4P4D S2.2 40A;SPC100L04022L4DF;SPC100L04022L4DF;Под заказ;https://intelka-shop.ru/proizvoditeli/systeme-electric/?section=19#
SPC100L10022L4DF - Автоматический выключатель SYSTEMEPACT CCB100 150KA 4P4D S2.2 100A;SPC100L10022L4DF;SPC100L10022L4DF;Под заказ;https://intelka-shop.ru/proizvoditeli/systeme-electric/?section=19#
SPC100L04052E3DF - Автоматический выключатель SYSTEMEPACT CCB100 150KA 3P3D S5.2E 40A;SPC100L04052E3DF;SPC100L04052E3DF;Под заказ;https://intelka-shop.ru/proizvoditeli/systeme-electric/?section=19#
SPC100L10052E3DF - Автоматический выключатель SYSTEMEPACT CCB100 150KA 3P3D S5.2E 100A;SPC100L10052E3DF;SPC100L10052E3DF;Под заказ;https://intelka-shop.ru/proizvoditeli/systeme-electric/?section=19#
SPC100L04052E4DF - Автоматический выключатель SYSTEMEPACT CCB100 150KA 4P4D S5.2E 40A;SPC100L04052E4DF;SPC100L04052E4DF;Под заказ;https://intelka-shop.ru/proizvoditeli/systeme-electric/?section=19#
SPC100L10052E4DF - Автоматический выключатель SYSTEMEPACT CCB100 150KA 4P4D S5.2E 100A;SPC100L10052E4DF;SPC100L10052E4DF;Под заказ;https://intelka-shop.ru/proizvoditeli/systeme-electric/?section=19#
SPC100L02512M3DF - Автоматический выключатель SYSTEMEPACT CCB100 150KA S1.2M 3P3D 25A;SPC100L02512M3DF;SPC100L02512M3DF;Под заказ;https://intelka-shop.ru/proizvoditeli/systeme-electric/?section=19#
SPC100L05012M3DF - Автоматический выключатель SYSTEMEPACT CCB100 150KA S1.2M 3P3D 50A;SPC100L05012M3DF;SPC100L05012M3DF;Под заказ;https://intelka-shop.ru/proizvoditeli/systeme-electric/?section=19#
SPC100L10012M3DF - Автоматический выключатель SYSTEMEPACT CCB100 150KA S1.2M 3P3D 100A;SPC100L10012M3DF;SPC100L10012M3DF;Под заказ;https://intelka-shop.ru/proizvoditeli/systeme-electric/?section=19#
SPC100L02522M3DF - Автоматический выключатель SYSTEMEPACT CCB100 150KA S2.2M 3P3D 25A;SPC100L02522M3DF;SPC100L02522M3DF;В наличии;https://intelka-shop.ru/proizvoditeli/systeme-electric/?section=19#
SPC100L10022M3DF - Автоматический выключатель SYSTEMEPACT CCB100 150KA S2.2M 3P3D 100A;SPC100L10022M3DF;SPC100L10022M3DF;Под заказ;https://intelka-shop.ru/proizvoditeli/systeme-electric/?section=19#
SPC100L05022M3DF - Автоматический выключатель SYSTEMEPACT CCB100 150KA S2.2M 3P3D 50A;SPC100L05022M3DF;SPC100L05022M3DF;В наличии;https://intelka-shop.ru/proizvoditeli/systeme-electric/?section=19#
SPC100F025L3DF - Автоматический выключатель SYSTEMEPACT CCB100 36KA 3P3D TMD25;SPC100F025L3DF;SPC100F025L3DF;Под заказ;https://intelka-shop.ru/proizvoditeli/systeme-electric/?section=19#
SPC100F032L3DF - Автоматический выключатель SYSTEMEPACT CCB100 36KA 3P3D TMD32;SPC100F032L3DF;SPC100F032L3DF;Под заказ;https://intelka-shop.ru/proizvoditeli/systeme-electric/?section=19#
SPC100F040L3DF - Автоматический выключатель SYSTEMEPACT CCB100 36KA 3P3D TMD40;SPC100F040L3DF;SPC100F040L3DF;Под заказ;https://intelka-shop.ru/proizvoditeli/systeme-electric/?section=19#
SPC100F050L3DF - Автоматический выключатель SYSTEMEPACT CCB100 36KA 3P3D TMD50;SPC100F050L3DF;SPC100F050L3DF;Под заказ;https://intelka-shop.ru/proizvoditeli/systeme-electric/?section=19#
SPC100F063L3DF - Автоматический выключатель SYSTEMEPACT CCB100 36KA 3P3D TMD63;SPC100F063L3DF;SPC100F063L3DF;Под заказ;https://intelka-shop.ru/proizvoditeli/systeme-electric/?section=19#
SPC100F080L3DF - Автоматический выключатель SYSTEMEPACT CCB100 36KA 3P3D TMD80;SPC100F080L3DF;SPC100F080L3DF;В наличии;https://intelka-shop.ru/proizvoditeli/systeme-electric/?section=19#
SPC100F100L3DF - Автоматический выключатель CCB100;SPC100F100L3DF;SPC100F100L3DF;Под заказ;https://intelka-shop.ru/proizvoditeli/systeme-electric/?section=19#
SPC100N016L3DF - Автоматический выключатель SYSTEMEPACT CCB100 50KA 3P3D TMD16;SPC100N016L3DF;SPC100N016L3DF;В наличии;https://intelka-shop.ru/proizvoditeli/systeme-electric/?section=19#
SPC100N025L3DF - Автоматический выключатель SYSTEMEPACT CCB100 50KA 3P3D TMD25;SPC100N025L3DF;SPC100N025L3DF;В наличии;https://intelka-shop.ru/proizvoditeli/systeme-electric/?section=19#
SPC100N032L3DF - Автоматический выключатель SYSTEMEPACT CCB100 50KA 3P3D TMD32;SPC100N032L3DF;SPC100N032L3DF;Под заказ;https://intelka-shop.ru/proizvoditeli/systeme-electric/?section=19#
SPC100N040L3DF - Автоматический выключатель SYSTEMEPACT CCB100 50KA 3P3D TMD40;SPC100N040L3DF;SPC100N040L3DF;Под заказ;https://intelka-shop.ru/proizvoditeli/systeme-electric/?section=19#
SPC100N050L3DF - Автоматический выключатель SYSTEMEPACT CCB100 50KA 3P3D TMD50;SPC100N050L3DF;SPC100N050L3DF;В наличии;https://intelka-shop.ru/proizvoditeli/systeme-electric/?section=19#
SPC100N063L3DF - Автоматический выключатель SYSTEMEPACT CCB100 50KA 3P3D TMD63;SPC100N063L3DF;SPC100N063L3DF;Под заказ;https://intelka-shop.ru/proizvoditeli/systeme-electric/?section=19#
SPC100N080L3DF - Автоматический выключатель SYSTEMEPACT CCB100 50KA 3P3D TMD80;SPC100N080L3DF;SPC100N080L3DF;Под заказ;https://intelka-shop.ru/proizvoditeli/systeme-electric/?section=19#
SPC100N100L3DF - Автоматический выключатель SYSTEMEPACT CCB100 50KA 3P3D TMD100;SPC100N100L3DF;SPC100N100L3DF;Под заказ;https://intelka-shop.ru/proizvoditeli/systeme-electric/?section=19#
SPC100S016L3DF - Автоматический выключатель SYSTEMEPACT CCB100 100KA 3P3D TMD16;SPC100S016L3DF;SPC100S016L3DF;В наличии;https://intelka-shop.ru/proizvoditeli/systeme-electric/?section=19#
SPC100S025L3DF - Автоматический выключатель SYSTEMEPACT CCB100 100KA 3P3D TMD25;SPC100S025L3DF;SPC100S025L3DF;Под заказ;https://intelka-shop.ru/proizvoditeli/systeme-electric/?section=19#
SPC100S032L3DF - Автоматический выключатель SYSTEMEPACT CCB100 100KA 3P3D TMD32;SPC100S032L3DF;SPC100S032L3DF;В наличии;https://intelka-shop.ru/proizvoditeli/systeme-electric/?section=19#
SPC100S040L3DF - Автоматический выключатель SYSTEMEPACT CCB100 100KA 3P3D TMD40;SPC100S040L3DF;SPC100S040L3DF;В наличии;https://intelka-shop.ru/proizvoditeli/systeme-electric/?section=19#
SPC100S050L3DF - Автоматический выключатель SYSTEMEPACT CCB100 100KA 3P3D TMD50;SPC100S050L3DF;SPC100S050L3DF;В наличии;https://intelka-shop.ru/proizvoditeli/systeme-electric/?section=19#
SPC100S063L3DF - Автоматический выключатель SYSTEMEPACT CCB100;SPC100S063L3DF;SPC100S063L3DF;Под заказ;https://intelka-shop.ru/proizvoditeli/systeme-electric/?section=19#
SPC100S080L3DF - Автоматический выключатель SYSTEMEPACT CCB100 100KA 3P3D TMD80;SPC100S080L3DF;SPC100S080L3DF;Под заказ;https://intelka-shop.ru/proizvoditeli/systeme-electric/?section=19#
SPC100S100L3DF - Автоматический выключатель SYSTEMEPACT CCB100 100KA 3P3D TMD100;SPC100S100L3DF;SPC100S100L3DF;Под заказ;https://intelka-shop.ru/proizvoditeli/systeme-electric/?section=19#
SPC100F04022L3DF - Автоматический выключатель SYSTEMEPACT CCB100 36KA 3P3D S2.2 40A;SPC100F04022L3DF;SPC100F04022L3DF;Под заказ;https://intelka-shop.ru/proizvoditeli/systeme-electric/?section=19#
SPC100F10022L3DF - Автоматический выключатель SYSTEMEPACT CCB100 36KA 3P3D S2.2 100A;SPC100F10022L3DF;SPC100F10022L3DF;Под заказ;https://intelka-shop.ru/proizvoditeli/systeme-electric/?section=19#
SPC100N04022L3DF - Автоматический выключатель CCB100;SPC100N04022L3DF;SPC100N04022L3DF;Под заказ;https://intelka-shop.ru/proizvoditeli/systeme-electric/?section=19#
SPC100N10022L3DF - Автоматический выключатель SYSTEMEPACT CCB100 50KA 3P3D S2.2 100A;SPC100N10022L3DF;SPC100N10022L3DF;В наличии;https://intelka-shop.ru/proizvoditeli/systeme-electric/?section=19#
SPC100S04022L3DF - Автоматический выключатель SYSTEMEPACT CCB100 100KA 3P3D S2.2 40A;SPC100S04022L3DF;SPC100S04022L3DF;В наличии;https://intelka-shop.ru/proizvoditeli/systeme-electric/?section=19#
SPC100S10022L3DF - Автоматический выключатель SYSTEMEPACT CCB100 100KA 3P3D S2.2 100A;SPC100S10022L3DF;SPC100S10022L3DF;В наличии;https://intelka-shop.ru/proizvoditeli/systeme-electric/?section=19#
SPC100F016L4DF - Автоматический выключатель SYSTEMEPACT CCB100 36KA 4P4D TMD16;SPC100F016L4DF;SPC100F016L4DF;В наличии;https://intelka-shop.ru/proizvoditeli/systeme-electric/?section=19#
SPC100F025L4DF - Автоматический выключатель SYSTEMEPACT CCB100 36KA 4P4D TMD25;SPC100F025L4DF;SPC100F025L4DF;В наличии;https://intelka-shop.ru/proizvoditeli/systeme-electric/?section=19#
SPC100F032L4DF - Автоматический выключатель SYSTEMEPACT CCB100 36KA 4P4D TMD32;SPC100F032L4DF;SPC100F032L4DF;В наличии;https://intelka-shop.ru/proizvoditeli/systeme-electric/?section=19#
SPC100F040L4DF - Автоматический выключатель SYSTEMEPACT CCB100 36KA 4P4D TMD40;SPC100F040L4DF;SPC100F040L4DF;В наличии;https://intelka-shop.ru/proizvoditeli/systeme-electric/?section=19#
SPC100F050L4DF - Автоматический выключатель SYSTEMEPACT CCB100 36KA 4P4D TMD50;SPC100F050L4DF;SPC100F050L4DF;В наличии;https://intelka-shop.ru/proizvoditeli/systeme-electric/?section=19#
SPC100F063L4DF - Автоматический выключатель SYSTEMEPACT CCB100 36KA 4P4D TMD63;SPC100F063L4DF;SPC100F063L4DF;Под заказ;https://intelka-shop.ru/proizvoditeli/systeme-electric/?section=19#
SPC100F080L4DF - Автоматический выключатель SYSTEMEPACT CCB100 36KA 4P4D TMD80;SPC100F080L4DF;SPC100F080L4DF;В наличии;https://intelka-shop.ru/proizvoditeli/systeme-electric/?section=19#
SPC100F100L4DF - Автоматический выключатель SYSTEMEPACT CCB100 36KA 4P4D TMD100;SPC100F100L4DF;SPC100F100L4DF;В наличии;https://intelka-shop.ru/proizvoditeli/systeme-electric/?section=19#
SPC100N016L4DF - Автоматический выключатель SYSTEMEPACT CCB100 50KA 4P4D TMD16;SPC100N016L4DF;SPC100N016L4DF;В наличии;https://intelka-shop.ru/proizvoditeli/systeme-electric/?section=19#
SPC100N025L4DF - Автоматический выключатель SYSTEMEPACT CCB100 50KA 4P4D TMD25;SPC100N025L4DF;SPC100N025L4DF;В наличии;https://intelka-shop.ru/proizvoditeli/systeme-electric/?section=19#
SPC100N032L4DF - Автоматический выключатель SYSTEMEPACT CCB100 50KA 4P4D TMD32;SPC100N032L4DF;SPC100N032L4DF;В наличии;https://intelka-shop.ru/proizvoditeli/systeme-electric/?section=19#
SPC100N040L4DF - Автоматический выключатель SYSTEMEPACT CCB100 50KA 4P4D TMD40;SPC100N040L4DF;SPC100N040L4DF;Под заказ;https://intelka-shop.ru/proizvoditeli/systeme-electric/?section=19#
SPC100N050L4DF - Автоматический выключатель SYSTEMEPACT CCB100 50KA 4P4D TMD50;SPC100N050L4DF;SPC100N050L4DF;В наличии;https://intelka-shop.ru/proizvoditeli/systeme-electric/?section=19#
SPC100N063L4DF - Автоматический выключатель SYSTEMEPACT CCB100 50KA 4P4D TMD63;SPC100N063L4DF;SPC100N063L4DF;Под заказ;https://intelka-shop.ru/proizvoditeli/systeme-electric/?section=19#
SPC100N080L4DF - Автоматический выключатель SYSTEMEPACT CCB100 50KA 4P4D TMD80;SPC100N080L4DF;SPC100N080L4DF;В наличии;https://intelka-shop.ru/proizvoditeli/systeme-electric/?section=19#
SPC100N100L4DF - Автоматический выключатель SYSTEMEPACT CCB100 50KA 4P4D TMD100;SPC100N100L4DF;SPC100N100L4DF;В наличии;https://intelka-shop.ru/proizvoditeli/systeme-electric/?section=19#
SPC100S016L4DF - Автоматический выключатель SYSTEMEPACT CCB100 100KA 4P4D TMD16;SPC100S016L4DF;SPC100S016L4DF;В наличии;https://intelka-shop.ru/proizvoditeli/systeme-electric/?section=19#
SPC100S025L4DF - Автоматический выключатель SYSTEMEPACT CCB100 100KA 4P4D TMD25;SPC100S025L4DF;SPC100S025L4DF;В наличии;https://intelka-shop.ru/proizvoditeli/systeme-electric/?section=19#
SPC100S032L4DF - Автоматический выключатель SYSTEMEPACT CCB100 100KA 4P4D TMD32;SPC100S032L4DF;SPC100S032L4DF;В наличии;https://intelka-shop.ru/proizvoditeli/systeme-electric/?section=19#
SPC100S040L4DF - Автоматический выключатель SYSTEMEPACT CCB100 100KA 4P4D TMD40;SPC100S040L4DF;SPC100S040L4DF;Под заказ;https://intelka-shop.ru/proizvoditeli/systeme-electric/?section=19#
SPC100S050L4DF - Автоматический выключатель SYSTEMEPACT CCB100 100KA 4P4D TMD50;SPC100S050L4DF;SPC100S050L4DF;Под заказ;https://intelka-shop.ru/proizvoditeli/systeme-electric/?section=19#
SPC100S063L4DF - Автоматический выключатель SYSTEMEPACT CCB100 100KA 4P4D TMD63;SPC100S063L4DF;SPC100S063L4DF;В наличии;https://intelka-shop.ru/proizvoditeli/systeme-electric/?section=19#
SPC100S080L4DF - Автоматический выключатель SYSTEMEPACT CCB100 100KA 4P4D TMD80;SPC100S080L4DF;SPC100S080L4DF;Под заказ;https://intelka-shop.ru/proizvoditeli/systeme-electric/?section=19#
SPC100S100L4DF - Автоматический выключатель SYSTEMEPACT CCB100 100KA 4P4D TMD100;SPC100S100L4DF;SPC100S100L4DF;Под заказ;https://intelka-shop.ru/proizvoditeli/systeme-electric/?section=19#
SPC100F04022L4DF - Автоматический выключатель SYSTEMEPACT CCB100 36KA 4P4D S2.2 40A;SPC100F04022L4DF;SPC100F04022L4DF;В наличии;https://intelka-shop.ru/proizvoditeli/systeme-electric/?section=19#
SPC100F10022L4DF - Автоматический выключатель SYSTEMEPACT CCB100 36KA 4P4D S2.2 100A;SPC100F10022L4DF;SPC100F10022L4DF;Под заказ;https://intelka-shop.ru/proizvoditeli/systeme-electric/?section=19#
SPC100N04022L4DF - Автоматический выключатель SYSTEMEPACT CCB100 50KA 4P4D S2.2 40A;SPC100N04022L4DF;SPC100N04022L4DF;В наличии;https://intelka-shop.ru/proizvoditeli/systeme-electric/?section=19#
SPC100N10022L4DF - Автоматический выключатель SYSTEMEPACT CCB100 50KA 4P4D S2.2 1 00A;SPC100N10022L4DF;SPC100N10022L4DF;В наличии;https://intelka-shop.ru/proizvoditeli/systeme-electric/?section=19#
SPC100S04022L4DF - Автоматический выключатель SYSTEMEPACT CCB100 100KA 4P4D S2.2 40A;SPC100S04022L4DF;SPC100S04022L4DF;Под заказ;https://intelka-shop.ru/proizvoditeli/systeme-electric/?section=19#
SPC100S10022L4DF - Автоматический выключатель SYSTEMEPACT CCB100 100KA 4P4D S2.2 100A;SPC100S10022L4DF;SPC100S10022L4DF;В наличии;https://intelka-shop.ru/proizvoditeli/systeme-electric/?section=19#
SPC100F016L3DF - Автоматический выключатель SYSTEMEPACT CCB100 36KA 3P3D TMD16;SPC100F016L3DF;SPC100F016L3DF;Под заказ;https://intelka-shop.ru/proizvoditeli/systeme-electric/?section=19#
MRD01 - Тепловое реле перегрузки MRD F40 0,1-0,16A КЛАСС 10;MRD01;MRD01;В наличии;https://intelka-shop.ru/proizvoditeli/systeme-electric/?section=19#
MRD02 - Тепловое реле перегрузки MRD F40 0,16-0,25A КЛАСС 10;MRD02;MRD02;В наличии;https://intelka-shop.ru/proizvoditeli/systeme-electric/?section=19#
MRD03 - Тепловое реле перегрузки MRD F40 0,25-0,40A КЛАСС 10;MRD03;MRD03;В наличии;https://intelka-shop.ru/proizvoditeli/systeme-electric/?section=19#
MRD03S - Тепловое реле перегрузки MRD F40 0,35-0,5A КЛАСС 10;MRD03S;MRD03S;В наличии;https://intelka-shop.ru/proizvoditeli/systeme-electric/?section=19#
MRD04 - Тепловое реле перегрузки MRD F40 0,45-0,63A КЛАСС 10;MRD04;MRD04;В наличии;https://intelka-shop.ru/proizvoditeli/systeme-electric/?section=19#
MRD05 - Тепловое реле перегрузки MRD F40 0,75-1A КЛАСС 10;MRD05;MRD05;В наличии;https://intelka-shop.ru/proizvoditeli/systeme-electric/?section=19#
MRD05S - Тепловое реле перегрузки MRD F40 0,55-0,8A КЛАСС 10;MRD05S;MRD05S;В наличии;https://intelka-shop.ru/proizvoditeli/systeme-electric/?section=19#
MRD06 - Тепловое реле перегрузки MRD F40 1,1-1,6A КЛАСС 10;MRD06;MRD06;Под заказ;https://intelka-shop.ru/proizvoditeli/systeme-electric/?section=19#
MRD06S - Тепловое реле перегрузки MRD F40 0,9-1,3A КЛАСС 10;MRD06S;MRD06S;В наличии;https://intelka-shop.ru/proizvoditeli/systeme-electric/?section=19#
MRD07 - Тепловое реле перегрузки MRD F40 1,8-2,5A КЛАСС 10;MRD07;MRD07;Под заказ;https://intelka-shop.ru/proizvoditeli/systeme-electric/?section=19#
MRD07S - Тепловое реле перегрузки MRD F40 1,4-2,0A КЛАСС 10;MRD07S;MRD07S;В наличии;https://intelka-shop.ru/proizvoditeli/systeme-electric/?section=19#
MRD08 - Тепловое реле перегрузки MRD F40 2,9-4A КЛАСС 10;MRD08;MRD08;В наличии;https://intelka-shop.ru/proizvoditeli/systeme-electric/?section=19#
MRD08S - Тепловое реле перегрузки MRD F40 2,3-3,2A КЛАСС 10;MRD08S;MRD08S;В наличии;https://intelka-shop.ru/proizvoditeli/systeme-electric/?section=19#
MRD10 - Тепловое реле перегрузки MRD F40 4,5-6,3A КЛАСС 10;MRD10;MRD10;В наличии;https://intelka-shop.ru/proizvoditeli/systeme-electric/?section=19#
MRD10S - Тепловое реле перегрузки MRD F40 3,5-4,8A КЛАСС 10;MRD10S;MRD10S;В наличии;https://intelka-shop.ru/proizvoditeli/systeme-electric/?section=19#
MRD12 - Тепловое реле перегрузки MRD F40 5,5-7,5A КЛАСС 10;MRD12;MRD12;В наличии;https://intelka-shop.ru/proizvoditeli/systeme-electric/?section=19#
MRD14 - Тепловое реле перегрузки MRD F40 7,2-10A КЛАСС 10;MRD14;MRD14;В наличии;https://intelka-shop.ru/proizvoditeli/systeme-electric/?section=19#
MRD16 - Тепловое реле перегрузки MRD F40 11,3-16A КЛАСС 10;MRD16;MRD16;В наличии;https://intelka-shop.ru/proizvoditeli/systeme-electric/?section=19#
MRD16S - Тепловое реле перегрузки MRD F40 9-12,5A КЛАСС 10;MRD16S;MRD16S;В наличии;https://intelka-shop.ru/proizvoditeli/systeme-electric/?section=19#
MRD21 - Тепловое реле перегрузки MRD F40 15-20A КЛАСС 10;MRD21;MRD21;Под заказ;https://intelka-shop.ru/proizvoditeli/systeme-electric/?section=19#
MRD22 - Тепловое реле перегрузки MRD F40 21-25A КЛАСС 10;MRD22;MRD22;В наличии;https://intelka-shop.ru/proizvoditeli/systeme-electric/?section=19#
MRD22S - Тепловое реле перегрузки MRD F40 17,5-21,5A КЛАСС 10;MRD22S;MRD22S;В наличии;https://intelka-shop.ru/proizvoditeli/systeme-electric/?section=19#
MRD32 - Тепловое реле перегрузки MRD F40 24,5-30A КЛАСС 10;MRD32;MRD32;В наличии;https://intelka-shop.ru/proizvoditeli/systeme-electric/?section=19#
MRD3322 - Тепловое реле перегрузки MRD F90 17-25А КЛАСС 10;MRD3322;MRD3322;В наличии;https://intelka-shop.ru/proizvoditeli/systeme-electric/?section=19#
MRD3353 - Тепловое реле перегрузки MRD F90 24,5-36А КЛАСС 10;MRD3353;MRD3353;В наличии;https://intelka-shop.ru/proizvoditeli/systeme-electric/?section=19#
MRD3355 - Тепловое реле перегрузки MRD F90 35-47А КЛАСС 10;MRD3355;MRD3355;Под заказ;https://intelka-shop.ru/proizvoditeli/systeme-electric/?section=19#
MRD3359 - Тепловое реле перегрузки MRD F90 45-60А КЛАСС 10;MRD3359;MRD3359;Под заказ;https://intelka-shop.ru/proizvoditeli/systeme-electric/?section=19#
MRD3361 - Тепловое реле перегрузки MRD F90 58-75А КЛАСС 10;MRD3361;MRD3361;В наличии;https://intelka-shop.ru/proizvoditeli/systeme-electric/?section=19#
MRD3363 - Тепловое реле перегрузки MRD F90 72-90А КЛАСС 10;MRD3363;MRD3363;В наличии;https://intelka-shop.ru/proizvoditeli/systeme-electric/?section=19#
MRD3365 - Тепловое реле перегрузки MRD F90 77-97А КЛАСС 10;MRD3365;MRD3365;В наличии;https://intelka-shop.ru/proizvoditeli/systeme-electric/?section=19#
MRD35 - Тепловое реле перегрузки MRD F40 33-38A КЛАСС 10;MRD35;MRD35;В наличии;https://intelka-shop.ru/proizvoditeli/systeme-electric/?section=19#
MRD35S - Тепловое реле перегрузки MRD F40 29-36A КЛАСС 10;MRD35S;MRD35S;В наличии;https://intelka-shop.ru/proizvoditeli/systeme-electric/?section=19#
MRG185135 - Тепловое реле перегрузки MRG F185 105-135A КЛАСС 10;MRG185135;MRG185135;В наличии;https://intelka-shop.ru/proizvoditeli/systeme-electric/?section=19#
MRG185185 - Тепловое реле перегрузки MRG F185 150-185A КЛАСС 10;MRG185185;MRG185185;В наличии;https://intelka-shop.ru/proizvoditeli/systeme-electric/?section=19#
MRG18580 - Тепловое реле перегрузки MRG F185 63-80A КЛАСС 10;MRG18580;MRG18580;В наличии;https://intelka-shop.ru/proizvoditeli/systeme-electric/?section=19#
MRG18595 - Тепловое реле перегрузки MRG F185 75-95A КЛАСС 10;MRG18595;MRG18595;Под заказ;https://intelka-shop.ru/proizvoditeli/systeme-electric/?section=19#
MRG630200F - Тепловое реле перегрузки MRG F630 145-200A КЛАСС 10;MRG630200F;MRG630200F;Под заказ;https://intelka-shop.ru/proizvoditeli/systeme-electric/?section=19#
MRG630250F - Тепловое реле перегрузки MRG F630 180-250A КЛАСС 10;MRG630250F;MRG630250F;В наличии;https://intelka-shop.ru/proizvoditeli/systeme-electric/?section=19#
MRG630320F - Тепловое реле перегрузки MRG F630 230-320A КЛАСС 10;MRG630320F;MRG630320F;Под заказ;https://intelka-shop.ru/proizvoditeli/systeme-electric/?section=19#
MRG630400F - Тепловое реле перегрузки MRG F630 290-400A КЛАСС 10;MRG630400F;MRG630400F;Под заказ;https://intelka-shop.ru/proizvoditeli/systeme-electric/?section=19#
MRG630480F - Тепловое реле перегрузки MRG F630 350-480A КЛАСС 10;MRG630480F;MRG630480F;Под заказ;https://intelka-shop.ru/proizvoditeli/systeme-electric/?section=19#
MRG630630F - Тепловое реле перегрузки MRG F630 460-630A КЛАСС 10;MRG630630F;MRG630630F;В наличии;https://intelka-shop.ru/proizvoditeli/systeme-electric/?section=19#
Реле 5A 4CO 230VAC тест кнопка LED;SXM4CB2P7;SXM4CB2P7;В наличии;https://intelka-shop.ru/proizvoditeli/systeme-electric/?section=19#
Реле 5A 2CO 24VDC LED;SXM2LB2BD;SXM2LB2BD;В наличии;https://intelka-shop.ru/proizvoditeli/systeme-electric/?section=19#
Реле 5A 2CO 230VAC LED;SXM2LB2P7;SXM2LB2P7;В наличии;https://intelka-shop.ru/proizvoditeli/systeme-electric/?section=19#
Реле 3A 4CO 24VDC LED;SXM4LB2BD;SXM4LB2BD;В наличии;https://intelka-shop.ru/proizvoditeli/systeme-electric/?section=19#
Реле 3A 4CO 230VAC LED;SXM4LB2P7;SXM4LB2P7;В наличии;https://intelka-shop.ru/proizvoditeli/systeme-electric/?section=19#
SXZE2S108M - Розетка для реле 2СО 12А separate;SXZE2S108M;SXZE2S108M;В наличии;https://intelka-shop.ru/proizvoditeli/systeme-electric/?section=19#
SXZE2S114M - Розетка для реле 4СО 10А separate;SXZE2S114M;SXZE2S114M;Под заказ;https://intelka-shop.ru/proizvoditeli/systeme-electric/?section=19#
SXZ500 - Зажим для реле;SXZ500;SXZ500;Под заказ;https://intelka-shop.ru/proizvoditeli/systeme-electric/?section=19#
Реле 12A 1CO 24VDC;SXG15BD;SXG15BD;В наличии;https://intelka-shop.ru/proizvoditeli/systeme-electric/?section=19#
Реле 12A 1CO 230VAC;SXG15P7;SXG15P7;В наличии;https://intelka-shop.ru/proizvoditeli/systeme-electric/?section=19#
Реле 12A 1CO 24VDC тест кнопка LED;SXG12BD;SXG12BD;В наличии;https://intelka-shop.ru/proizvoditeli/systeme-electric/?section=19#
Реле 12A 1CO 230VAC тест кнопка LED;SXG12P7;SXG12P7;В наличии;https://intelka-shop.ru/proizvoditeli/systeme-electric/?section=19#
Реле 8A 2CO 24VDC;SXG25BD;SXG25BD;Под заказ;https://intelka-shop.ru/proizvoditeli/systeme-electric/?section=19#
Реле 8A 2CO 230VAC;SXG25P7;SXG25P7;В наличии;https://intelka-shop.ru/proizvoditeli/systeme-electric/?section=19#
Реле 8A 2CO 24VDC тест кнопка LED;SXG22BD;SXG22BD;Под заказ;https://intelka-shop.ru/proizvoditeli/systeme-electric/?section=19#
Реле 8A 2CO 230VAC тест кнопка LED;SXG22P7;SXG22P7;В наличии;https://intelka-shop.ru/proizvoditeli/systeme-electric/?section=19#
SGZE1S35M - Розетка для реле 1СО скоба seperate;SGZE1S35M;SGZE1S35M;Под заказ;https://intelka-shop.ru/proizvoditeli/systeme-electric/?section=19#
SGZE1S48M - Розетка для реле 2СО скоба separate;SGZE1S48M;SGZE1S48M;В наличии;https://intelka-shop.ru/proizvoditeli/systeme-electric/?section=19#
SR2P - Маркировка для розетки;SR2P;SR2P;В наличии;https://intelka-shop.ru/proizvoditeli/systeme-electric/?section=19#
Пластиковая скоба для розеток SGZR215;SGZR215;SGZR215;В наличии;https://intelka-shop.ru/proizvoditeli/systeme-electric/?section=19#
SZM031RB - Защитный модуль диод+LED 6/24VDC;SZM031RB;SZM031RB;Под заказ;https://intelka-shop.ru/proizvoditeli/systeme-electric/?section=19#
SZM031FPD - Защитный модуль диод+LED 110/240VDC;SZM031FPD;SZM031FPD;В наличии;https://intelka-shop.ru/proizvoditeli/systeme-electric/?section=19#
SZM021RB - Защитный модуль варистор+LED 6/24VAC/DC;SZM021RB;SZM021RB;В наличии;https://intelka-shop.ru/proizvoditeli/systeme-electric/?section=19#
SZM021FP - Защитный модуль варистор+LED 110/230VAC/DC;SZM021FP;SZM021FP;В наличии;https://intelka-shop.ru/proizvoditeli/systeme-electric/?section=19#
SXM041FU7 - Защитный модуль rc-цепь 110/240VAC;SXM041FU7;SXM041FU7;В наличии;https://intelka-shop.ru/proizvoditeli/systeme-electric/?section=19#
SXM041BN7 - Защитный модуль rc-цепь 24/60VAC;SXM041BN7;SXM041BN7;В наличии;https://intelka-shop.ru/proizvoditeli/systeme-electric/?section=19#
SXM021RB - Защитный модуль варистор 6/24VAC/DC;SXM021RB;SXM021RB;В наличии;https://intelka-shop.ru/proizvoditeli/systeme-electric/?section=19#
Реле 12A 2CO 24VDC тест кнопка LED;SXM2AB2BD;SXM2AB2BD;В наличии;https://intelka-shop.ru/proizvoditeli/systeme-electric/?section=19#
Реле 12A 2CO 230VAC тест кнопка LED;SXM2AB2P7;SXM2AB2P7;В наличии;https://intelka-shop.ru/proizvoditeli/systeme-electric/?section=19#
Реле 6A 4CO 24VDC тест кнопка LED;SXM4AB2BD;SXM4AB2BD;Под заказ;https://intelka-shop.ru/proizvoditeli/systeme-electric/?section=19#
Реле 6A 4CO 230VAC тест кнопка LED;SXM4AB2P7;SXM4AB2P7;Под заказ;https://intelka-shop.ru/proizvoditeli/systeme-electric/?section=19#
Реле 10A 2CO 24VDC тест кнопка LED;SXM2CB2BD;SXM2CB2BD;Под заказ;https://intelka-shop.ru/proizvoditeli/systeme-electric/?section=19#
SB7KS2M4I - Зуммер с подсветкой красный 220В AC прерывистый звук;SB7KS2M4I;SB7KS2M4I;Под заказ;https://intelka-shop.ru/proizvoditeli/systeme-electric/?section=19#
SB4BZ009 - Корпус для устройств SystemSig SB4;SB4BZ009;SB4BZ009;В наличии;https://intelka-shop.ru/proizvoditeli/systeme-electric/?section=19#
SB5AVB1 - Сигнальная лампа SB5 в сборе модульная 22 мм белая 24 В DC;SB5AVB1;SB5AVB1;Под заказ;https://intelka-shop.ru/proizvoditeli/systeme-electric/?section=19#
SB5AVB3 - Сигнальная лампа SB5 в сборе модульная 22 мм зеленая 24 В DC;SB5AVB3;SB5AVB3;Под заказ;https://intelka-shop.ru/proizvoditeli/systeme-electric/?section=19#
SB5AVB4 - Сигнальная лампа SB5 в сборе модульная 22 мм красная 24 В DC;SB5AVB4;SB5AVB4;Под заказ;https://intelka-shop.ru/proizvoditeli/systeme-electric/?section=19#
SB5AVB5 - Сигнальная лампа SB5 в сборе модульная 22 мм желтая 24 В DC;SB5AVB5;SB5AVB5;Под заказ;https://intelka-shop.ru/proizvoditeli/systeme-electric/?section=19#
SB5AVB6 - Сигнальная лампа SB5 в сборе модульная 22 мм синяя 24 В DC;SB5AVB6;SB5AVB6;В наличии;https://intelka-shop.ru/proizvoditeli/systeme-electric/?section=19#
SB5AVM1 - Сигнальная лампа SB5 в сборе модульная 22 мм белая 230-240 В АС;SB5AVM1;SB5AVM1;В наличии;https://intelka-shop.ru/proizvoditeli/systeme-electric/?section=19#
SB5AVM3 - Сигнальная лампа SB5 в сборе модульная 22 мм зеленая 230-240 В АС;SB5AVM3;SB5AVM3;В наличии;https://intelka-shop.ru/proizvoditeli/systeme-electric/?section=19#
SB5AVM4 - Сигнальная лампа SB5 в сборе модульная 22 мм красная 230-240 В АС;SB5AVM4;SB5AVM4;В наличии;https://intelka-shop.ru/proizvoditeli/systeme-electric/?section=19#
SB5AVM5 - Сигнальная лампа SB5 в сборе модульная 22 мм желтая 230-240 В АС;SB5AVM5;SB5AVM5;В наличии;https://intelka-shop.ru/proizvoditeli/systeme-electric/?section=19#
SB5AVM6 - Сигнальная лампа SB5 в сборе модульная 22 мм синяя 230-240 В АС;SB5AVM6;SB5AVM6;В наличии;https://intelka-shop.ru/proizvoditeli/systeme-electric/?section=19#
SB5AZ009 - Корпус для устройств SystemSig SB5;SB5AZ009;SB5AZ009;В наличии;https://intelka-shop.ru/proizvoditeli/systeme-electric/?section=19#
SBVM1 - Световой блок белый LED 230-240В АС;SBVM1;SBVM1;В наличии;https://intelka-shop.ru/proizvoditeli/systeme-electric/?section=19#
SBVM3 - Световой блок зеленый LED 230-240В АС;SBVM3;SBVM3;В наличии;https://intelka-shop.ru/proizvoditeli/systeme-electric/?section=19#
SBVM4 - Световой блок красный LED 230-240В АС;SBVM4;SBVM4;В наличии;https://intelka-shop.ru/proizvoditeli/systeme-electric/?section=19#
SBVM5 - Световой блок желтый LED 230-240В АС;SBVM5;SBVM5;В наличии;https://intelka-shop.ru/proizvoditeli/systeme-electric/?section=19#
SBVM6 - Световой блок синий LED 230-240 В АС;SBVM6;SBVM6;В наличии;https://intelka-shop.ru/proizvoditeli/systeme-electric/?section=19#
SBVB1 - Световой блок белый LED 24В DC;SBVB1;SBVB1;В наличии;https://intelka-shop.ru/proizvoditeli/systeme-electric/?section=19#
SBVB3 - Световой блок зеленый LED 24В DC;SBVB3;SBVB3;В наличии;https://intelka-shop.ru/proizvoditeli/systeme-electric/?section=19#
SBVB4 - Световой блок красный LED 24В DC;SBVB4;SBVB4;В наличии;https://intelka-shop.ru/proizvoditeli/systeme-electric/?section=19#
SBVB5 - Световой блок желтый LED 24В DC;SBVB5;SBVB5;В наличии;https://intelka-shop.ru/proizvoditeli/systeme-electric/?section=19#
SBVB6 - Световой блок синий LED 24 В DC;SBVB6;SBVB6;В наличии;https://intelka-shop.ru/proizvoditeli/systeme-electric/?section=19#
SBE101 - Контактный блок 1 НО;SBE101;SBE101;Под заказ;https://intelka-shop.ru/proizvoditeli/systeme-electric/?section=19#
SBE102 - Контактный блок 1 НЗ;SBE102;SBE102;В наличии;https://intelka-shop.ru/proizvoditeli/systeme-electric/?section=19#
SB7EV03BP - Сигнальная лампа SB7 моноблочная 22 мм зеленая LED 24 В DC;SB7EV03BP;SB7EV03BP;В наличии;https://intelka-shop.ru/proizvoditeli/systeme-electric/?section=19#
SB7EV04BP - Сигнальная лампа SB7 моноблочная 22 мм красная LED 24 В DC;SB7EV04BP;SB7EV04BP;В наличии;https://intelka-shop.ru/proizvoditeli/systeme-electric/?section=19#
SB7EV08BP - Сигнальная лампа SB7 моноблочная 22 мм желтая LED 24 В DC;SB7EV08BP;SB7EV08BP;В наличии;https://intelka-shop.ru/proizvoditeli/systeme-electric/?section=19#
SB7EV06BP - Сигнальная лампа SB7 моноблочная 22 мм синяя LED 24 В DC;SB7EV06BP;SB7EV06BP;В наличии;https://intelka-shop.ru/proizvoditeli/systeme-electric/?section=19#
SB7EV07BP - Сигнальная лампа SB7 моноблочная 22 мм белая LED 24 В DC;SB7EV07BP;SB7EV07BP;Под заказ;https://intelka-shop.ru/proizvoditeli/systeme-electric/?section=19#
SB7EV03MP - Сигнальная лампа SB7 моноблочная 22 мм зеленая LED 230 В АС;SB7EV03MP;SB7EV03MP;Под заказ;https://intelka-shop.ru/proizvoditeli/systeme-electric/?section=19#
SB7EV04MP - Сигнальная лампа SB7 моноблочная 22 мм красная LED 230 В АС;SB7EV04MP;SB7EV04MP;В наличии;https://intelka-shop.ru/proizvoditeli/systeme-electric/?section=19#
SB7EV08MP - Сигнальная лампа SB7 моноблочная 22 мм желтая LED 230 В АС;SB7EV08MP;SB7EV08MP;В наличии;https://intelka-shop.ru/proizvoditeli/systeme-electric/?section=19#
SB7EV06MP - Сигнальная лампа SB7 моноблочная 22 мм синяя LED 230 В АС;SB7EV06MP;SB7EV06MP;Под заказ;https://intelka-shop.ru/proizvoditeli/systeme-electric/?section=19#
SB7EV07MP - Сигнальная лампа SB7 моноблочная 22мм белая LED 230В АС;SB7EV07MP;SB7EV07MP;Под заказ;https://intelka-shop.ru/proizvoditeli/systeme-electric/?section=19#
SB7KSBC - Зуммер 24В DC непрерывный звук;SB7KSBC;SB7KSBC;В наличии;https://intelka-shop.ru/proizvoditeli/systeme-electric/?section=19#
SB7KSBI - Зуммер 24В DC прерывистый звук;SB7KSBI;SB7KSBI;Под заказ;https://intelka-shop.ru/proizvoditeli/systeme-electric/?section=19#
SB7KSMC - Зуммер 230В AC непрерывный звук;SB7KSMC;SB7KSMC;В наличии;https://intelka-shop.ru/proizvoditeli/systeme-electric/?section=19#
SB7KSMI - Зуммер 230В AC прерывистый звук;SB7KSMI;SB7KSMI;В наличии;https://intelka-shop.ru/proizvoditeli/systeme-electric/?section=19#
SB7KS2B8C - Зуммер с подсветкой желтый 24В DC непрерывный звук;SB7KS2B8C;SB7KS2B8C;В наличии;https://intelka-shop.ru/proizvoditeli/systeme-electric/?section=19#
SB7KS2B8I - Зуммер с подсветкой желтый 24В DC прерывистый звук;SB7KS2B8I;SB7KS2B8I;В наличии;https://intelka-shop.ru/proizvoditeli/systeme-electric/?section=19#
SB7KS2B4C - Зуммер с подсветкой красный 24В DC непрерывный звук;SB7KS2B4C;SB7KS2B4C;Под заказ;https://intelka-shop.ru/proizvoditeli/systeme-electric/?section=19#
SB7KS2B4I - Зуммер с подсветкой красный 24В DC прерывистый звук;SB7KS2B4I;SB7KS2B4I;Под заказ;https://intelka-shop.ru/proizvoditeli/systeme-electric/?section=19#
SB7KS2M8C - Зуммер с подсветкой желтый 220В AC непрерывный звук;SB7KS2M8C;SB7KS2M8C;Под заказ;https://intelka-shop.ru/proizvoditeli/systeme-electric/?section=19#
SB7KS2M8I - Зуммер с подсветкой желтый 220В AC прерывистый звук;SB7KS2M8I;SB7KS2M8I;В наличии;https://intelka-shop.ru/proizvoditeli/systeme-electric/?section=19#
SB7KS2M4C - Зуммер с подсветкой красный 220В AC непрерывный звук;SB7KS2M4C;SB7KS2M4C;В наличии;https://intelka-shop.ru/proizvoditeli/systeme-electric/?section=19#
SB4BVB1 - Сигнальная лампа в сборе модульная 22 мм белая 24 В DC;SB4BVB1;SB4BVB1;Под заказ;https://intelka-shop.ru/proizvoditeli/systeme-electric/?section=19#
SB4BVB3 - Сигнальная лампа в сборе модульная 22 мм зеленая 24 В DC;SB4BVB3;SB4BVB3;Под заказ;https://intelka-shop.ru/proizvoditeli/systeme-electric/?section=19#
SB4BVB4 - Сигнальная лампа в сборе модульная 22 мм красная 24 В DC;SB4BVB4;SB4BVB4;В наличии;https://intelka-shop.ru/proizvoditeli/systeme-electric/?section=19#
SB4BVB5 - Сигнальная лампа в сборе модульная 22 мм желтая 24 В DC;SB4BVB5;SB4BVB5;В наличии;https://intelka-shop.ru/proizvoditeli/systeme-electric/?section=19#
SB4BVB6 - Сигнальная лампа в сборе модульная 22 мм синяя 24 В DC;SB4BVB6;SB4BVB6;Под заказ;https://intelka-shop.ru/proizvoditeli/systeme-electric/?section=19#
SB4BVM1 - Сигнальная лампа в сборе модульная 22 мм белая 230-240 В АС;SB4BVM1;SB4BVM1;Под заказ;https://intelka-shop.ru/proizvoditeli/systeme-electric/?section=19#
SB4BVM3 - Сигнальная лампа в сборе модульная 22 мм зеленая 230-240 В АС;SB4BVM3;SB4BVM3;В наличии;https://intelka-shop.ru/proizvoditeli/systeme-electric/?section=19#
SB4BVM4 - Сигнальная лампа в сборе модульная 22 мм красная 230-240 В АС;SB4BVM4;SB4BVM4;В наличии;https://intelka-shop.ru/proizvoditeli/systeme-electric/?section=19#
SB4BVM5 - Сигнальная лампа в сборе модульная 22 мм желтая 230-240 В АС;SB4BVM5;SB4BVM5;В наличии;https://intelka-shop.ru/proizvoditeli/systeme-electric/?section=19#
SB4BVM6 - Сигнальная лампа в сборе модульная 22 мм синяя 230-240 В АС;SB4BVM6;SB4BVM6;В наличии;https://intelka-shop.ru/proizvoditeli/systeme-electric/?section=19#
Переключатель SB5 в сборе модульный 22мм 2 позиции с фиксацией 1НО;SB5AD21;SB5AD21;В наличии;https://intelka-shop.ru/proizvoditeli/systeme-electric/?section=19#
Переключатель SB5 в сборе модульный 22мм 2 позиции с фиксацией 1НО+1НЗ;SB5AD25;SB5AD25;В наличии;https://intelka-shop.ru/proizvoditeli/systeme-electric/?section=19#
Переключатель SB5 в сборе модульный 22мм 2 позиции с возвратом 1НО;SB5AD41;SB5AD41;В наличии;https://intelka-shop.ru/proizvoditeli/systeme-electric/?section=19#
Переключатель SB5 в сборе модульный 22мм 3 позиции с фиксацией 2НО;SB5AD33;SB5AD33;В наличии;https://intelka-shop.ru/proizvoditeli/systeme-electric/?section=19#
Переключатель SB5 в сборе модульный 22мм 3 позиции с возвратом 2НО;SB5AD53;SB5AD53;Под заказ;https://intelka-shop.ru/proizvoditeli/systeme-electric/?section=19#
Переключатель SB5 в сборе модульный 22мм 2 позиции с фиксацией ключ 1пол 1НО;SB5AG21;SB5AG21;Под заказ;https://intelka-shop.ru/proizvoditeli/systeme-electric/?section=19#
Переключатель SB5 в сборе модульный 22мм 2 позиции с фиксацией ключ 2пол 1НО;SB5AG41;SB5AG41;В наличии;https://intelka-shop.ru/proizvoditeli/systeme-electric/?section=19#
Переключатель SB5 в сборе модульный 22мм 2поз с возвратом ключ пр-лев 1НО;SB5AG61;SB5AG61;В наличии;https://intelka-shop.ru/proizvoditeli/systeme-electric/?section=19#
Переключатель SB5 в сборе модульный 22мм 3позиции с фиксацией ключ центр 2НО;SB5AG33;SB5AG33;В наличии;https://intelka-shop.ru/proizvoditeli/systeme-electric/?section=19#
Переключатель SB5 в сборе модульный 22мм 3 позиции с фиксацией ключ 2НО;SB5AG03;SB5AG03;Под заказ;https://intelka-shop.ru/proizvoditeli/systeme-electric/?section=19#
Переключатель SB5 в сборе модульный 22мм 3 позиции с фиксацией 1НО+1НЗ;SB5AD35;SB5AD35;В наличии;https://intelka-shop.ru/proizvoditeli/systeme-electric/?section=19#
Переключатель SB5 в сборе модульный 22мм 3 позиции с возвратом ключ ц 2НО;SB5AG53;SB5AG53;В наличии;https://intelka-shop.ru/proizvoditeli/systeme-electric/?section=19#
Переключатель SB4 в сборе модульный 22мм 2 позиции с фиксацией 1НО+1НЗ;SB4BD25;SB4BD25;Под заказ;https://intelka-shop.ru/proizvoditeli/systeme-electric/?section=19#
Переключатель SB4 в сборе модульный 22мм 2 позиции с возвратом 1НО;SB4BD41;SB4BD41;В наличии;https://intelka-shop.ru/proizvoditeli/systeme-electric/?section=19#
Переключатель SB4 в сборе модульный 22мм 2 позиции с возвратом 1НО+1НЗ;SB4BD45;SB4BD45;В наличии;https://intelka-shop.ru/proizvoditeli/systeme-electric/?section=19#
Переключатель SB4 в сборе модульный 22мм 3 позиции с фиксацией 2НО;SB4BD33;SB4BD33;В наличии;https://intelka-shop.ru/proizvoditeli/systeme-electric/?section=19#
Переключатель SB4 в сборе модульный 22мм 3 позиции с возвратом 2НО;SB4BD53;SB4BD53;Под заказ;https://intelka-shop.ru/proizvoditeli/systeme-electric/?section=19#
Переключатель SB4 в сборе модульный 22мм 2 позиции с фиксацией ручка 1НО;SB4BJ21;SB4BJ21;В наличии;https://intelka-shop.ru/proizvoditeli/systeme-electric/?section=19#
Переключатель SB4 в сборе модульный 22мм 3 позиции с фиксацией ручка 2НО;SB4BJ33;SB4BJ33;В наличии;https://intelka-shop.ru/proizvoditeli/systeme-electric/?section=19#
Переключатель SB4 в сборе модульный 22мм 3 позиции с возвратом ручка 2НО;SB4BJ53;SB4BJ53;Под заказ;https://intelka-shop.ru/proizvoditeli/systeme-electric/?section=19#
Переключатель SB4 в сборе модульный 22мм 2 позиции с фиксацией ключ 1пол 1НО;SB4BG21;SB4BG21;В наличии;https://intelka-shop.ru/proizvoditeli/systeme-electric/?section=19#
Переключатель SB4 в сборе модульный 22мм 2 позиции с фиксацией ключ 2пол 1НО;SB4BG41;SB4BG41;В наличии;https://intelka-shop.ru/proizvoditeli/systeme-electric/?section=19#
Переключатель SB4 в сборе модульный 22мм 2поз с возвратом ключ пр-лев 1НО;SB4BG61;SB4BG61;В наличии;https://intelka-shop.ru/proizvoditeli/systeme-electric/?section=19#
Переключатель SB4 в сборе модульный 22мм 3позиции с фиксацией ключ центр 2НО;SB4BG33;SB4BG33;Под заказ;https://intelka-shop.ru/proizvoditeli/systeme-electric/?section=19#
Переключатель SB4 в сборе модульный 22мм 3 позиции с фиксацией ключ 2НО;SB4BG03;SB4BG03;В наличии;https://intelka-shop.ru/proizvoditeli/systeme-electric/?section=19#
Пер-ль SB4 с подсвет в сборе 22мм 2поз зел с фикс металл 24В DC 1НО+1НЗ;SB4BK123B5;SB4BK123B5;Под заказ;https://intelka-shop.ru/proizvoditeli/systeme-electric/?section=19#
Пер-ль SB4 с подсвет в сборе 22мм 2поз красн с фикс металл 24В DC 1НО+1НЗ;SB4BK124B5;SB4BK124B5;В наличии;https://intelka-shop.ru/proizvoditeli/systeme-electric/?section=19#
Пер-ль SB4 с подсвет в сборе 22мм 2поз желт с фикс металл 24В DC 1НО+1НЗ;SB4BK125B5;SB4BK125B5;В наличии;https://intelka-shop.ru/proizvoditeli/systeme-electric/?section=19#
Пер-ль SB4 с подсвет в сборе 22мм 3поз зел с фикс металл 24В DC 1НО+1НЗ;SB4BK133B5;SB4BK133B5;В наличии;https://intelka-shop.ru/proizvoditeli/systeme-electric/?section=19#
Пер-ль SB4 с подсвет в сборе 22мм 3поз красн с фикс металл 24В DC 1НО+1НЗ;SB4BK134B5;SB4BK134B5;В наличии;https://intelka-shop.ru/proizvoditeli/systeme-electric/?section=19#
Пер-ль SB4 с подсвет в сборе 22мм 3поз желт с фикс металл 24В DC 1НО+1НЗ;SB4BK135B5;SB4BK135B5;В наличии;https://intelka-shop.ru/proizvoditeli/systeme-electric/?section=19#
Пер-ль SB4 с подсвет в сборе 22мм 2поз зел с фикс металл 230ВАС 1НО+1НЗ;SB4BK123M5;SB4BK123M5;Под заказ;https://intelka-shop.ru/proizvoditeli/systeme-electric/?section=19#
Пер-ль SB4 с подсвет в сборе 22мм 2поз красн с фикс металл 230ВАС 1НО+1НЗ;SB4BK124M5;SB4BK124M5;В наличии;https://intelka-shop.ru/proizvoditeli/systeme-electric/?section=19#
Пер-ль SB4 с подсвет в сборе 22мм 2поз желт с фикс металл 230ВАС 1НО+1НЗ;SB4BK125M5;SB4BK125M5;Под заказ;https://intelka-shop.ru/proizvoditeli/systeme-electric/?section=19#
Пер-ль SB4 с подсвет в сборе 22мм 3поз зел с фикс металл 230ВАС 1НО+1НЗ;SB4BK133M5;SB4BK133M5;В наличии;https://intelka-shop.ru/proizvoditeli/systeme-electric/?section=19#
Пер-ль SB4 с подсвет в сборе 22мм 3поз красн с фикс металл 230ВАС 1НО+1НЗ;SB4BK134M5;SB4BK134M5;В наличии;https://intelka-shop.ru/proizvoditeli/systeme-electric/?section=19#
Пер-ль SB4 с подсвет в сборе 22мм 3поз желт с фикс металл 230ВАС 1НО+1НЗ;SB4BK135M5;SB4BK135M5;В наличии;https://intelka-shop.ru/proizvoditeli/systeme-electric/?section=19#
Переключатель SB4 в сборе модульный 22мм 2 позиции с фиксацией 1НО;SB4BD21;SB4BD21;В наличии;https://intelka-shop.ru/proizvoditeli/systeme-electric/?section=19#
SB4BP42 - Кнопка SB4 в сборе модульная 22мм выступающая красная с возвратом металл 1НЗ;SB4BP42;SB4BP42;В наличии;https://intelka-shop.ru/proizvoditeli/systeme-electric/?section=19#
SB4BW31B1 - Кнопка SB4 с подсветкой в сборе модульная 22мм белая металл 24ВDC 1НО;SB4BW31B1;SB4BW31B1;Под заказ;https://intelka-shop.ru/proizvoditeli/systeme-electric/?section=19#
SB4BW33B1 - Кнопка SB4 с подсветкой в сборе модульная 22мм зеленая металл 24ВDC 1НО;SB4BW33B1;SB4BW33B1;Под заказ;https://intelka-shop.ru/proizvoditeli/systeme-electric/?section=19#
SB4BW34B2 - Кнопка SB4 с подсветкой в сборе модульная 22мм красная металл 24ВDC 1НЗ;SB4BW34B2;SB4BW34B2;Под заказ;https://intelka-shop.ru/proizvoditeli/systeme-electric/?section=19#
SB4BW35B1 - Кнопка SB4 с подсветкой в сборе модульная 22мм желтая металл 24ВDC 1НО;SB4BW35B1;SB4BW35B1;В наличии;https://intelka-shop.ru/proizvoditeli/systeme-electric/?section=19#
SB4BW36B1 - Кнопка SB4 с подсветкой в сборе модульная 22мм синяя металл 24ВDC 1НО;SB4BW36B1;SB4BW36B1;Под заказ;https://intelka-shop.ru/proizvoditeli/systeme-electric/?section=19#
SB4BW31B5 - Кнопка SB4 с подсветкой в сборе модульная 22мм белая металл 24ВDC 1НО+1НЗ;SB4BW31B5;SB4BW31B5;В наличии;https://intelka-shop.ru/proizvoditeli/systeme-electric/?section=19#
SB4BA11 - Кнопка SB4 в сборе модульная 22мм белая с возвратом металл 1НО;SB4BA11;SB4BA11;В наличии;https://intelka-shop.ru/proizvoditeli/systeme-electric/?section=19#
SB4BA21 - Кнопка SB4 в сборе модульная 22мм черная с возвратом металл 1НО;SB4BA21;SB4BA21;В наличии;https://intelka-shop.ru/proizvoditeli/systeme-electric/?section=19#
SB4BA31 - Кнопка SB4 в сборе модульная 22мм зеленая с возвратом металл 1НО;SB4BA31;SB4BA31;В наличии;https://intelka-shop.ru/proizvoditeli/systeme-electric/?section=19#
SB4BA51 - Кнопка SB4 в сборе модульная 22мм желтая с возвратом металл 1НО;SB4BA51;SB4BA51;В наличии;https://intelka-shop.ru/proizvoditeli/systeme-electric/?section=19#
SB4BA61 - Кнопка SB4 в сборе модульная 22мм синяя с возвратом металл 1НО;SB4BA61;SB4BA61;В наличии;https://intelka-shop.ru/proizvoditeli/systeme-electric/?section=19#
SB4BA42 - Кнопка SB4 в сборе модульная 22мм красная с возвратом металл 1НЗ;SB4BA42;SB4BA42;В наличии;https://intelka-shop.ru/proizvoditeli/systeme-electric/?section=19#
SB4BA35 - Кнопка SB4 в сборе модульная 22мм зеленая с возвратом металл 1НО+1НЗ;SB4BA35;SB4BA35;Под заказ;https://intelka-shop.ru/proizvoditeli/systeme-electric/?section=19#
SB4BA45 - Кнопка SB4 в сборе модульная 22мм красная с возвратом металл 1НО+1НЗ;SB4BA45;SB4BA45;Под заказ;https://intelka-shop.ru/proizvoditeli/systeme-electric/?section=19#
SB4BP21 - Кнопка SB4 в сборе модульная 22мм выступающая черная с возвратом металл 1НО;SB4BP21;SB4BP21;В наличии;https://intelka-shop.ru/proizvoditeli/systeme-electric/?section=19#
SB4BP31 - Кнопка SB4 в сборе модульная 22мм выступающая зеленая с возвратом металл 1НО;SB4BP31;SB4BP31;Под заказ;https://intelka-shop.ru/proizvoditeli/systeme-electric/?section=19#
SB4BP51 - Кнопка SB4 в сборе модульная 22мм выступающая желтая с возвратом металл 1НО;SB4BP51;SB4BP51;В наличии;https://intelka-shop.ru/proizvoditeli/systeme-electric/?section=19#
SB4BP61 - Кнопка SB4 в сборе модульная 22мм выступающая синяя с возвратом металл 1НО;SB4BP61;SB4BP61;Под заказ;https://intelka-shop.ru/proizvoditeli/systeme-electric/?section=19#
SB4BW33B5 - Кнопка SB4 с подсветкой в сборе модульная 22мм зеленая металл 24ВDC 1НО+1НЗ;SB4BW33B5;SB4BW33B5;В наличии;https://intelka-shop.ru/proizvoditeli/systeme-electric/?section=19#
SB4BW34B5 - Кнопка SB4 с подсветкой в сборе модульная 22мм красная металл 24ВDC 1НО+1НЗ;SB4BW34B5;SB4BW34B5;Под заказ;https://intelka-shop.ru/proizvoditeli/systeme-electric/?section=19#
SB4BW35B5 - Кнопка SB4 с подсветкой в сборе модульная 22мм желтая металл 24ВDC 1НО+1НЗ;SB4BW35B5;SB4BW35B5;В наличии;https://intelka-shop.ru/proizvoditeli/systeme-electric/?section=19#
SB4BW36B5 - Кнопка SB4 с подсветкой в сборе модульная 22мм синяя металл 24ВDC 1НО+1НЗ;SB4BW36B5;SB4BW36B5;Под заказ;https://intelka-shop.ru/proizvoditeli/systeme-electric/?section=19#
"SB4BA3311 - Кнопка SB4 в сборе модульная 22мм зеленая металл 1НО с маркировкой ""I""";SB4BA3311;SB4BA3311;В наличии;https://intelka-shop.ru/proizvoditeli/systeme-electric/?section=19#
"SB4BA3341 - Кнопка SB4 в сборе модульная 22мм белая металл 1НО с марк ""стрелка вверх""";SB4BA3341;SB4BA3341;Под заказ;https://intelka-shop.ru/proizvoditeli/systeme-electric/?section=19#
"SB4BA3351 - Кнопка SB4 в сборе модульная 22мм черная металл 1НО с марк ""стрелка вниз""";SB4BA3351;SB4BA3351;Под заказ;https://intelka-shop.ru/proizvoditeli/systeme-electric/?section=19#
"SB4BA4322 - Кнопка SB4 в сборе модульная 22мм красная металл 1НЗ с маркировкой ""О""";SB4BA4322;SB4BA4322;Под заказ;https://intelka-shop.ru/proizvoditeli/systeme-electric/?section=19#
"SB4BA4342 - Кнопка SB4 в сборе модульная 22мм красная металл 1НЗ с маркировкой ""STOP""";SB4BA4342;SB4BA4342;Под заказ;https://intelka-shop.ru/proizvoditeli/systeme-electric/?section=19#
SB4BW31M1 - Кнопка SB4 с подсвет в сборе модуль 22мм белая металл 230-240ВAC 1НО;SB4BW31M1;SB4BW31M1;В наличии;https://intelka-shop.ru/proizvoditeli/systeme-electric/?section=19#
SB4BW33M1 - Кнопка SB4 с подсвет в сборе модуль 22мм зеленая металл 230-240ВAC 1НО;SB4BW33M1;SB4BW33M1;В наличии;https://intelka-shop.ru/proizvoditeli/systeme-electric/?section=19#
SB4BW34M2 - Кнопка SB4 с подсвет в сборе модуль 22мм красная металл 230-240ВAC 1НЗ;SB4BW34M2;SB4BW34M2;В наличии;https://intelka-shop.ru/proizvoditeli/systeme-electric/?section=19#
SB4BW35M1 - Кнопка SB4 с подсвет в сборе модуль 22мм желтая металл 230-240ВAC 1НО;SB4BW35M1;SB4BW35M1;В наличии;https://intelka-shop.ru/proizvoditeli/systeme-electric/?section=19#
SB4BW36M1 - Кнопка SB4 с подсвет в сборе модуль 22мм синяя металл 230-240ВAC 1НО;SB4BW36M1;SB4BW36M1;В наличии;https://intelka-shop.ru/proizvoditeli/systeme-electric/?section=19#
SB4BW31M5 - Кнопка SB4 с подсвет в сборе модуль 22мм белая металл 230-240ВAC 1НО+1НЗ;SB4BW31M5;SB4BW31M5;В наличии;https://intelka-shop.ru/proizvoditeli/systeme-electric/?section=19#
SB4BW33M5 - Кнопка SB4 с подсвет в сборе модуль 22мм зеленая металл 230-240ВAC 1НО+1НЗ;SB4BW33M5;SB4BW33M5;В наличии;https://intelka-shop.ru/proizvoditeli/systeme-electric/?section=19#
SB4BW34M5 - Кнопка SB4 с подсвет в сборе модуль 22мм красная металл 230-240ВAC 1НО+1НЗ;SB4BW34M5;SB4BW34M5;В наличии;https://intelka-shop.ru/proizvoditeli/systeme-electric/?section=19#
SB4BW35M5 - Кнопка SB4 с подсвет в сборе модуль 22мм желтая металл 230-240ВAC 1НО+1НЗ;SB4BW35M5;SB4BW35M5;В наличии;https://intelka-shop.ru/proizvoditeli/systeme-electric/?section=19#
SB4BW36M5 - Кнопка SB4 с подсвет в сборе модуль 22мм синяя металл 230-240ВAC 1НО+1НЗ;SB4BW36M5;SB4BW36M5;В наличии;https://intelka-shop.ru/proizvoditeli/systeme-electric/?section=19#
"SB4BA73415 - Кнопка SB4 двойная в сборе модульная 22мм зеленая ""I""+красная ""O"" металл 1НО+1НЗ";SB4BA73415;SB4BA73415;В наличии;https://intelka-shop.ru/proizvoditeli/systeme-electric/?section=19#
"SB4BW73731B5 - Кнопка двойная SB4 в сборе модуль 22 мм зеленая ""I""+красная ""О"" металл 24 В DC";SB4BW73731B5;SB4BW73731B5;Под заказ;https://intelka-shop.ru/proizvoditeli/systeme-electric/?section=19#
"SB4BW73731M5 - Кнопка двойная SB4 в сборе модуль 22 мм зеленая ""I""+красная ""О"" металл 230 В АС";SB4BW73731M5;SB4BW73731M5;Под заказ;https://intelka-shop.ru/proizvoditeli/systeme-electric/?section=19#
"SB4BW7A3741B5 - Кнопка двойная SB4 в сборе модуль 22 мм зеленая ""I""+красная ""О"" металл 24 В DC";SB4BW7A3741B5;SB4BW7A3741B5;В наличии;https://intelka-shop.ru/proizvoditeli/systeme-electric/?section=19#
"SB4BW7A3741M5 - Кнопка двойная SB4 в сборе модуль 22 мм зеленая ""I""+красная ""О"" металл 230 В АС";SB4BW7A3741M5;SB4BW7A3741M5;Под заказ;https://intelka-shop.ru/proizvoditeli/systeme-electric/?section=19#
SB4BC31 - Кнопка с грибовидной головкой SB4 в сборе 22 мм 40 мм зеленая с возвратом металл 1НО;SB4BC31;SB4BC31;В наличии;https://intelka-shop.ru/proizvoditeli/systeme-electric/?section=19#
SB4BC42 - Кнопка с грибовидной головкой SB4 в сборе 22 мм 40 мм красная с возвратом металл 1НЗ;SB4BC42;SB4BC42;В наличии;https://intelka-shop.ru/proizvoditeli/systeme-electric/?section=19#
SB4BT842 - Кнопка аварийного останова SB4 в сборе 22 мм 40 мм тяни-толкай металл 1НЗ;SB4BT842;SB4BT842;Под заказ;https://intelka-shop.ru/proizvoditeli/systeme-electric/?section=19#
SB4BT845 - Кнопка аварийного останова SB4 в сборе 22 мм 40 мм тяни-толкай металл 1НО+1НЗ;SB4BT845;SB4BT845;Под заказ;https://intelka-shop.ru/proizvoditeli/systeme-electric/?section=19#
SB4BS8442 - Кнопка аварийной остановки SB4 в сборе 22мм 40мм повернуть для возврата металл;SB4BS8442;SB4BS8442;В наличии;https://intelka-shop.ru/proizvoditeli/systeme-electric/?section=19#
SB4BS142 - Кнопка аварийного останова SB4 в сборе 22 мм 40 мм ключ металл 1НЗ;SB4BS142;SB4BS142;В наличии;https://intelka-shop.ru/proizvoditeli/systeme-electric/?section=19#
SB4BS9445 - Кнопка аварийного останова SB4 в сборе 22 мм 40 мм ключ металл 1НО+1Н;SB4BS9445;SB4BS9445;В наличии;https://intelka-shop.ru/proizvoditeli/systeme-electric/?section=19#
SB5AA11 - Кнопка SB5 в сборе модульная 22мм белая с возвратом пластик 1НО;SB5AA11;SB5AA11;В наличии;https://intelka-shop.ru/proizvoditeli/systeme-electric/?section=19#
SB5AA21 - Кнопка SB5 в сборе модульная 22мм черная с возвратом пластик 1НО;SB5AA21;SB5AA21;В наличии;https://intelka-shop.ru/proizvoditeli/systeme-electric/?section=19#
SB5AA31 - Кнопка SB5 в сборе модульная 22мм зеленая с возвратом пластик 1НО;SB5AA31;SB5AA31;В наличии;https://intelka-shop.ru/proizvoditeli/systeme-electric/?section=19#
SB5AA51 - Кнопка SB5 в сборе модульная 22мм желтая с возвратом пластик 1НО;SB5AA51;SB5AA51;В наличии;https://intelka-shop.ru/proizvoditeli/systeme-electric/?section=19#
SB5AA61 - Кнопка SB5 в сборе модульная 22мм синяя с возвратом пластик 1НО;SB5AA61;SB5AA61;В наличии;https://intelka-shop.ru/proizvoditeli/systeme-electric/?section=19#
SB5AA42 - Кнопка SB5 в сборе модульная 22мм красная с возвратом пластик 1НЗ;SB5AA42;SB5AA42;Под заказ;https://intelka-shop.ru/proizvoditeli/systeme-electric/?section=19#
SB5AL11 - Кнопка SB5 в сборе модульная 22мм выступающая белая с возвратом пластик 1НО;SB5AL11;SB5AL11;В наличии;https://intelka-shop.ru/proizvoditeli/systeme-electric/?section=19#
SB5AL21 - Кнопка SB5 в сборе модульная 22мм выступающая черная с возвратом пластик 1НО;SB5AL21;SB5AL21;Под заказ;https://intelka-shop.ru/proizvoditeli/systeme-electric/?section=19#
SB5AL31 - Кнопка SB5 в сборе модульная 22мм выступающая зеленая с возвратом пластик 1НО;SB5AL31;SB5AL31;В наличии;https://intelka-shop.ru/proizvoditeli/systeme-electric/?section=19#
SB5AL51 - Кнопка SB5 в сборе модульная 22мм выступающая желтая с возвратом пластик 1НО;SB5AL51;SB5AL51;В наличии;https://intelka-shop.ru/proizvoditeli/systeme-electric/?section=19#
SB5AL61 - Кнопка SB5 в сборе модульная 22мм выступающая синяя с возвратом пластик 1НО;SB5AL61;SB5AL61;В наличии;https://intelka-shop.ru/proizvoditeli/systeme-electric/?section=19#
SB5AL42 - Кнопка SB5 в сборе модульная 22мм выступающая красная с возвратом пластик 1НО;SB5AL42;SB5AL42;Под заказ;https://intelka-shop.ru/proizvoditeli/systeme-electric/?section=19#
SB5AW31B1 - Кнопка SB5 с подсветкой в сборе модульная 22мм белая пластик 24ВDC 1НО;SB5AW31B1;SB5AW31B1;Под заказ;https://intelka-shop.ru/proizvoditeli/systeme-electric/?section=19#
SB5AW33B1 - Кнопка SB5 с подсветкой в сборе модульная 22мм зеленая пластик 24ВDC 1НО;SB5AW33B1;SB5AW33B1;В наличии;https://intelka-shop.ru/proizvoditeli/systeme-electric/?section=19#
SB5AW34B2 - Кнопка SB5 с подсветкой в сборе модульная 22мм красная пластик 24ВDC 1НЗ;SB5AW34B2;SB5AW34B2;Под заказ;https://intelka-shop.ru/proizvoditeli/systeme-electric/?section=19#
SB5AW35B1 - Кнопка SB5 с подсветкой в сборе модульная 22мм желтая пластик 24ВDC 1НО;SB5AW35B1;SB5AW35B1;Под заказ;https://intelka-shop.ru/proizvoditeli/systeme-electric/?section=19#
SB5AW36B1 - Кнопка SB5 с подсветкой в сборе модульная 22мм синяя пластик 24ВDC 1НО;SB5AW36B1;SB5AW36B1;Под заказ;https://intelka-shop.ru/proizvoditeli/systeme-electric/?section=19#
SB5AW31B5 - Кнопка SB5 с подсветкой в сборе модульная 22мм белая пластик 24ВDC 1НО+1НЗ;SB5AW31B5;SB5AW31B5;Под заказ;https://intelka-shop.ru/proizvoditeli/systeme-electric/?section=19#
SB5AW33B5 - Кнопка SB5 с подсветкой в сборе модульная 22мм зеленая пластик 24ВDC 1НО+1НЗ;SB5AW33B5;SB5AW33B5;Под заказ;https://intelka-shop.ru/proizvoditeli/systeme-electric/?section=19#
SB5AW34B5 - Кнопка SB5 с подсветкой в сборе модульная 22мм красная пластик 24ВDC 1НО+1НЗ;SB5AW34B5;SB5AW34B5;Под заказ;https://intelka-shop.ru/proizvoditeli/systeme-electric/?section=19#
SB5AW35B5 - Кнопка SB5 с подсветкой в сборе модульная 22мм желтая пластик 24ВDC 1НО+1НЗ;SB5AW35B5;SB5AW35B5;В наличии;https://intelka-shop.ru/proizvoditeli/systeme-electric/?section=19#
SB5AW36B5 - Кнопка SB5 с подсветкой в сборе модульная 22мм синяя пластик 24ВDC 1НО+1НЗ;SB5AW36B5;SB5AW36B5;Под заказ;https://intelka-shop.ru/proizvoditeli/systeme-electric/?section=19#
SB5AW31M1 - Кнопка SB5 с подсвет в сборе модуль 22мм белая пластик 230-240ВAC 1НО;SB5AW31M1;SB5AW31M1;В наличии;https://intelka-shop.ru/proizvoditeli/systeme-electric/?section=19#
SB5AW33M1 - Кнопка SB5 с подсвет в сборе модуль 22мм зеленая пластик 230-240ВAC 1НО;SB5AW33M1;SB5AW33M1;Под заказ;https://intelka-shop.ru/proizvoditeli/systeme-electric/?section=19#
SB5AW34M2 - Кнопка SB5 с подсвет в сборе модуль 22мм красная пластик 230-240ВAC 1НЗ;SB5AW34M2;SB5AW34M2;В наличии;https://intelka-shop.ru/proizvoditeli/systeme-electric/?section=19#
SB5AW35M1 - Кнопка SB5 с подсвет в сборе модуль 22мм желтая пластик 230-240ВAC 1НО;SB5AW35M1;SB5AW35M1;В наличии;https://intelka-shop.ru/proizvoditeli/systeme-electric/?section=19#
SB5AW36M1 - Кнопка SB5 с подсвет в сборе модуль 22мм синяя пластик 230-240ВAC 1НО;SB5AW36M1;SB5AW36M1;В наличии;https://intelka-shop.ru/proizvoditeli/systeme-electric/?section=19#
SB5AW31M5 - Кнопка SB5 с подсвет в сборе модуль 22мм белая пластик 230-240ВAC 1НО+1НЗ;SB5AW31M5;SB5AW31M5;В наличии;https://intelka-shop.ru/proizvoditeli/systeme-electric/?section=19#
SB5AW33M5 - Кнопка SB5 с подсвет в сборе модуль 22мм зеленая пластик 230-240ВAC 1НО+1НЗ;SB5AW33M5;SB5AW33M5;В наличии;https://intelka-shop.ru/proizvoditeli/systeme-electric/?section=19#
SB5AW34M5 - Кнопка SB5 с подсвет в сборе модуль 22мм красная пластик 230-240ВAC 1НО+1НЗ;SB5AW34M5;SB5AW34M5;В наличии;https://intelka-shop.ru/proizvoditeli/systeme-electric/?section=19#
SB5AW35M5 - Кнопка SB5 с подсвет в сборе модуль 22мм желтая пластик 230-240ВAC 1НО+1НЗ;SB5AW35M5;SB5AW35M5;В наличии;https://intelka-shop.ru/proizvoditeli/systeme-electric/?section=19#
SB5AW36M5 - Кнопка SB5 с подсвет в сборе модуль 22мм синяя пластик 230-240ВAC 1НО+1НЗ;SB5AW36M5;SB5AW36M5;В наличии;https://intelka-shop.ru/proizvoditeli/systeme-electric/?section=19#
"SB5AA73415 - Кнопка двойная SB5 в сборе модуль 22 мм зеленый ""I""+красный ""O"" пластик 1НО+1НЗ";SB5AA73415;SB5AA73415;В наличии;https://intelka-shop.ru/proizvoditeli/systeme-electric/?section=19#
"SB5AL73415 - Кнопка двойная SB5 в сборе модуль 22 мм зеленый ""I""+красный выступ ""O"" пластик 1НО+1НЗ";SB5AL73415;SB5AL73415;В наличии;https://intelka-shop.ru/proizvoditeli/systeme-electric/?section=19#
"SB5AW73731B5 - Кнопка двойная SB5 в сборе модуль 22 мм зеленая ""I""+красная ""О"" пластик 24 В DС";SB5AW73731B5;SB5AW73731B5;Под заказ;https://intelka-shop.ru/proizvoditeli/systeme-electric/?section=19#
"SB5AW73731M5 - Кнопка двойная SB5 в сборе модуль 22 мм зеленая ""I""+красная ""О"" пластик 230 В АС";SB5AW73731M5;SB5AW73731M5;В наличии;https://intelka-shop.ru/proizvoditeli/systeme-electric/?section=19#
"SB5AW7A3741B5 - Кнопка двойная SB5 в сборе модуль 22 мм зеленая ""I""+красная ""О"" пластик 24 В DС";SB5AW7A3741B5;SB5AW7A3741B5;В наличии;https://intelka-shop.ru/proizvoditeli/systeme-electric/?section=19#
"SB5AW7A3741M5 - Кнопка двойная SB5 в сборе модуль 22 мм зеленая ""I""+красная ""О"" пластик 230 В";SB5AW7A3741M5;SB5AW7A3741M5;В наличии;https://intelka-shop.ru/proizvoditeli/systeme-electric/?section=19#
SB5AC31 - Кнопка с грибовидной головкой SB5 в сборе 22 мм 40 мм зеленая с возвратом пластик 1НО;SB5AC31;SB5AC31;В наличии;https://intelka-shop.ru/proizvoditeli/systeme-electric/?section=19#
SB5AC42 - Кнопка с грибовидной головкой SB5 в сборе 22 мм 40 мм красная с возвратом пластик 1НЗ;SB5AC42;SB5AC42;Под заказ;https://intelka-shop.ru/proizvoditeli/systeme-electric/?section=19#
SB5AT842 - Кнопка аварийного останова SB5 в сборе 22 мм 40 мм тяни-толкай пластик 1НЗ;SB5AT842;SB5AT842;В наличии;https://intelka-shop.ru/proizvoditeli/systeme-electric/?section=19#
SB5AT845 - Кнопка аварийного останова SB5 в сборе 22 мм 40 мм тяни-толкай пластик 1НО+1НЗ;SB5AT845;SB5AT845;Под заказ;https://intelka-shop.ru/proizvoditeli/systeme-electric/?section=19#
SB5AS8442 - Кнопка аварийного останова SB5 в сборе 22 мм 40 мм повернуть для возврат пластик 1НЗ;SB5AS8442;SB5AS8442;Под заказ;https://intelka-shop.ru/proizvoditeli/systeme-electric/?section=19#
SB5AS9442 - Кнопка аварийной остановки SB5 в сборе 22мм 40мм повернуть для возврата пластик;SB5AS9442;SB5AS9442;В наличии;https://intelka-shop.ru/proizvoditeli/systeme-electric/?section=19#
SB5AS9445 - Кнопка аварийного останова SB5 в сборе 22 мм 40 мм ключ пластик 1НЗ;SB5AS9445;SB5AS9445;В наличии;https://intelka-shop.ru/proizvoditeli/systeme-electric/?section=19#
SB5AS8445 - Кнопка аварийного останова SB5 в сборе 22 мм 40 мм ключ пластик 1НО+1НЗ;SB5AS8445;SB5AS8445;В наличии;https://intelka-shop.ru/proizvoditeli/systeme-electric/?section=19#
"SB4BL73415 - Кнопка SB4 двойная в сборе модульная 22мм зеленая ""I""+красная ""O"" металл";SB4BL73415;SB4BL73415;В наличии;https://intelka-shop.ru/proizvoditeli/systeme-electric/?section=19#
MRE251 - Тепловое реле перегрузки MRE F25 0.63-1.0A КЛАСС 10;MRE251;MRE251;В наличии;https://intelka-shop.ru/proizvoditeli/systeme-electric/?section=19#
MRE2510 - Тепловое реле перегрузки MRE F25 7.0-10A КЛАСС 10;MRE2510;MRE2510;Под заказ;https://intelka-shop.ru/proizvoditeli/systeme-electric/?section=19#
MRE2513 - Тепловое реле перегрузки MRE F25 9.0-13A КЛАСС 10;MRE2513;MRE2513;Под заказ;https://intelka-shop.ru/proizvoditeli/systeme-electric/?section=19#
MRE2518 - Тепловое реле перегрузки MRE F25 12-18A КЛАСС 10;MRE2518;MRE2518;Под заказ;https://intelka-shop.ru/proizvoditeli/systeme-electric/?section=19#
MRE251P6 - Тепловое реле перегрузки MRE F25 1.0-1.6A КЛАСС 10;MRE251P6;MRE251P6;Под заказ;https://intelka-shop.ru/proizvoditeli/systeme-electric/?section=19#
MRE2525 - Тепловое реле перегрузки MRE F25 17-25A КЛАСС 10;MRE2525;MRE2525;В наличии;https://intelka-shop.ru/proizvoditeli/systeme-electric/?section=19#
MRE252P5 - Тепловое реле перегрузки MRE F25 1.6-2.5A КЛАСС 10;MRE252P5;MRE252P5;Под заказ;https://intelka-shop.ru/proizvoditeli/systeme-electric/?section=19#
MRE254 - Тепловое реле перегрузки MRE F25 2.5-4.0A КЛАСС 10;MRE254;MRE254;Под заказ;https://intelka-shop.ru/proizvoditeli/systeme-electric/?section=19#
MRE256 - Тепловое реле перегрузки MRE F25 4.0-6A КЛАСС 10;MRE256;MRE256;В наличии;https://intelka-shop.ru/proizvoditeli/systeme-electric/?section=19#
MRE258 - Тепловое реле перегрузки MRE F25 5.5-8A КЛАСС 10;MRE258;MRE258;Под заказ;https://intelka-shop.ru/proizvoditeli/systeme-electric/?section=19#
MRE25P16 - Тепловое реле перегрузки MRE F25 0.1-0.16A КЛАСС 10;MRE25P16;MRE25P16;В наличии;https://intelka-shop.ru/proizvoditeli/systeme-electric/?section=19#
MRE25P25 - Тепловое реле перегрузки MRE F25 0.16-0.25A КЛАСС 10;MRE25P25;MRE25P25;В наличии;https://intelka-shop.ru/proizvoditeli/systeme-electric/?section=19#
MRE25P4 - Тепловое реле перегрузки MRE F25 0.25-0.4A КЛАСС 10;MRE25P4;MRE25P4;В наличии;https://intelka-shop.ru/proizvoditeli/systeme-electric/?section=19#
MRE25P63 - Тепловое реле перегрузки MRE F25 0.4-0.63A КЛАСС 10;MRE25P63;MRE25P63;В наличии;https://intelka-shop.ru/proizvoditeli/systeme-electric/?section=19#
MRE3832 - Тепловое реле перегрузки MRE F38 23-32A КЛАСС 10;MRE3832;MRE3832;Под заказ;https://intelka-shop.ru/proizvoditeli/systeme-electric/?section=19#
MRE3840 - Тепловое реле перегрузки MRE F38 30-40A КЛАСС 10;MRE3840;MRE3840;В наличии;https://intelka-shop.ru/proizvoditeli/systeme-electric/?section=19#
MRE9325 - Тепловое реле перегрузки MRE F93 17-25A КЛАСС 10;MRE9325;MRE9325;В наличии;https://intelka-shop.ru/proizvoditeli/systeme-electric/?section=19#
MRE9332 - Тепловое реле перегрузки MRE F93 23-32A КЛАСС 10;MRE9332;MRE9332;В наличии;https://intelka-shop.ru/proizvoditeli/systeme-electric/?section=19#
MRE9340 - Тепловое реле перегрузки MRE F93 30-40A КЛАСС 10;MRE9340;MRE9340;В наличии;https://intelka-shop.ru/proizvoditeli/systeme-electric/?section=19#
MRE9350 - Тепловое реле перегрузки MRE F93 37-50A КЛАСС 10;MRE9350;MRE9350;В наличии;https://intelka-shop.ru/proizvoditeli/systeme-electric/?section=19#
MRE9365 - Тепловое реле перегрузки MRE F93 48-65A КЛАСС 10;MRE9365;MRE9365;В наличии;https://intelka-shop.ru/proizvoditeli/systeme-electric/?section=19#
MRE9370 - Тепловое реле перегрузки MRE F93 55-70A КЛАСС 10;MRE9370;MRE9370;В наличии;https://intelka-shop.ru/proizvoditeli/systeme-electric/?section=19#
MRE9380 - Тепловое реле перегрузки MRE F93 63-80A КЛАСС 10;MRE9380;MRE9380;В наличии;https://intelka-shop.ru/proizvoditeli/systeme-electric/?section=19#
MRE9393 - Тепловое реле перегрузки MRE F93 80-93A КЛАСС 10;MRE9393;MRE9393;В наличии;https://intelka-shop.ru/proizvoditeli/systeme-electric/?section=19#
MTD422 - Дополнительный контактный блок MC1G/E с выдержкой времени включения 0,1…30С;MTD422;MTD422;В наличии;https://intelka-shop.ru/proizvoditeli/systeme-electric/?section=19#
MRETB25 - Клеммный блок для теплового реле MRE F25;MRETB25;MRETB25;В наличии;https://intelka-shop.ru/proizvoditeli/systeme-electric/?section=19#
MRETB36 - Клеммный блок для теплового реле MRE F38;MRETB36;MRETB36;В наличии;https://intelka-shop.ru/proizvoditeli/systeme-electric/?section=19#
MRETB93 - Клеммный блок для теплового реле MRE F93;MRETB93;MRETB93;В наличии;https://intelka-shop.ru/proizvoditeli/systeme-electric/?section=19#
"Панель оператора SystemeHMI SGU 4,3"", HMISGU43P";HMISGU43P;HMISGU43P;В наличии;https://intelka-shop.ru/proizvoditeli/systeme-electric/?section=19#
"Панель оператора SystemeHMI SGU 7"", HMISGU70P";HMISGU70P;HMISGU70P;В наличии;https://intelka-shop.ru/proizvoditeli/systeme-electric/?section=19#
"Панель оператора SystemeHMI SGU 7"", 1 порт Ethernet, HMISGU70PE";HMISGU70PE;HMISGU70PE;В наличии;https://intelka-shop.ru/proizvoditeli/systeme-electric/?section=19#
"Панель оператора SystemeHMI SGU 10,1"", HMISGU101P";HMISGU101P;HMISGU101P;В наличии;https://intelka-shop.ru/proizvoditeli/systeme-electric/?section=19#
"Панель оператора SystemeHMI SGU 10,1"", 1 порт Ethernet, HMISGU101PE";HMISGU101PE;HMISGU101PE;Под заказ;https://intelka-shop.ru/proizvoditeli/systeme-electric/?section=19#
"Панель оператора SystemeHMI SGU 15,6"", 1 порт Ethernet, металл, HMISGU156ME";HMISGU156ME;HMISGU156ME;Под заказ;https://intelka-shop.ru/proizvoditeli/systeme-electric/?section=19#
"Панель оператора SystemeHMI SGU 10,1"", 1 порт Ethernet, металл, усовершенствованная, HMISGU101MEA";HMISGU101MEA;HMISGU101MEA;Под заказ;https://intelka-shop.ru/proizvoditeli/systeme-electric/?section=19#
"Панель оператора SystemeHMI SGU 7"", усовершенствованная, HMISGU70PEA";HMISGU70PEA;HMISGU70PEA;В наличии;https://intelka-shop.ru/proizvoditeli/systeme-electric/?section=19#
"Панель оператора SystemeHMI SGU 10,1"", 1 порт Ethernet, металл, HMISGU101ME";HMISGU101ME;HMISGU101ME;Под заказ;https://intelka-shop.ru/proizvoditeli/systeme-electric/?section=19#
SEOP2701 - Синусный фильтр для STV (2,2кВт/5A) In = 7,5 A;SEOP2701;SEOP2701;В наличии;https://intelka-shop.ru/proizvoditeli/systeme-electric/?section=19#
SEOP2703 - Синусный фильтр для STV (7,5кВт/18,5A) In = 20 A;SEOP2703;SEOP2703;В наличии;https://intelka-shop.ru/proizvoditeli/systeme-electric/?section=19#
SEOP2704 - Синусный фильтр для STV (11кВт/25A) In = 30 A;SEOP2704;SEOP2704;Под заказ;https://intelka-shop.ru/proizvoditeli/systeme-electric/?section=19#
SEOP2705 - Синусный фильтр для STV (18,5кВт/38A) In = 40 A;SEOP2705;SEOP2705;Под заказ;https://intelka-shop.ru/proizvoditeli/systeme-electric/?section=19#
SEOP2706 - Синусный фильтр для STV (22кВт/45A) In = 50 A;SEOP2706;SEOP2706;Под заказ;https://intelka-shop.ru/proizvoditeli/systeme-electric/?section=19#
SEOP2707 - Синусный фильтр для STV (30кВт/60A) In = 60 A;SEOP2707;SEOP2707;Под заказ;https://intelka-shop.ru/proizvoditeli/systeme-electric/?section=19#
SEOP2702 - Синусный фильтр для STV (5,5кВт/14A) In = 15 A;SEOP2702;SEOP2702;Под заказ;https://intelka-shop.ru/proizvoditeli/systeme-electric/?section=19#
SEOP2708 - Синусный фильтр для STV (37кВт/75A) In = 80 A;SEOP2708;SEOP2708;В наличии;https://intelka-shop.ru/proizvoditeli/systeme-electric/?section=19#
SEOP2709 - Синусный фильтр для STV (45кВт/92A) In = 90 A;SEOP2709;SEOP2709;В наличии;https://intelka-shop.ru/proizvoditeli/systeme-electric/?section=19#
SEOP2710 - Синусный фильтр для STV (55кВт/115A) In = 120 A;SEOP2710;SEOP2710;Под заказ;https://intelka-shop.ru/proizvoditeli/systeme-electric/?section=19#
SEOP2711 - Синусный фильтр для STV (75кВт/150A) In = 150 A;SEOP2711;SEOP2711;В наличии;https://intelka-shop.ru/proizvoditeli/systeme-electric/?section=19#
SEOP2542 - Выходной реактор 5% напряжение STV 3Ф 380В 75кВт;SEOP2542;SEOP2542;Под заказ;https://intelka-shop.ru/proizvoditeli/systeme-electric/?section=19#
SEOP2541 - Выходной реактор 5% напряжение STV 3Ф 380В 55кВт;SEOP2541;SEOP2541;Под заказ;https://intelka-shop.ru/proizvoditeli/systeme-electric/?section=19#
SEOP2540 - Выходной реактор 5% напряжение STV 3Ф 380В 37кВт;SEOP2540;SEOP2540;В наличии;https://intelka-shop.ru/proizvoditeli/systeme-electric/?section=19#
SEOP2539 - Выходной реактор 5% напряжение STV 3Ф 380В 22кВт;SEOP2539;SEOP2539;В наличии;https://intelka-shop.ru/proizvoditeli/systeme-electric/?section=19#
SEOP2538 - Выходной реактор 5% напряжение STV 3Ф 380В 15кВт;SEOP2538;SEOP2538;Под заказ;https://intelka-shop.ru/proizvoditeli/systeme-electric/?section=19#
SEOP2537 - Выходной реактор 5% напряжение STV 3Ф 380В 7,5кВт;SEOP2537;SEOP2537;Под заказ;https://intelka-shop.ru/proizvoditeli/systeme-electric/?section=19#
SEOP2536 - Выходной реактор 5% напряжение STV 3Ф 380В 5,5кВт;SEOP2536;SEOP2536;Под заказ;https://intelka-shop.ru/proizvoditeli/systeme-electric/?section=19#
SEOP2535 - Выходной реактор 5% напряжение STV 380В 2,2кВт;SEOP2535;SEOP2535;В наличии;https://intelka-shop.ru/proizvoditeli/systeme-electric/?section=19#
SM3HSIC2 - Высокочастотный модуль 2 входа 500Khz SM3HSIC2;SM3HSIC2;SM3HSIC2;В наличии;https://intelka-shop.ru/proizvoditeli/systeme-electric/?section=19#
SM3PHSO4 - Импульсный высокочастотный модуль 4 выхода;SM3PHSO4;SM3PHSO4;Под заказ;https://intelka-shop.ru/proizvoditeli/systeme-electric/?section=19#
SM3DI8 - Дискретный модуль расширения 8 входов;SM3DI8;SM3DI8;Под заказ;https://intelka-shop.ru/proizvoditeli/systeme-electric/?section=19#
SM3DI16 - Дискретный модуль расширения 16 входов;SM3DI16;SM3DI16;В наличии;https://intelka-shop.ru/proizvoditeli/systeme-electric/?section=19#
SM3DI32 - Дискретный модуль расширения 32 входа;SM3DI32;SM3DI32;Под заказ;https://intelka-shop.ru/proizvoditeli/systeme-electric/?section=19#
SM3DQ8R - Дискретный модуль расширения 8 выходов;SM3DQ8R;SM3DQ8R;В наличии;https://intelka-shop.ru/proizvoditeli/systeme-electric/?section=19#
SM3DQ16R - Дискретный модуль расширения 16 выходов;SM3DQ16R;SM3DQ16R;Под заказ;https://intelka-shop.ru/proizvoditeli/systeme-electric/?section=19#
SM3DQ8T - Дискретный модуль расширения 8 выходов PNP;SM3DQ8T;SM3DQ8T;В наличии;https://intelka-shop.ru/proizvoditeli/systeme-electric/?section=19#
SM3DQ16T - Дискретный модуль расширения 16 выходов PNP;SM3DQ16T;SM3DQ16T;Под заказ;https://intelka-shop.ru/proizvoditeli/systeme-electric/?section=19#
SM3DQ32T - Дискретный модуль расширения 32 выхода PNP;SM3DQ32T;SM3DQ32T;Под заказ;https://intelka-shop.ru/proizvoditeli/systeme-electric/?section=19#
SM3BCCO - Модуль расширения CANopen Master;SM3BCCO;SM3BCCO;Под заказ;https://intelka-shop.ru/proizvoditeli/systeme-electric/?section=19#
SM3BCEC - Модуль для подключения по шине EtherCAT;SM3BCEC;SM3BCEC;В наличии;https://intelka-shop.ru/proizvoditeli/systeme-electric/?section=19#
SM3XRT1 - Модуль расширения-шина, 8 модулей;SM3XRT1;SM3XRT1;Под заказ;https://intelka-shop.ru/proizvoditeli/systeme-electric/?section=19#
SM3BCPN - Модуль для подключения по шине Profinet;SM3BCPN;SM3BCPN;Под заказ;https://intelka-shop.ru/proizvoditeli/systeme-electric/?section=19#
SM3AI8C - Аналоговый модуль расширения, 8 входов;SM3AI8C;SM3AI8C;В наличии;https://intelka-shop.ru/proizvoditeli/systeme-electric/?section=19#
SM3TI4RTD - Аналоговый модуль расширения 4 температурных входов RTD;SM3TI4RTD;SM3TI4RTD;В наличии;https://intelka-shop.ru/proizvoditeli/systeme-electric/?section=19#
SM3TI8RTD - Аналоговый модуль расширения 8 температурных входов RTD;SM3TI8RTD;SM3TI8RTD;Под заказ;https://intelka-shop.ru/proizvoditeli/systeme-electric/?section=19#
SM3AI4 - Аналоговый модуль расширения 4 входа;SM3AI4;SM3AI4;В наличии;https://intelka-shop.ru/proizvoditeli/systeme-electric/?section=19#
SM3TI4TC - Аналоговый модуль расширения 4 температурных входов TC;SM3TI4TC;SM3TI4TC;Под заказ;https://intelka-shop.ru/proizvoditeli/systeme-electric/?section=19#
SM3TI8TC - Аналоговый модуль расширения 8 температурных входов TC;SM3TI8TC;SM3TI8TC;В наличии;https://intelka-shop.ru/proizvoditeli/systeme-electric/?section=19#
SM3AI8V - Аналоговый модуль расширения, 8 входов;SM3AI8V;SM3AI8V;Под заказ;https://intelka-shop.ru/proizvoditeli/systeme-electric/?section=19#
SM3AM6 - Аналоговый модуль расширения - 4 входа + 2 выхода;SM3AM6;SM3AM6;В наличии;https://intelka-shop.ru/proizvoditeli/systeme-electric/?section=19#
SM3AQ4 - Аналоговый модуль расширения - 4 выхода;SM3AQ4;SM3AQ4;В наличии;https://intelka-shop.ru/proizvoditeli/systeme-electric/?section=19#
SM3AQ8 - Аналоговый модуль расширения - 8 выходов;SM3AQ8;SM3AQ8;Под заказ;https://intelka-shop.ru/proizvoditeli/systeme-electric/?section=19#
SM3PWR2 - Блок питания 220VAC в 24VDC 2A;SM3PWR2;SM3PWR2;В наличии;https://intelka-shop.ru/proizvoditeli/systeme-electric/?section=19#
SM252MESC - Промышленный контроллер PLC (ПЛК) SM252;SM252MESC;SM252MESC;Под заказ;https://intelka-shop.ru/proizvoditeli/systeme-electric/?section=19#
SM253CE10 - Промышленный контроллер PLC (ПЛК) SM253 10DI;SM253CE10;SM253CE10;Под заказ;https://intelka-shop.ru/proizvoditeli/systeme-electric/?section=19#
SEOP2713 - Синусный фильтр для STV (110кВт/215A) In = 250 A;SEOP2713;SEOP2713;В наличии;https://intelka-shop.ru/proizvoditeli/systeme-electric/?section=19#
SEOP2714 - Синусный фильтр для STV (132кВт/260A) In = 300 A;SEOP2714;SEOP2714;Под заказ;https://intelka-shop.ru/proizvoditeli/systeme-electric/?section=19#
SEOP2715 - Синусный фильтр для STV (185кВт/340A) In = 360 A;SEOP2715;SEOP2715;В наличии;https://intelka-shop.ru/proizvoditeli/systeme-electric/?section=19#
SEOP2716 - Синусный фильтр для STV (220кВт/425A) In = 450 A;SEOP2716;SEOP2716;В наличии;https://intelka-shop.ru/proizvoditeli/systeme-electric/?section=19#
SEOP2717 - Синусный фильтр для STV (250кВт/480A) In = 500 A;SEOP2717;SEOP2717;В наличии;https://intelka-shop.ru/proizvoditeli/systeme-electric/?section=19#
SEOP2718 - Синусный фильтр для STV (280кВт/530A) In = 600 A;SEOP2718;SEOP2718;Под заказ;https://intelka-shop.ru/proizvoditeli/systeme-electric/?section=19#
SEOP2719 - Синусный фильтр для STV (315кВт/600A) In = 600 A;SEOP2719;SEOP2719;В наличии;https://intelka-shop.ru/proizvoditeli/systeme-electric/?section=19#
SEOP2720 - Синусный фильтр для STV (355кВт/650A) In = 660 A;SEOP2720;SEOP2720;Под заказ;https://intelka-shop.ru/proizvoditeli/systeme-electric/?section=19#
SEOP2721 - Синусный фильтр для STV (400кВт/720A) In = 750 A;SEOP2721;SEOP2721;В наличии;https://intelka-shop.ru/proizvoditeli/systeme-electric/?section=19#
SEOP2722 - Синусный фильтр для STV (500кВт/860A) In = 1000 A;SEOP2722;SEOP2722;В наличии;https://intelka-shop.ru/proizvoditeli/systeme-electric/?section=19#
SEOP2712 - Синусный фильтр для STV (90кВт/180A) In = 200 A;SEOP2712;SEOP2712;В наличии;https://intelka-shop.ru/proizvoditeli/systeme-electric/?section=19#
SEOP2546 - Выходной реактор 5% напряжение STV 3Ф 380В 355кВт;SEOP2546;SEOP2546;Под заказ;https://intelka-shop.ru/proizvoditeli/systeme-electric/?section=19#
SEOP2545 - Выходной реактор 5% напряжение STV 3Ф 380В 280кВт;SEOP2545;SEOP2545;Под заказ;https://intelka-shop.ru/proizvoditeli/systeme-electric/?section=19#
SEOP2544 - Выходной реактор 5% напряжение STV 3Ф 380В 200кВт;SEOP2544;SEOP2544;Под заказ;https://intelka-shop.ru/proizvoditeli/systeme-electric/?section=19#
SEOP2543 - Выходной реактор 5% напряжение STV 3Ф 380В 132кВт;SEOP2543;SEOP2543;Под заказ;https://intelka-shop.ru/proizvoditeli/systeme-electric/?section=19#
MC1DEKB7 - Контактор MC1D для конденсаторных батарей 10 КВАР 1НО/2НЗ 24V 50/60ГЦ;MC1DEKB7;MC1DEKB7;Под заказ;https://intelka-shop.ru/proizvoditeli/systeme-electric/?section=19#
MC1DEKF7 - Контактор MC1D для конденсаторных батарей 10 КВАР 1НО/2НЗ 110V 50/60ГЦ;MC1DEKF7;MC1DEKF7;Под заказ;https://intelka-shop.ru/proizvoditeli/systeme-electric/?section=19#
MC1DEKM7 - Контактор MC1D для конденсаторных батарей 10 КВАР 1НО/2НЗ 220V 50/60ГЦ;MC1DEKM7;MC1DEKM7;Под заказ;https://intelka-shop.ru/proizvoditeli/systeme-electric/?section=19#
MC1DEKQ7 - Контактор MC1D для конденсаторных батарей 10 КВАР 1НО/2НЗ 380V 50/60ГЦ;MC1DEKQ7;MC1DEKQ7;Под заказ;https://intelka-shop.ru/proizvoditeli/systeme-electric/?section=19#
MC1DFKB7 - Контактор MC1D для конденсаторных батарей 12.5 КВАР 1НО/2НЗ 24V 50/60ГЦ;MC1DFKB7;MC1DFKB7;Под заказ;https://intelka-shop.ru/proizvoditeli/systeme-electric/?section=19#
MC1DFKE7 - Контактор MC1D для конденсаторных батарей 12.5 КВАР 1НО/2НЗ 48V 50/60ГЦ;MC1DFKE7;MC1DFKE7;Под заказ;https://intelka-shop.ru/proizvoditeli/systeme-electric/?section=19#
MC1DFKF7 - Контактор MC1D для конденсаторных батарей 12.5 КВАР 1НО/2НЗ 110V 50/60ГЦ;MC1DFKF7;MC1DFKF7;Под заказ;https://intelka-shop.ru/proizvoditeli/systeme-electric/?section=19#
MC1DFKM7 - Контактор MC1D для конденсаторных батарей 12.5 КВАР 1НО/2НЗ 220V 50/60ГЦ;MC1DFKM7;MC1DFKM7;В наличии;https://intelka-shop.ru/proizvoditeli/systeme-electric/?section=19#
MC1DFKQ7 - Контактор MC1D для конденсаторных батарей 12.5 КВАР 1НО/2НЗ 380V 50/60ГЦ;MC1DFKQ7;MC1DFKQ7;Под заказ;https://intelka-shop.ru/proizvoditeli/systeme-electric/?section=19#
MC1DGKB7 - Контактор MC1D для конденсаторных батарей 16.7 КВАР 1НО/2НЗ 24V 50/60ГЦ;MC1DGKB7;MC1DGKB7;Под заказ;https://intelka-shop.ru/proizvoditeli/systeme-electric/?section=19#
MC1DGKE7 - Контактор MC1D для конденсаторных батарей 16.7 КВАР 1НО/2НЗ 48V 50/60ГЦ;MC1DGKE7;MC1DGKE7;Под заказ;https://intelka-shop.ru/proizvoditeli/systeme-electric/?section=19#
MC1DGKF7 - Контактор MC1D для конденсаторных батарей 16.7 КВАР 1НО/2НЗ 110V 50/60ГЦ;MC1DGKF7;MC1DGKF7;Под заказ;https://intelka-shop.ru/proizvoditeli/systeme-electric/?section=19#
MC1DGKM7 - Контактор MC1D для конденсаторных батарей 16.7 КВАР 1НО/2НЗ 220V 50/60ГЦ;MC1DGKM7;MC1DGKM7;Под заказ;https://intelka-shop.ru/proizvoditeli/systeme-electric/?section=19#
MC1DGKQ7 - Контактор MC1D для конденсаторных батарей 16.7 КВАР 1НО/2НЗ 380V 50/60ГЦ;MC1DGKQ7;MC1DGKQ7;В наличии;https://intelka-shop.ru/proizvoditeli/systeme-electric/?section=19#
MC1DLKB7 - Контактор MC1D для конденсаторных батарей 20 КВАР 1НО/2НЗ 24V 50/60ГЦ;MC1DLKB7;MC1DLKB7;Под заказ;https://intelka-shop.ru/proizvoditeli/systeme-electric/?section=19#
MC1DLKE7 - Контактор MC1D для конденсаторных батарей 20 КВАР 1НО/2НЗ 48V 50/60ГЦ;MC1DLKE7;MC1DLKE7;Под заказ;https://intelka-shop.ru/proizvoditeli/systeme-electric/?section=19#
MC1DLKF7 - Контактор MC1D для конденсаторных батарей 20 КВАР 1НО/2НЗ 110V 50/60ГЦ;MC1DLKF7;MC1DLKF7;Под заказ;https://intelka-shop.ru/proizvoditeli/systeme-electric/?section=19#
MC1DLKM7 - Контактор MC1D для конденсаторных батарей 20 КВАР 1НО/2НЗ 220V 50/60ГЦ;MC1DLKM7;MC1DLKM7;В наличии;https://intelka-shop.ru/proizvoditeli/systeme-electric/?section=19#
MC1DLKQ7 - Контактор MC1D для конденсаторных батарей 20 КВАР 1НО/2НЗ 380V 50/60ГЦ;MC1DLKQ7;MC1DLKQ7;Под заказ;https://intelka-shop.ru/proizvoditeli/systeme-electric/?section=19#
MC1DMKB7 - Контактор MC1D для конденсаторных батарей 25 КВАР 1НО/2НЗ 24V 50/60ГЦ;MC1DMKB7;MC1DMKB7;Под заказ;https://intelka-shop.ru/proizvoditeli/systeme-electric/?section=19#
MC1DMKE7 - Контактор MC1D для конденсаторных батарей 25 КВАР 1НО/2НЗ 48V 50/60ГЦ;MC1DMKE7;MC1DMKE7;Под заказ;https://intelka-shop.ru/proizvoditeli/systeme-electric/?section=19#
MC1DMKF7 - Контактор MC1D для конденсаторных батарей 25 КВАР 1НО/2НЗ 110V 50/60ГЦ;MC1DMKF7;MC1DMKF7;Под заказ;https://intelka-shop.ru/proizvoditeli/systeme-electric/?section=19#
MC1DMKM7 - Контактор MC1D для конденсаторных батарей 25 КВАР 1НО/2НЗ 220V 50/60ГЦ;MC1DMKM7;MC1DMKM7;Под заказ;https://intelka-shop.ru/proizvoditeli/systeme-electric/?section=19#
MC1DMKQ7 - Контактор MC1D для конденсаторных батарей 25 КВАР 1НО/2НЗ 380V 50/60ГЦ;MC1DMKQ7;MC1DMKQ7;Под заказ;https://intelka-shop.ru/proizvoditeli/systeme-electric/?section=19#
MC1DPKB7 - Контактор MC1D для конденсаторных батарей 33.3 КВАР 1НО/2НЗ 24V 50/60ГЦ;MC1DPKB7;MC1DPKB7;Под заказ;https://intelka-shop.ru/proizvoditeli/systeme-electric/?section=19#
MC1DPKE7 - Контактор MC1D для конденсаторных батарей 33.3 КВАР 1НО/2НЗ 48V 50/60ГЦ;MC1DPKE7;MC1DPKE7;Под заказ;https://intelka-shop.ru/proizvoditeli/systeme-electric/?section=19#
MC1DPKF7 - Контактор MC1D для конденсаторных батарей 33.3 КВАР 1НО/2НЗ 110V 50/60ГЦ;MC1DPKF7;MC1DPKF7;Под заказ;https://intelka-shop.ru/proizvoditeli/systeme-electric/?section=19#
MC1DPKM7 - Контактор MC1D для конденсаторных батарей 33.3 КВАР 1НО/2НЗ 220V 50/60ГЦ;MC1DPKM7;MC1DPKM7;Под заказ;https://intelka-shop.ru/proizvoditeli/systeme-electric/?section=19#
MC1DPKQ7 - Контактор MC1D для конденсаторных батарей 33.3 КВАР 1НО/2НЗ 380V 50/60ГЦ;MC1DPKQ7;MC1DPKQ7;Под заказ;https://intelka-shop.ru/proizvoditeli/systeme-electric/?section=19#
MC1DTKB7 - Контактор MC1D для конденсаторных батарей 40 КВАР 1НО/2НЗ 24V 50/60ГЦ;MC1DTKB7;MC1DTKB7;Под заказ;https://intelka-shop.ru/proizvoditeli/systeme-electric/?section=19#
MC1DTKE7 - Контактор MC1D для конденсаторных батарей 40 КВАР 1НО/2НЗ 48V 50/60ГЦ;MC1DTKE7;MC1DTKE7;Под заказ;https://intelka-shop.ru/proizvoditeli/systeme-electric/?section=19#
MC1DTKF7 - Контактор MC1D для конденсаторных батарей 40 КВАР 1НО/2НЗ 110V 50/60ГЦ;MC1DTKF7;MC1DTKF7;Под заказ;https://intelka-shop.ru/proizvoditeli/systeme-electric/?section=19#
MC1DTKM7 - Контактор MC1D для конденсаторных батарей 40 КВАР 1НО/2НЗ 220V 50/60ГЦ;MC1DTKM7;MC1DTKM7;В наличии;https://intelka-shop.ru/proizvoditeli/systeme-electric/?section=19#
MC1DTKQ7 - Контактор MC1D для конденсаторных батарей 40 КВАР 1НО/2НЗ 380V 50/60ГЦ;MC1DTKQ7;MC1DTKQ7;Под заказ;https://intelka-shop.ru/proizvoditeli/systeme-electric/?section=19#
MC1DWKB7 - Контактор MC1D для конденсаторных батарей 65 КВАР 1НО/2НЗ 24V 50/60ГЦ;MC1DWKB7;MC1DWKB7;Под заказ;https://intelka-shop.ru/proizvoditeli/systeme-electric/?section=19#
MC1DWKE7 - Контактор MC1D для конденсаторных батарей 65 КВАР 1НО/2НЗ 48V 50/60ГЦ;MC1DWKE7;MC1DWKE7;Под заказ;https://intelka-shop.ru/proizvoditeli/systeme-electric/?section=19#
MC1DWKF7 - Контактор MC1D для конденсаторных батарей 65 КВАР 1НО/2НЗ 110V 50/60ГЦ;MC1DWKF7;MC1DWKF7;Под заказ;https://intelka-shop.ru/proizvoditeli/systeme-electric/?section=19#
MC1DWKM7 - Контактор MC1D для конденсаторных батарей 65 КВАР 1НО/2НЗ 220V 50/60ГЦ;MC1DWKM7;MC1DWKM7;В наличии;https://intelka-shop.ru/proizvoditeli/systeme-electric/?section=19#
MC1DWKQ7 - Контактор MC1D для конденсаторных батарей 65 КВАР 1НО/2НЗ 380V 50/60ГЦ;MC1DWKQ7;MC1DWKQ7;В наличии;https://intelka-shop.ru/proizvoditeli/systeme-electric/?section=19#
MC1G120EHE - Контактор MC1G 3P 120A 2НО+2НЗ AC/DC 48-130V 50/60ГЦ;MC1G120EHE;MC1G120EHE;Под заказ;https://intelka-shop.ru/proizvoditeli/systeme-electric/?section=19#
MC1G120F5 - Контактор MC1G 3P 120A 2НО+2НЗ 110V 50ГЦ;MC1G120F5;MC1G120F5;Под заказ;https://intelka-shop.ru/proizvoditeli/systeme-electric/?section=19#
MC1G120KUE - Контактор MC1G 3P 120A 2НО+2НЗ AC/DC 100-250V 50/60ГЦ;MC1G120KUE;MC1G120KUE;Под заказ;https://intelka-shop.ru/proizvoditeli/systeme-electric/?section=19#
MC1G120M5 - Контактор MC1G 3P 120A 2НО+2НЗ 220V 50ГЦ;MC1G120M5;MC1G120M5;В наличии;https://intelka-shop.ru/proizvoditeli/systeme-electric/?section=19#
MC1G120Q5 - Контактор MC1G 3P 120A 2НО+2НЗ 380V 50ГЦ;MC1G120Q5;MC1G120Q5;Под заказ;https://intelka-shop.ru/proizvoditeli/systeme-electric/?section=19#
MC1G120URE - Контактор MC1G 3P 120A 2НО+2НЗ AC/DC 250-500V 50/60ГЦ;MC1G120URE;MC1G120URE;В наличии;https://intelka-shop.ru/proizvoditeli/systeme-electric/?section=19#
MC1G160EHE - Контактор MC1G 3P 160A 2НО+2НЗ AC/DC 48-130V 50/60ГЦ;MC1G160EHE;MC1G160EHE;В наличии;https://intelka-shop.ru/proizvoditeli/systeme-electric/?section=19#
MC1G160F5 - Контактор MC1G 3P 160A 2НО+2НЗ 110V 50ГЦ;MC1G160F5;MC1G160F5;Под заказ;https://intelka-shop.ru/proizvoditeli/systeme-electric/?section=19#
MC1G160KUE - Контактор MC1G 3P 160A 2НО+2НЗ AC/DC 100-250V 50/60ГЦ;MC1G160KUE;MC1G160KUE;Под заказ;https://intelka-shop.ru/proizvoditeli/systeme-electric/?section=19#
MC1G160M5 - Контактор MC1G 3P 160A 2НО+2НЗ 220V 50ГЦ;MC1G160M5;MC1G160M5;В наличии;https://intelka-shop.ru/proizvoditeli/systeme-electric/?section=19#
MC1G160Q5 - Контактор MC1G 3P 160A 2НО+2НЗ 380V 50ГЦ;MC1G160Q5;MC1G160Q5;Под заказ;https://intelka-shop.ru/proizvoditeli/systeme-electric/?section=19#
MC1G160URE - Контактор MC1G 3P 160A 2НО+2НЗ AC/DC 250-500V 50/60ГЦ;MC1G160URE;MC1G160URE;Под заказ;https://intelka-shop.ru/proizvoditeli/systeme-electric/?section=19#
MC1G185EHE - Контактор MC1G 3P 185A 2НО+2НЗ AC/DC 48-130V 50/60ГЦ;MC1G185EHE;MC1G185EHE;В наличии;https://intelka-shop.ru/proizvoditeli/systeme-electric/?section=19#
MC1G185F5 - Контактор MC1G 3P 185A 2НО+2НЗ 110V 50ГЦ;MC1G185F5;MC1G185F5;Под заказ;https://intelka-shop.ru/proizvoditeli/systeme-electric/?section=19#
MC1G185KUE - Контактор MC1G 3P 185A 2НО+2НЗ AC/DC 100-250V 50/60ГЦ;MC1G185KUE;MC1G185KUE;Под заказ;https://intelka-shop.ru/proizvoditeli/systeme-electric/?section=19#
MC1G185M5 - Контактор MC1G 3P 185A 2НО+2НЗ 220V 50ГЦ;MC1G185M5;MC1G185M5;Под заказ;https://intelka-shop.ru/proizvoditeli/systeme-electric/?section=19#
MC1G185Q5 - Контактор MC1G 3P 185A 2НО+2НЗ 380V 50ГЦ;MC1G185Q5;MC1G185Q5;В наличии;https://intelka-shop.ru/proizvoditeli/systeme-electric/?section=19#
MC1G185URE - Контактор MC1G 3P 185A 2НО+2НЗ AC/DC 250-500V 50/60ГЦ;MC1G185URE;MC1G185URE;В наличии;https://intelka-shop.ru/proizvoditeli/systeme-electric/?section=19#
MC1G225EHE - Контактор MC1G 3P 225A 2НО+2НЗ AC/DC 48-130V 50/60ГЦ;MC1G225EHE;MC1G225EHE;В наличии;https://intelka-shop.ru/proizvoditeli/systeme-electric/?section=19#
MC1G225F5 - Контактор MC1G 3P 225A 2НО+2НЗ 110V 50ГЦ;MC1G225F5;MC1G225F5;Под заказ;https://intelka-shop.ru/proizvoditeli/systeme-electric/?section=19#
MC1G225KUE - Контактор MC1G 3P 225A 2НО+2НЗ AC/DC 100-250V 50/60ГЦ;MC1G225KUE;MC1G225KUE;Под заказ;https://intelka-shop.ru/proizvoditeli/systeme-electric/?section=19#
MC1G225M5 - Контактор MC1G 3P 225A 2НО+2НЗ 220V 50ГЦ;MC1G225M5;MC1G225M5;Под заказ;https://intelka-shop.ru/proizvoditeli/systeme-electric/?section=19#
MC1G225Q5 - Контактор MC1G 3P 225A 2НО+2НЗ 380V 50ГЦ;MC1G225Q5;MC1G225Q5;Под заказ;https://intelka-shop.ru/proizvoditeli/systeme-electric/?section=19#
MC1G225URE - Контактор MC1G 3P 225A 2НО+2НЗ AC/DC 250-500V 50/60ГЦ;MC1G225URE;MC1G225URE;Под заказ;https://intelka-shop.ru/proizvoditeli/systeme-electric/?section=19#
MC1G265EHE - Контактор MC1G 3P 265A 2НО+2НЗ AC/DC 48-130V 50/60ГЦ;MC1G265EHE;MC1G265EHE;Под заказ;https://intelka-shop.ru/proizvoditeli/systeme-electric/?section=19#
MC1G265KUE - Контактор MC1G 3P 265A 2НО+2НЗ AC/DC 100-250V 50/60ГЦ;MC1G265KUE;MC1G265KUE;Под заказ;https://intelka-shop.ru/proizvoditeli/systeme-electric/?section=19#
MC1G265URE - Контактор MC1G 3P 265A 2НО+2НЗ AC/DC 250-500V 50/60ГЦ;MC1G265URE;MC1G265URE;В наличии;https://intelka-shop.ru/proizvoditeli/systeme-electric/?section=19#
MC1G330EHE - Контактор MC1G 3P 330A 2НО+2НЗ AC/DC 48-130V 50/60ГЦ;MC1G330EHE;MC1G330EHE;Под заказ;https://intelka-shop.ru/proizvoditeli/systeme-electric/?section=19#
MC1G330KUE - Контактор MC1G 3P 330A 2НО+2НЗ AC/DC 100-250V 50/60ГЦ;MC1G330KUE;MC1G330KUE;Под заказ;https://intelka-shop.ru/proizvoditeli/systeme-electric/?section=19#
MC1G330URE - Контактор MC1G 3P 330A 2НО+2НЗ AC/DC 250-500V 50/60ГЦ;MC1G330URE;MC1G330URE;Под заказ;https://intelka-shop.ru/proizvoditeli/systeme-electric/?section=19#
MC1G400EHE - Контактор MC1G 3P 400A 2НО+2НЗ AC/DC 48-130V 50/60ГЦ;MC1G400EHE;MC1G400EHE;Под заказ;https://intelka-shop.ru/proizvoditeli/systeme-electric/?section=19#
MC1G400KUE - Контактор MC1G 3P 400A 2НО+2НЗ AC/DC 100-250V 50/60ГЦ;MC1G400KUE;MC1G400KUE;Под заказ;https://intelka-shop.ru/proizvoditeli/systeme-electric/?section=19#
MC1G400URE - Контактор MC1G 3P 400A 2НО+2НЗ AC/DC 250-500V 50/60ГЦ;MC1G400URE;MC1G400URE;Под заказ;https://intelka-shop.ru/proizvoditeli/systeme-electric/?section=19#
MC1G500EHE - Контактор MC1G 3P 500A 2НО+2НЗ AC/DC 48-130V 50/60ГЦ;MC1G500EHE;MC1G500EHE;Под заказ;https://intelka-shop.ru/proizvoditeli/systeme-electric/?section=19#
MC1G500KUE - Контактор MC1G 3P 500A 2НО+2НЗ AC/DC 100-250V 50/60ГЦ;MC1G500KUE;MC1G500KUE;Под заказ;https://intelka-shop.ru/proizvoditeli/systeme-electric/?section=19#
MC1G500URE - Контактор MC1G 3P 500A 2НО+2НЗ AC/DC 250-500V 50/60ГЦ;MC1G500URE;MC1G500URE;Под заказ;https://intelka-shop.ru/proizvoditeli/systeme-electric/?section=19#
MC1G630EHE - Контактор MC1G 3P 630A 2НО+2НЗ AC/DC 48-130V 50/60ГЦ;MC1G630EHE;MC1G630EHE;Под заказ;https://intelka-shop.ru/proizvoditeli/systeme-electric/?section=19#
MC1G630KUE - Контактор MC1G 3P 630A 2НО+2НЗ AC/DC 100-250V 50/60ГЦ;MC1G630KUE;MC1G630KUE;Под заказ;https://intelka-shop.ru/proizvoditeli/systeme-electric/?section=19#
MC1G630URE - Контактор MC1G 3P 630A 2НО+2НЗ AC/DC 250-500V 50/60ГЦ;MC1G630URE;MC1G630URE;Под заказ;https://intelka-shop.ru/proizvoditeli/systeme-electric/?section=19#
MFR225 - Механическая блокировка для контакторов MC1G 120-225A;MFR225;MFR225;Под заказ;https://intelka-shop.ru/proizvoditeli/systeme-electric/?section=19#
MFR400 - Механическая блокировка для контакторов MC1G 265-400A;MFR400;MFR400;В наличии;https://intelka-shop.ru/proizvoditeli/systeme-electric/?section=19#
MFR630 - Механическая блокировка для контакторов MC1G 500-630A;MFR630;MFR630;В наличии;https://intelka-shop.ru/proizvoditeli/systeme-electric/?section=19#
MC1E09B7 - Контактор MC1E 3P 9A НО+НЗ 24V 50/60ГЦ;MC1E09B7;MC1E09B7;В наличии;https://intelka-shop.ru/proizvoditeli/systeme-electric/?section=19#
MC1E09C7 - Контактор MC1E 3P 9A НО+НЗ 36V 50/60ГЦ;MC1E09C7;MC1E09C7;Под заказ;https://intelka-shop.ru/proizvoditeli/systeme-electric/?section=19#
MC1E09E7 - Контактор MC1E 3P 9A НО+НЗ 48V 50/60ГЦ;MC1E09E7;MC1E09E7;В наличии;https://intelka-shop.ru/proizvoditeli/systeme-electric/?section=19#
MC1E09F7 - Контактор MC1E 3P 9A НО+НЗ 110V 50/60ГЦ;MC1E09F7;MC1E09F7;В наличии;https://intelka-shop.ru/proizvoditeli/systeme-electric/?section=19#
MC1E09M7 - Контактор MC1E 3P 9A НО+НЗ 220V/230V 50/60ГЦ;MC1E09M7;MC1E09M7;В наличии;https://intelka-shop.ru/proizvoditeli/systeme-electric/?section=19#
MC1E09Q7 - Контактор MC1E 3P 9A НО+НЗ 380V/400V 50/60ГЦ;MC1E09Q7;MC1E09Q7;В наличии;https://intelka-shop.ru/proizvoditeli/systeme-electric/?section=19#
MC1E12B7 - Контактор MC1E 3P 12A НО+НЗ 24V 50/60ГЦ;MC1E12B7;MC1E12B7;Под заказ;https://intelka-shop.ru/proizvoditeli/systeme-electric/?section=19#
MC1E12C7 - Контактор MC1E 3P 12A НО+НЗ 36V 50/60ГЦ;MC1E12C7;MC1E12C7;В наличии;https://intelka-shop.ru/proizvoditeli/systeme-electric/?section=19#
MC1E12E7 - Контактор MC1E 3P 12A НО+НЗ 48V 50/60ГЦ;MC1E12E7;MC1E12E7;В наличии;https://intelka-shop.ru/proizvoditeli/systeme-electric/?section=19#
MC1E12F7 - Контактор MC1E 3P 12A НО+НЗ 110V 50/60ГЦ;MC1E12F7;MC1E12F7;В наличии;https://intelka-shop.ru/proizvoditeli/systeme-electric/?section=19#
MC1E12M7 - Контактор MC1E 3P 12A НО+НЗ 220V/230V 50/60ГЦ;MC1E12M7;MC1E12M7;В наличии;https://intelka-shop.ru/proizvoditeli/systeme-electric/?section=19#
MC1E12Q7 - Контактор MC1E 3P 12A НО+НЗ 380V/400V 50/60ГЦ;MC1E12Q7;MC1E12Q7;Под заказ;https://intelka-shop.ru/proizvoditeli/systeme-electric/?section=19#
MC1E18B7 - Контактор MC1E 3P 18A НО+НЗ 24V 50/60ГЦ;MC1E18B7;MC1E18B7;Под заказ;https://intelka-shop.ru/proizvoditeli/systeme-electric/?section=19#
MC1E18C7 - Контактор MC1E 3P 18A НО+НЗ 36V 50/60ГЦ;MC1E18C7;MC1E18C7;В наличии;https://intelka-shop.ru/proizvoditeli/systeme-electric/?section=19#
MC1E18E7 - Контактор MC1E 3P 18A НО+НЗ 48V 50/60ГЦ;MC1E18E7;MC1E18E7;В наличии;https://intelka-shop.ru/proizvoditeli/systeme-electric/?section=19#
MC1E18F7 - Контактор MC1E 3P 18A НО+НЗ 110V 50/60ГЦ;MC1E18F7;MC1E18F7;В наличии;https://intelka-shop.ru/proizvoditeli/systeme-electric/?section=19#
MC1E18M7 - Контактор MC1E 3P 18A НО+НЗ 220V/230V 50/60ГЦ;MC1E18M7;MC1E18M7;В наличии;https://intelka-shop.ru/proizvoditeli/systeme-electric/?section=19#
MC1E18Q7 - Контактор MC1E 3P 18A НО+НЗ 380V/400V 50/60ГЦ;MC1E18Q7;MC1E18Q7;В наличии;https://intelka-shop.ru/proizvoditeli/systeme-electric/?section=19#
MC1E25B7 - Контактор MC1E 3P 25A НО+НЗ 24V 50/60ГЦ;MC1E25B7;MC1E25B7;Под заказ;https://intelka-shop.ru/proizvoditeli/systeme-electric/?section=19#
MC1E25C7 - Контактор MC1E 3P 25A НО+НЗ 36V 50/60ГЦ;MC1E25C7;MC1E25C7;В наличии;https://intelka-shop.ru/proizvoditeli/systeme-electric/?section=19#
MC1E25E7 - Контактор MC1E 3P 25A НО+НЗ 48V 50/60ГЦ;MC1E25E7;MC1E25E7;В наличии;https://intelka-shop.ru/proizvoditeli/systeme-electric/?section=19#
MC1E25F7 - Контактор MC1E 3P 25A НО+НЗ 110V 50/60ГЦ;MC1E25F7;MC1E25F7;В наличии;https://intelka-shop.ru/proizvoditeli/systeme-electric/?section=19#
MC1E25M7 - Контактор MC1E 3P 25A НО+НЗ 220V/230V 50/60ГЦ;MC1E25M7;MC1E25M7;В наличии;https://intelka-shop.ru/proizvoditeli/systeme-electric/?section=19#
MC1E25Q7 - Контактор MC1E 3P 25A НО+НЗ 380V/400V 50/60ГЦ;MC1E25Q7;MC1E25Q7;В наличии;https://intelka-shop.ru/proizvoditeli/systeme-electric/?section=19#
MC1E32B7 - Контактор MC1E 3P 32A НО+НЗ 24V 50/60ГЦ;MC1E32B7;MC1E32B7;Под заказ;https://intelka-shop.ru/proizvoditeli/systeme-electric/?section=19#
MC1E32C7 - Контактор MC1E 3P 32A НО+НЗ 36V 50/60ГЦ;MC1E32C7;MC1E32C7;В наличии;https://intelka-shop.ru/proizvoditeli/systeme-electric/?section=19#
MC1E32E7 - Контактор MC1E 3P 32A НО+НЗ 48V 50/60ГЦ;MC1E32E7;MC1E32E7;Под заказ;https://intelka-shop.ru/proizvoditeli/systeme-electric/?section=19#
MC1E32F7 - Контактор MC1E 3P 32A НО+НЗ 110V 50/60ГЦ;MC1E32F7;MC1E32F7;В наличии;https://intelka-shop.ru/proizvoditeli/systeme-electric/?section=19#
MC1E32M7 - Контактор MC1E 3P 32A НО+НЗ 220V/230V 50/60ГЦ;MC1E32M7;MC1E32M7;В наличии;https://intelka-shop.ru/proizvoditeli/systeme-electric/?section=19#
MC1E32Q7 - Контактор MC1E 3P 32A НО+НЗ 380V/400V 50/60ГЦ;MC1E32Q7;MC1E32Q7;Под заказ;https://intelka-shop.ru/proizvoditeli/systeme-electric/?section=19#
MC1E38B7 - Контактор MC1E 3P 38A НО+НЗ 24V 50/60ГЦ;MC1E38B7;MC1E38B7;Под заказ;https://intelka-shop.ru/proizvoditeli/systeme-electric/?section=19#
MC1E38C7 - Контактор MC1E 3P 38A НО+НЗ 36V 50/60ГЦ;MC1E38C7;MC1E38C7;Под заказ;https://intelka-shop.ru/proizvoditeli/systeme-electric/?section=19#
MC1E38E7 - Контактор MC1E 3P 38A НО+НЗ 48V 50/60ГЦ;MC1E38E7;MC1E38E7;В наличии;https://intelka-shop.ru/proizvoditeli/systeme-electric/?section=19#
MC1E38F7 - Контактор MC1E 3P 38A НО+НЗ 110V 50/60ГЦ;MC1E38F7;MC1E38F7;В наличии;https://intelka-shop.ru/proizvoditeli/systeme-electric/?section=19#
MC1E38M7 - Контактор MC1E 3P 38A НО+НЗ 220V/230V 50/60ГЦ;MC1E38M7;MC1E38M7;Под заказ;https://intelka-shop.ru/proizvoditeli/systeme-electric/?section=19#
MC1E38Q7 - Контактор MC1E 3P 38A НО+НЗ 380V/400V 50/60ГЦ;MC1E38Q7;MC1E38Q7;В наличии;https://intelka-shop.ru/proizvoditeli/systeme-electric/?section=19#
MC1E40B7 - Контактор MC1E 3P 40A НО+НЗ 24V 50/60ГЦ;MC1E40B7;MC1E40B7;Под заказ;https://intelka-shop.ru/proizvoditeli/systeme-electric/?section=19#
MC1E40C7 - Контактор MC1E 3P 40A НО+НЗ 36V 50/60ГЦ;MC1E40C7;MC1E40C7;В наличии;https://intelka-shop.ru/proizvoditeli/systeme-electric/?section=19#
MC1E40E7 - Контактор MC1E 3P 40A НО+НЗ 48V 50/60ГЦ;MC1E40E7;MC1E40E7;В наличии;https://intelka-shop.ru/proizvoditeli/systeme-electric/?section=19#
MC1E40F7 - Контактор MC1E 3P 40A НО+НЗ 110V 50/60ГЦ;MC1E40F7;MC1E40F7;В наличии;https://intelka-shop.ru/proizvoditeli/systeme-electric/?section=19#
MC1E40M7 - Контактор MC1E 3P 40A НО+НЗ 220V/230V 50/60ГЦ;MC1E40M7;MC1E40M7;В наличии;https://intelka-shop.ru/proizvoditeli/systeme-electric/?section=19#
MC1E40Q7 - Контактор MC1E 3P 40A НО+НЗ 380V/400V 50/60ГЦ;MC1E40Q7;MC1E40Q7;Под заказ;https://intelka-shop.ru/proizvoditeli/systeme-electric/?section=19#
MC1E50B7 - Контактор MC1E 3P 50A НО+НЗ 24V 50/60ГЦ;MC1E50B7;MC1E50B7;В наличии;https://intelka-shop.ru/proizvoditeli/systeme-electric/?section=19#
MC1E50C7 - Контактор MC1E 3P 50A НО+НЗ 36V 50/60ГЦ;MC1E50C7;MC1E50C7;Под заказ;https://intelka-shop.ru/proizvoditeli/systeme-electric/?section=19#
MC1E50E7 - Контактор MC1E 3P 50A НО+НЗ 48V 50/60ГЦ;MC1E50E7;MC1E50E7;В наличии;https://intelka-shop.ru/proizvoditeli/systeme-electric/?section=19#
MC1E50F7 - Контактор MC1E 3P 50A НО+НЗ 110V 50/60ГЦ;MC1E50F7;MC1E50F7;Под заказ;https://intelka-shop.ru/proizvoditeli/systeme-electric/?section=19#
MC1E50M7 - Контактор MC1E 3P 50A НО+НЗ 220V/230V 50/60ГЦ;MC1E50M7;MC1E50M7;В наличии;https://intelka-shop.ru/proizvoditeli/systeme-electric/?section=19#
MC1E50Q7 - Контактор MC1E 3P 50A НО+НЗ 380V/400V 50/60ГЦ;MC1E50Q7;MC1E50Q7;В наличии;https://intelka-shop.ru/proizvoditeli/systeme-electric/?section=19#
MC1E65B7 - Контактор MC1E 3P 65A НО+НЗ 24V 50/60ГЦ;MC1E65B7;MC1E65B7;Под заказ;https://intelka-shop.ru/proizvoditeli/systeme-electric/?section=19#
MC1E65C7 - Контактор MC1E 3P 65A НО+НЗ 36V 50/60ГЦ;MC1E65C7;MC1E65C7;В наличии;https://intelka-shop.ru/proizvoditeli/systeme-electric/?section=19#
MC1E65E7 - Контактор MC1E 3P 65A НО+НЗ 48V 50/60ГЦ;MC1E65E7;MC1E65E7;Под заказ;https://intelka-shop.ru/proizvoditeli/systeme-electric/?section=19#
MC1E65F7 - Контактор MC1E 3P 65A НО+НЗ 110V 50/60ГЦ;MC1E65F7;MC1E65F7;В наличии;https://intelka-shop.ru/proizvoditeli/systeme-electric/?section=19#
MC1E65M7 - Контактор MC1E 3P 65A НО+НЗ 220V/230V 50/60ГЦ;MC1E65M7;MC1E65M7;В наличии;https://intelka-shop.ru/proizvoditeli/systeme-electric/?section=19#
MC1E65Q7 - Контактор MC1E 3P 65A НО+НЗ 380V/400V 50/60ГЦ;MC1E65Q7;MC1E65Q7;В наличии;https://intelka-shop.ru/proizvoditeli/systeme-electric/?section=19#
MC1E80B7 - Контактор MC1E 3P 80A НО+НЗ 24V 50/60ГЦ;MC1E80B7;MC1E80B7;В наличии;https://intelka-shop.ru/proizvoditeli/systeme-electric/?section=19#
MC1E80C7 - Контактор MC1E 3P 80A НО+НЗ 36V 50/60ГЦ;MC1E80C7;MC1E80C7;Под заказ;https://intelka-shop.ru/proizvoditeli/systeme-electric/?section=19#
MC1E80E7 - Контактор MC1E 3P 80A НО+НЗ 48V 50/60ГЦ;MC1E80E7;MC1E80E7;В наличии;https://intelka-shop.ru/proizvoditeli/systeme-electric/?section=19#
MC1E80F7 - Контактор MC1E 3P 80A НО+НЗ 110V 50/60ГЦ;MC1E80F7;MC1E80F7;В наличии;https://intelka-shop.ru/proizvoditeli/systeme-electric/?section=19#
MC1E80M7 - Контактор MC1E 3P 80A НО+НЗ 220V/230V 50/60ГЦ;MC1E80M7;MC1E80M7;В наличии;https://intelka-shop.ru/proizvoditeli/systeme-electric/?section=19#
MC1E80Q7 - Контактор MC1E 3P 80A НО+НЗ 380V/400V 50/60ГЦ;MC1E80Q7;MC1E80Q7;Под заказ;https://intelka-shop.ru/proizvoditeli/systeme-electric/?section=19#
MC1E95B7 - Контактор MC1E 3P 95A НО+НЗ 24V 50/60ГЦ;MC1E95B7;MC1E95B7;В наличии;https://intelka-shop.ru/proizvoditeli/systeme-electric/?section=19#
MC1E95C7 - Контактор MC1E 3P 95A НО+НЗ 36V 50/60ГЦ;MC1E95C7;MC1E95C7;Под заказ;https://intelka-shop.ru/proizvoditeli/systeme-electric/?section=19#
MC1E95E7 - Контактор MC1E 3P 95A НО+НЗ 48V 50/60ГЦ;MC1E95E7;MC1E95E7;В наличии;https://intelka-shop.ru/proizvoditeli/systeme-electric/?section=19#
MC1E95F7 - Контактор MC1E 3P 95A НО+НЗ 110V 50/60ГЦ;MC1E95F7;MC1E95F7;В наличии;https://intelka-shop.ru/proizvoditeli/systeme-electric/?section=19#
MC1E95M7 - Контактор MC1E 3P 95A НО+НЗ 220V/230V 50/60ГЦ;MC1E95M7;MC1E95M7;В наличии;https://intelka-shop.ru/proizvoditeli/systeme-electric/?section=19#
MC1E95Q7 - Контактор MC1E 3P 95A НО+НЗ 380V/400V 50/60ГЦ;MC1E95Q7;MC1E95Q7;Под заказ;https://intelka-shop.ru/proizvoditeli/systeme-electric/?section=19#
MA181RC - Модуль ограничения перенапряжения MC1E RC 24-48V 9-18A;MA181RC;MA181RC;В наличии;https://intelka-shop.ru/proizvoditeli/systeme-electric/?section=19#
MA182RC - Модуль ограничения перенапряжения MC1E RC 110-240V 9-18A;MA182RC;MA182RC;В наличии;https://intelka-shop.ru/proizvoditeli/systeme-electric/?section=19#
MA183RC - Модуль ограничения перенапряжения MC1E RC 380-440V 9-18A;MA183RC;MA183RC;В наличии;https://intelka-shop.ru/proizvoditeli/systeme-electric/?section=19#
MA381RC - Модуль ограничения перенапряжения MC1E RC 24-48V 25-38A;MA381RC;MA381RC;В наличии;https://intelka-shop.ru/proizvoditeli/systeme-electric/?section=19#
MA382RC - Модуль ограничения перенапряжения MC1E RC 110-240V 25-38A;MA382RC;MA382RC;В наличии;https://intelka-shop.ru/proizvoditeli/systeme-electric/?section=19#
MA383RC - Модуль ограничения перенапряжения MC1E RC 380-440V 25-38A;MA383RC;MA383RC;В наличии;https://intelka-shop.ru/proizvoditeli/systeme-electric/?section=19#
MA651RC - Модуль ограничения перенапряжения MC1E RC 24-48V 40-65A;MA651RC;MA651RC;В наличии;https://intelka-shop.ru/proizvoditeli/systeme-electric/?section=19#
MA652RC - Модуль ограничения перенапряжения MC1E RC 110-240V 40-65A;MA652RC;MA652RC;В наличии;https://intelka-shop.ru/proizvoditeli/systeme-electric/?section=19#
MA653RC - Модуль ограничения перенапряжения MC1E RC 380-440V 40-65A;MA653RC;MA653RC;В наличии;https://intelka-shop.ru/proizvoditeli/systeme-electric/?section=19#
MA951RC - Модуль ограничения перенапряжения MC1E RC 24-48V 80-95A;MA951RC;MA951RC;В наличии;https://intelka-shop.ru/proizvoditeli/systeme-electric/?section=19#
MA952RC - Модуль ограничения перенапряжения MC1E RC 110-240V 80-95A;MA952RC;MA952RC;В наличии;https://intelka-shop.ru/proizvoditeli/systeme-electric/?section=19#
MA953RC - Модуль ограничения перенапряжения MC1E RC 380-440V 80-95A;MA953RC;MA953RC;В наличии;https://intelka-shop.ru/proizvoditeli/systeme-electric/?section=19#
MAFN02 - Дополнительный контактный блок MC1G/E 2НЗ фронтальный монтаж;MAFN02;MAFN02;В наличии;https://intelka-shop.ru/proizvoditeli/systeme-electric/?section=19#
MAFN04 - Дополнительный контактный блок MC1G/E 4НЗ фронтальный монтаж;MAFN04;MAFN04;В наличии;https://intelka-shop.ru/proizvoditeli/systeme-electric/?section=19#
MAFN11 - Дополнительный контактный блок MC1G/E 1НО+1НЗ фронтальный монтаж;MAFN11;MAFN11;В наличии;https://intelka-shop.ru/proizvoditeli/systeme-electric/?section=19#
MAFN13 - Дополнительный контактный блок MC1G/E 1НО+3НЗ фронтальный монтаж;MAFN13;MAFN13;В наличии;https://intelka-shop.ru/proizvoditeli/systeme-electric/?section=19#
MAFN20 - Дополнительный контактный блок MC1G/E 2НО фронтальный монтаж;MAFN20;MAFN20;В наличии;https://intelka-shop.ru/proizvoditeli/systeme-electric/?section=19#
MAFN22 - Дополнительный контактный блок MC1G/E 2НО+2НЗ фронтальный монтаж;MAFN22;MAFN22;В наличии;https://intelka-shop.ru/proizvoditeli/systeme-electric/?section=19#
MAFN31 - Дополнительный контактный блок MC1G/E 3НО+1НЗ фронтальный монтаж;MAFN31;MAFN31;В наличии;https://intelka-shop.ru/proizvoditeli/systeme-electric/?section=19#
MAFN40 - Дополнительный контактный блок MC1G/E 4НО фронтальный монтаж;MAFN40;MAFN40;Под заказ;https://intelka-shop.ru/proizvoditeli/systeme-electric/?section=19#
MASN11 - Дополнительный контактный блок MC1G/E 1НО+1НЗ боковой монтаж;MASN11;MASN11;В наличии;https://intelka-shop.ru/proizvoditeli/systeme-electric/?section=19#
MFR32 - Механическая блокировка для контакторов MC1E 9-32A;MFR32;MFR32;В наличии;https://intelka-shop.ru/proizvoditeli/systeme-electric/?section=19#
MFR95 - Механическая блокировка для контакторов MC1E 40-94A;MFR95;MFR95;В наличии;https://intelka-shop.ru/proizvoditeli/systeme-electric/?section=19#
MADT0 - Дополнительный контакт MC1D с выдержкой времени включения 0,1…3С;MADT0;MADT0;В наличии;https://intelka-shop.ru/proizvoditeli/systeme-electric/?section=19#
MADT2 - Дополнительный контакт MC1D с выдержкой времени включения 0,1…30С;MADT2;MADT2;В наличии;https://intelka-shop.ru/proizvoditeli/systeme-electric/?section=19#
MADT4 - Дополнительный контакт MC1D с выдержкой времени включения 10…180С;MADT4;MADT4;В наличии;https://intelka-shop.ru/proizvoditeli/systeme-electric/?section=19#
MADR0 - Дополнительный контакт MC1D с выдержкой времени отключения 0,1…3С;MADR0;MADR0;В наличии;https://intelka-shop.ru/proizvoditeli/systeme-electric/?section=19#
MADR2 - Дополнительный контакт MC1D с выдержкой времени отключения 0,1…30С;MADR2;MADR2;В наличии;https://intelka-shop.ru/proizvoditeli/systeme-electric/?section=19#
MADR4 - Дополнительный контакт MC1D с выдержкой времени отключения 10…180С;MADR4;MADR4;В наличии;https://intelka-shop.ru/proizvoditeli/systeme-electric/?section=19#
MA1M38 - Механическая блокировка для контакторов MC1D 9…38A;MA1M38;MA1M38;В наличии;https://intelka-shop.ru/proizvoditeli/systeme-electric/?section=19#
MA1M65 - Механическая блокировка для контакторов MC1D 40…95A;MA1M65;MA1M65;В наличии;https://intelka-shop.ru/proizvoditeli/systeme-electric/?section=19#
MAD4RCE - Модуль ограничения перенапряжения MC1D RC 24-48V AC;MAD4RCE;MAD4RCE;В наличии;https://intelka-shop.ru/proizvoditeli/systeme-electric/?section=19#
MAD4RCG - Модуль ограничения перенапряжения MC1D RC 50-127V AC;MAD4RCG;MAD4RCG;В наличии;https://intelka-shop.ru/proizvoditeli/systeme-electric/?section=19#
MAD4RCN - Модуль ограничения перенапряжения MC1D RC 380-440V AC;MAD4RCN;MAD4RCN;В наличии;https://intelka-shop.ru/proizvoditeli/systeme-electric/?section=19#
MAD4RCU - Модуль ограничения перенапряжения MC1D RC 110-250V AC;MAD4RCU;MAD4RCU;В наличии;https://intelka-shop.ru/proizvoditeli/systeme-electric/?section=19#
MAD4VE - Модуль ограничения перенапряжения MC1D варистор 24-48V AC/DC;MAD4VE;MAD4VE;Под заказ;https://intelka-shop.ru/proizvoditeli/systeme-electric/?section=19#
MAD4VG - Модуль ограничения перенапряжения MC1D варистор 50-127V AC/DC;MAD4VG;MAD4VG;В наличии;https://intelka-shop.ru/proizvoditeli/systeme-electric/?section=19#
MAD4VU - Модуль ограничения перенапряжения MC1D варистор 110-250V AC/DC;MAD4VU;MAD4VU;Под заказ;https://intelka-shop.ru/proizvoditeli/systeme-electric/?section=19#
MAD8N02 - Дополнительный контактный блок MC1D 2Н3 боковой монтаж;MAD8N02;MAD8N02;В наличии;https://intelka-shop.ru/proizvoditeli/systeme-electric/?section=19#
MAD8N11 - Дополнительный контактный блок MC1D 1НО+1НЗ боковой монтаж;MAD8N11;MAD8N11;В наличии;https://intelka-shop.ru/proizvoditeli/systeme-electric/?section=19#
MAD8N20 - Дополнительный контактный блок MC1D 2НО боковой монтаж;MAD8N20;MAD8N20;В наличии;https://intelka-shop.ru/proizvoditeli/systeme-electric/?section=19#
MADN02 - Дополнительный контактный блок MC1D 2НЗ фронтальный монтаж;MADN02;MADN02;В наличии;https://intelka-shop.ru/proizvoditeli/systeme-electric/?section=19#
MADN04 - Дополнительный контактный блок MC1D 4НЗ фронтальный монтаж;MADN04;MADN04;В наличии;https://intelka-shop.ru/proizvoditeli/systeme-electric/?section=19#
MADN11 - Дополнительный контактный блок MC1D 1НО+1НЗ фронтальный монтаж;MADN11;MADN11;Под заказ;https://intelka-shop.ru/proizvoditeli/systeme-electric/?section=19#
MADN13 - Дополнительный контактный блок MC1D 1НО+3НЗ Фронтальный монтаж;MADN13;MADN13;В наличии;https://intelka-shop.ru/proizvoditeli/systeme-electric/?section=19#
MADN20 - Дополнительный контактный блок MC1D 2НО Фронтальный монтаж;MADN20;MADN20;В наличии;https://intelka-shop.ru/proizvoditeli/systeme-electric/?section=19#
MADN22 - Дополнительный контактный блок MC1D 2НО+2НЗ фронтальный монтаж;MADN22;MADN22;Под заказ;https://intelka-shop.ru/proizvoditeli/systeme-electric/?section=19#
MADN31 - Дополнительный контактный блок MC1D 3НО+1НЗ фронтальный монтаж;MADN31;MADN31;В наличии;https://intelka-shop.ru/proizvoditeli/systeme-electric/?section=19#
MADN40 - Дополнительный контактный блок MC1D 4НО фронтальный монтаж;MADN40;MADN40;В наличии;https://intelka-shop.ru/proizvoditeli/systeme-electric/?section=19#
MC1D09BD - Контактор MC1D 3P 9A НО+НЗ 24VDC;MC1D09BD;MC1D09BD;В наличии;https://intelka-shop.ru/proizvoditeli/systeme-electric/?section=19#
MC1D09CD - Контактор MC1D 3P 9A НО+НЗ 36VDC;MC1D09CD;MC1D09CD;Под заказ;https://intelka-shop.ru/proizvoditeli/systeme-electric/?section=19#
MC1D09E7 - Контактор MC1D 3P 9A НО+НЗ 48V 50/60ГЦ;MC1D09E7;MC1D09E7;В наличии;https://intelka-shop.ru/proizvoditeli/systeme-electric/?section=19#
MC1D09ED - Контактор MC1D 3P 9A НО+НЗ 48VDC;MC1D09ED;MC1D09ED;В наличии;https://intelka-shop.ru/proizvoditeli/systeme-electric/?section=19#
MC1D09F7 - Контактор MC1D 3P 9A НО+НЗ 110V 50/60ГЦ;MC1D09F7;MC1D09F7;В наличии;https://intelka-shop.ru/proizvoditeli/systeme-electric/?section=19#
MC1D09FD - Контактор MC1D 3P 9A НО+НЗ 110VDC;MC1D09FD;MC1D09FD;В наличии;https://intelka-shop.ru/proizvoditeli/systeme-electric/?section=19#
MC1D09M7 - Контактор MC1D 3P 9A НО+НЗ 220V 50/60ГЦ;MC1D09M7;MC1D09M7;Под заказ;https://intelka-shop.ru/proizvoditeli/systeme-electric/?section=19#
MC1D09MD - Контактор MC1D 3P 9A НО+НЗ 220VDC;MC1D09MD;MC1D09MD;В наличии;https://intelka-shop.ru/proizvoditeli/systeme-electric/?section=19#
MC1D09Q7 - Контактор MC1D 3P 9A НО+НЗ 380V 50/60ГЦ;MC1D09Q7;MC1D09Q7;В наличии;https://intelka-shop.ru/proizvoditeli/systeme-electric/?section=19#
MC1D12B7 - Контактор MC1D 3P 12A НО+НЗ 24V 50/60ГЦ;MC1D12B7;MC1D12B7;В наличии;https://intelka-shop.ru/proizvoditeli/systeme-electric/?section=19#
MC1D12BD - Контактор MC1D 3P 12A НО+НЗ 24VDC;MC1D12BD;MC1D12BD;Под заказ;https://intelka-shop.ru/proizvoditeli/systeme-electric/?section=19#
MC1D12CD - Контактор MC1D 3P 12A НО+НЗ 36VDC;MC1D12CD;MC1D12CD;В наличии;https://intelka-shop.ru/proizvoditeli/systeme-electric/?section=19#
MC1D12E7 - Контактор MC1D 3P 12A НО+НЗ 48V 50/60ГЦ;MC1D12E7;MC1D12E7;В наличии;https://intelka-shop.ru/proizvoditeli/systeme-electric/?section=19#
MC1D12ED - Контактор MC1D 3P 12A НО+НЗ 48VDC;MC1D12ED;MC1D12ED;В наличии;https://intelka-shop.ru/proizvoditeli/systeme-electric/?section=19#
MC1D12F7 - Контактор MC1D 3P 12A НО+НЗ 110V 50/60ГЦ;MC1D12F7;MC1D12F7;В наличии;https://intelka-shop.ru/proizvoditeli/systeme-electric/?section=19#
MC1D12FD - Контактор MC1D 3P 12A НО+НЗ 110VDC;MC1D12FD;MC1D12FD;В наличии;https://intelka-shop.ru/proizvoditeli/systeme-electric/?section=19#
MC1D12M7 - Контактор MC1D 3P 12A НО+НЗ 220V 50/60ГЦ;MC1D12M7;MC1D12M7;Под заказ;https://intelka-shop.ru/proizvoditeli/systeme-electric/?section=19#
MC1D12MD - Контактор MC1D 3P 12A НО+НЗ 220VDC;MC1D12MD;MC1D12MD;В наличии;https://intelka-shop.ru/proizvoditeli/systeme-electric/?section=19#
MC1D12Q7 - Контактор MC1D 3P 12A НО+НЗ 380V 50/60ГЦ;MC1D12Q7;MC1D12Q7;Под заказ;https://intelka-shop.ru/proizvoditeli/systeme-electric/?section=19#
MC1D18B7 - Контактор MC1D 3P 18A НО+НЗ 24V 50/60ГЦ;MC1D18B7;MC1D18B7;Под заказ;https://intelka-shop.ru/proizvoditeli/systeme-electric/?section=19#
MC1D18BD - Контактор MC1D 3P 18A НО+НЗ 24VDC;MC1D18BD;MC1D18BD;Под заказ;https://intelka-shop.ru/proizvoditeli/systeme-electric/?section=19#
MC1D18CD - Контактор MC1D 3P 18A НО+НЗ 36VDC;MC1D18CD;MC1D18CD;Под заказ;https://intelka-shop.ru/proizvoditeli/systeme-electric/?section=19#
MC1D18E7 - Контактор MC1D 3P 18A НО+НЗ 48V 50/60ГЦ;MC1D18E7;MC1D18E7;В наличии;https://intelka-shop.ru/proizvoditeli/systeme-electric/?section=19#
MC1D18ED - Контактор MC1D 3P 18A НО+НЗ 48VDC;MC1D18ED;MC1D18ED;В наличии;https://intelka-shop.ru/proizvoditeli/systeme-electric/?section=19#
MC1D18F7 - Контактор MC1D 3P 18A НО+НЗ 110V 50/60ГЦ;MC1D18F7;MC1D18F7;В наличии;https://intelka-shop.ru/proizvoditeli/systeme-electric/?section=19#
MC1D18FD - Контактор MC1D 3P 18A НО+НЗ 110VDC;MC1D18FD;MC1D18FD;В наличии;https://intelka-shop.ru/proizvoditeli/systeme-electric/?section=19#
MC1D18M7 - Контактор MC1D 3P 18A НО+НЗ 220V 50/60ГЦ;MC1D18M7;MC1D18M7;Под заказ;https://intelka-shop.ru/proizvoditeli/systeme-electric/?section=19#
MC1D18MD - Контактор MC1D 3P 18A НО+НЗ 220VDC;MC1D18MD;MC1D18MD;Под заказ;https://intelka-shop.ru/proizvoditeli/systeme-electric/?section=19#
MC1D18Q7 - Контактор MC1D 3P 18A НО+НЗ 380V 50/60ГЦ;MC1D18Q7;MC1D18Q7;В наличии;https://intelka-shop.ru/proizvoditeli/systeme-electric/?section=19#
MC1D25B7 - Контактор MC1D 3P 25A НО+НЗ 24V 50/60ГЦ;MC1D25B7;MC1D25B7;Под заказ;https://intelka-shop.ru/proizvoditeli/systeme-electric/?section=19#
MC1D25BD - Контактор MC1D 3P 25A НО+НЗ 24VDC;MC1D25BD;MC1D25BD;Под заказ;https://intelka-shop.ru/proizvoditeli/systeme-electric/?section=19#
MC1D25CD - Контактор MC1D 3P 25A НО+НЗ 36VDC;MC1D25CD;MC1D25CD;В наличии;https://intelka-shop.ru/proizvoditeli/systeme-electric/?section=19#
MC1D25E7 - Контактор MC1D 3P 25A НО+НЗ 48V 50/60ГЦ;MC1D25E7;MC1D25E7;В наличии;https://intelka-shop.ru/proizvoditeli/systeme-electric/?section=19#
MC1D25ED - Контактор MC1D 3P 25A НО+НЗ 48VDC;MC1D25ED;MC1D25ED;В наличии;https://intelka-shop.ru/proizvoditeli/systeme-electric/?section=19#
MC1D25F7 - Контактор MC1D 3P 25A НО+НЗ 110V 50/60ГЦ;MC1D25F7;MC1D25F7;В наличии;https://intelka-shop.ru/proizvoditeli/systeme-electric/?section=19#
MC1D25FD - Контактор MC1D 3P 25A НО+НЗ 110VDC;MC1D25FD;MC1D25FD;В наличии;https://intelka-shop.ru/proizvoditeli/systeme-electric/?section=19#
MC1D25M7 - Контактор MC1D 3P 25A НО+НЗ 220V 50/60ГЦ;MC1D25M7;MC1D25M7;Под заказ;https://intelka-shop.ru/proizvoditeli/systeme-electric/?section=19#
MC1D25MD - Контактор MC1D 3P 25A НО+НЗ 220VDC;MC1D25MD;MC1D25MD;В наличии;https://intelka-shop.ru/proizvoditeli/systeme-electric/?section=19#
MC1D25Q7 - Контактор MC1D 3P 25A НО+НЗ 380V 50/60ГЦ;MC1D25Q7;MC1D25Q7;Под заказ;https://intelka-shop.ru/proizvoditeli/systeme-electric/?section=19#
MC1D32B7 - Контактор MC1D 3P 32A НО+НЗ 24V 50/60ГЦ;MC1D32B7;MC1D32B7;В наличии;https://intelka-shop.ru/proizvoditeli/systeme-electric/?section=19#
MC1D32BD - Контактор MC1D 3P 32A НО+НЗ 24VDC;MC1D32BD;MC1D32BD;Под заказ;https://intelka-shop.ru/proizvoditeli/systeme-electric/?section=19#
MC1D32CD - Контактор MC1D 3P 32A НО+НЗ 36VDC;MC1D32CD;MC1D32CD;В наличии;https://intelka-shop.ru/proizvoditeli/systeme-electric/?section=19#
MC1D32E7 - Контактор MC1D 3P 32A НО+НЗ 48V 50/60ГЦ;MC1D32E7;MC1D32E7;В наличии;https://intelka-shop.ru/proizvoditeli/systeme-electric/?section=19#
MC1D32ED - Контактор MC1D 3P 32A НО+НЗ 48VDC;MC1D32ED;MC1D32ED;В наличии;https://intelka-shop.ru/proizvoditeli/systeme-electric/?section=19#
MC1D32F7 - Контактор MC1D 3P 32A НО+НЗ 110V 50/60ГЦ;MC1D32F7;MC1D32F7;В наличии;https://intelka-shop.ru/proizvoditeli/systeme-electric/?section=19#
MC1D32FD - Контактор MC1D 3P 32A НО+НЗ 110VDC;MC1D32FD;MC1D32FD;В наличии;https://intelka-shop.ru/proizvoditeli/systeme-electric/?section=19#
MC1D32M7 - Контактор MC1D 3P 32A НО+НЗ 220V 50/60ГЦ;MC1D32M7;MC1D32M7;Под заказ;https://intelka-shop.ru/proizvoditeli/systeme-electric/?section=19#
MC1D32MD - Контактор MC1D 3P 32A НО+НЗ 220VDC;MC1D32MD;MC1D32MD;В наличии;https://intelka-shop.ru/proizvoditeli/systeme-electric/?section=19#
MC1D32Q7 - Контактор MC1D 3P 32A НО+НЗ 380V 50/60ГЦ;MC1D32Q7;MC1D32Q7;В наличии;https://intelka-shop.ru/proizvoditeli/systeme-electric/?section=19#
MC1D38B7 - Контактор MC1D 3P 38A НО+НЗ 24V 50/60ГЦ;MC1D38B7;MC1D38B7;В наличии;https://intelka-shop.ru/proizvoditeli/systeme-electric/?section=19#
MC1D38BD - Контактор MC1D 3P 38A НО+НЗ 24VDC;MC1D38BD;MC1D38BD;Под заказ;https://intelka-shop.ru/proizvoditeli/systeme-electric/?section=19#
MC1D38CD - Контактор MC1D 3P 38A НО+НЗ 36VDC;MC1D38CD;MC1D38CD;Под заказ;https://intelka-shop.ru/proizvoditeli/systeme-electric/?section=19#
MC1D38E7 - Контактор MC1D 3P 38A НО+НЗ 48V 50/60ГЦ;MC1D38E7;MC1D38E7;В наличии;https://intelka-shop.ru/proizvoditeli/systeme-electric/?section=19#
MC1D38ED - Контактор MC1D 3P 38A НО+НЗ 48VDC;MC1D38ED;MC1D38ED;В наличии;https://intelka-shop.ru/proizvoditeli/systeme-electric/?section=19#
MC1D38F7 - Контактор MC1D 3P 38A НО+НЗ 110V 50/60ГЦ;MC1D38F7;MC1D38F7;В наличии;https://intelka-shop.ru/proizvoditeli/systeme-electric/?section=19#
MC1D38FD - Контактор MC1D 3P 38A НО+НЗ 110VDC;MC1D38FD;MC1D38FD;В наличии;https://intelka-shop.ru/proizvoditeli/systeme-electric/?section=19#
MC1D38M7 - Контактор MC1D 3P 38A НО+НЗ 220V 50/60ГЦ;MC1D38M7;MC1D38M7;В наличии;https://intelka-shop.ru/proizvoditeli/systeme-electric/?section=19#
MC1D38MD - Контактор MC1D 3P 38A НО+НЗ 220VDC;MC1D38MD;MC1D38MD;В наличии;https://intelka-shop.ru/proizvoditeli/systeme-electric/?section=19#
MC1D40B7 - Контактор MC1D 3P 40A НО+НЗ 24V 50/60ГЦ;MC1D40B7;MC1D40B7;В наличии;https://intelka-shop.ru/proizvoditeli/systeme-electric/?section=19#
MC1D40BNE - Контактор MC1D 3P 40A НО+НЗ 24-60V AC/DC;MC1D40BNE;MC1D40BNE;Под заказ;https://intelka-shop.ru/proizvoditeli/systeme-electric/?section=19#
MC1D40E7 - Контактор MC1D 3P 40A НО+НЗ 48V 50/60ГЦ;MC1D40E7;MC1D40E7;В наличии;https://intelka-shop.ru/proizvoditeli/systeme-electric/?section=19#
MC1D40F7 - Контактор MC1D 3P 40A НО+НЗ 110V 50/60ГЦ;MC1D40F7;MC1D40F7;В наличии;https://intelka-shop.ru/proizvoditeli/systeme-electric/?section=19#
MC1D40KUE - Контактор MC1D 3P 40A НО+НЗ 110-250V AC/DC;MC1D40KUE;MC1D40KUE;В наличии;https://intelka-shop.ru/proizvoditeli/systeme-electric/?section=19#
MC1D40M7 - Контактор MC1D 3P 40A НО+НЗ 220V 50/60ГЦ;MC1D40M7;MC1D40M7;Под заказ;https://intelka-shop.ru/proizvoditeli/systeme-electric/?section=19#
MC1D40Q7 - Контактор MC1D 3P 40A НО+НЗ 380V 50/60ГЦ;MC1D40Q7;MC1D40Q7;В наличии;https://intelka-shop.ru/proizvoditeli/systeme-electric/?section=19#
MC1D50B7 - Контактор MC1D 3P 50A НО+НЗ 24V 50/60ГЦ;MC1D50B7;MC1D50B7;В наличии;https://intelka-shop.ru/proizvoditeli/systeme-electric/?section=19#
MC1D50BNE - Контактор MC1D 3P 50A НО+НЗ 24-60V AC/DC;MC1D50BNE;MC1D50BNE;Под заказ;https://intelka-shop.ru/proizvoditeli/systeme-electric/?section=19#
MC1D50E7 - Контактор MC1D 3P 50A НО+НЗ 48V 50/60ГЦ;MC1D50E7;MC1D50E7;В наличии;https://intelka-shop.ru/proizvoditeli/systeme-electric/?section=19#
MC1D50F7 - Контактор MC1D 3P 50A НО+НЗ 110V 50/60ГЦ;MC1D50F7;MC1D50F7;В наличии;https://intelka-shop.ru/proizvoditeli/systeme-electric/?section=19#
MC1D50KUE - Контактор MC1D 3P 50A НО+НЗ 110-250V AC/DC;MC1D50KUE;MC1D50KUE;В наличии;https://intelka-shop.ru/proizvoditeli/systeme-electric/?section=19#
MC1D50M7 - Контактор MC1D 3P 50A НО+НЗ 220V 50/60ГЦ;MC1D50M7;MC1D50M7;В наличии;https://intelka-shop.ru/proizvoditeli/systeme-electric/?section=19#
MC1D50Q7 - Контактор MC1D 3P 50A НО+НЗ 380V 50/60ГЦ;MC1D50Q7;MC1D50Q7;В наличии;https://intelka-shop.ru/proizvoditeli/systeme-electric/?section=19#
MC1D65B7 - Контактор MC1D 3P 65A НО+НЗ 24V 50/60ГЦ;MC1D65B7;MC1D65B7;В наличии;https://intelka-shop.ru/proizvoditeli/systeme-electric/?section=19#
MC1D65BNE - Контактор MC1D 3P 65A НО+НЗ 24-60V AC/DC;MC1D65BNE;MC1D65BNE;Под заказ;https://intelka-shop.ru/proizvoditeli/systeme-electric/?section=19#
MC1D65E7 - Контактор MC1D 3P 65A НО+НЗ 48V 50/60ГЦ;MC1D65E7;MC1D65E7;В наличии;https://intelka-shop.ru/proizvoditeli/systeme-electric/?section=19#
MC1D65F7 - Контактор MC1D 3P 65A НО+НЗ 110V 50/60ГЦ;MC1D65F7;MC1D65F7;Под заказ;https://intelka-shop.ru/proizvoditeli/systeme-electric/?section=19#
MC1D65KUE - Контактор MC1D 3P 65A НО+НЗ 110-250V AC/DC;MC1D65KUE;MC1D65KUE;В наличии;https://intelka-shop.ru/proizvoditeli/systeme-electric/?section=19#
MC1D65M7 - Контактор MC1D 3P 65A НО+НЗ 220V 50/60ГЦ;MC1D65M7;MC1D65M7;Под заказ;https://intelka-shop.ru/proizvoditeli/systeme-electric/?section=19#
MC1D65Q7 - Контактор MC1D 3P 65A НО+НЗ 380V 50/60ГЦ;MC1D65Q7;MC1D65Q7;Под заказ;https://intelka-shop.ru/proizvoditeli/systeme-electric/?section=19#
MC1D80B7 - Контактор MC1D 3P 80A НО+НЗ 24V 50/60ГЦ;MC1D80B7;MC1D80B7;В наличии;https://intelka-shop.ru/proizvoditeli/systeme-electric/?section=19#
MC1D80BNE - Контактор MC1D 3P 80A НО+НЗ 24-60V AC/DC;MC1D80BNE;MC1D80BNE;В наличии;https://intelka-shop.ru/proizvoditeli/systeme-electric/?section=19#
MC1D80E7 - Контактор MC1D 3P 80A НО+НЗ 48V 50/60ГЦ;MC1D80E7;MC1D80E7;В наличии;https://intelka-shop.ru/proizvoditeli/systeme-electric/?section=19#
MC1D80F7 - Контактор MC1D 3P 80A НО+НЗ 110V 50/60ГЦ;MC1D80F7;MC1D80F7;В наличии;https://intelka-shop.ru/proizvoditeli/systeme-electric/?section=19#
MC1D80KUE - Контактор MC1D 3P 80A НО+НЗ 110-250V AC/DC;MC1D80KUE;MC1D80KUE;В наличии;https://intelka-shop.ru/proizvoditeli/systeme-electric/?section=19#
MC1D80M7 - Контактор MC1D 3P 80A НО+НЗ 220V 50/60ГЦ;MC1D80M7;MC1D80M7;Под заказ;https://intelka-shop.ru/proizvoditeli/systeme-electric/?section=19#
MC1D95B7 - Контактор MC1D 3P 95A НО+НЗ 24V 50/60ГЦ;MC1D95B7;MC1D95B7;В наличии;https://intelka-shop.ru/proizvoditeli/systeme-electric/?section=19#
MC1D95BNE - Контактор MC1D 3P 95A НО+НЗ 24-60V AC/DC;MC1D95BNE;MC1D95BNE;В наличии;https://intelka-shop.ru/proizvoditeli/systeme-electric/?section=19#
MC1D95E7 - Контактор MC1D 3P 95A НО+НЗ 48V 50/60ГЦ;MC1D95E7;MC1D95E7;В наличии;https://intelka-shop.ru/proizvoditeli/systeme-electric/?section=19#
MC1D95F7 - Контактор MC1D 3P 95A НО+НЗ 110V 50/60ГЦ;MC1D95F7;MC1D95F7;В наличии;https://intelka-shop.ru/proizvoditeli/systeme-electric/?section=19#
MC1D95KUE - Контактор MC1D 3P 95A НО+НЗ 110-250V AC/DC;MC1D95KUE;MC1D95KUE;Под заказ;https://intelka-shop.ru/proizvoditeli/systeme-electric/?section=19#
MC1D95M7 - Контактор MC1D 3P 95A НО+НЗ 220V 50/60ГЦ;MC1D95M7;MC1D95M7;Под заказ;https://intelka-shop.ru/proizvoditeli/systeme-electric/?section=19#
MC1D09B7 - Контактор MC1D 3P 9A НО+НЗ 24V 50/60ГЦ;MC1D09B7;MC1D09B7;В наличии;https://intelka-shop.ru/proizvoditeli/systeme-electric/?section=19#
STS22D11N4 - Устройство плавного пуска SystemeStart STS22 11 кВт 400В;STS22D11N4;STS22D11N4;В наличии;https://intelka-shop.ru/proizvoditeli/systeme-electric/?section=19#
STS22D15N4 - Устройство плавного пуска SystemeStart STS22 15 кВт 400В;STS22D15N4;STS22D15N4;В наличии;https://intelka-shop.ru/proizvoditeli/systeme-electric/?section=19#
STS22D18N4 - Устройство плавного пуска SystemeStart STS22 18,5 кВт 400В;STS22D18N4;STS22D18N4;В наличии;https://intelka-shop.ru/proizvoditeli/systeme-electric/?section=19#
STS22D22N4 - Устройство плавного пуска SystemeStart STS22 22 кВт 400В;STS22D22N4;STS22D22N4;В наличии;https://intelka-shop.ru/proizvoditeli/systeme-electric/?section=19#
STS22D30N4 - Устройство плавного пуска SystemeStart STS22 30 кВт 400В;STS22D30N4;STS22D30N4;В наличии;https://intelka-shop.ru/proizvoditeli/systeme-electric/?section=19#
STS22D37N4 - Устройство плавного пуска SystemeStart STS22 37 кВт 400В;STS22D37N4;STS22D37N4;В наличии;https://intelka-shop.ru/proizvoditeli/systeme-electric/?section=19#
STS22D45N4 - Устройство плавного пуска SystemeStart STS22 45 кВт 400В;STS22D45N4;STS22D45N4;Под заказ;https://intelka-shop.ru/proizvoditeli/systeme-electric/?section=19#
STS22D55N4 - Устройство плавного пуска SystemeStart STS22 55 кВт 400В;STS22D55N4;STS22D55N4;Под заказ;https://intelka-shop.ru/proizvoditeli/systeme-electric/?section=19#
STS22D75N4 - Устройство плавного пуска SystemeStart STS22 75 кВт 400В;STS22D75N4;STS22D75N4;Под заказ;https://intelka-shop.ru/proizvoditeli/systeme-electric/?section=19#
STS22D90N4 - Устройство плавного пуска SystemeStart STS22 90 кВт 400В;STS22D90N4;STS22D90N4;Под заказ;https://intelka-shop.ru/proizvoditeli/systeme-electric/?section=19#
STS22C11N4 - Устройство плавного пуска SystemeStart STS22 110 кВт 400В;STS22C11N4;STS22C11N4;Под заказ;https://intelka-shop.ru/proizvoditeli/systeme-electric/?section=19#
STS22C13N4 - Устройство плавного пуска SystemeStart STS22 132 кВт 400В;STS22C13N4;STS22C13N4;Под заказ;https://intelka-shop.ru/proizvoditeli/systeme-electric/?section=19#
STS22C16N4 - Устройство плавного пуска SystemeStart STS22 160 кВт 400В;STS22C16N4;STS22C16N4;Под заказ;https://intelka-shop.ru/proizvoditeli/systeme-electric/?section=19#
STS22C20N4 - Устройство плавного пуска SystemeStart STS22 200 кВт 400В;STS22C20N4;STS22C20N4;В наличии;https://intelka-shop.ru/proizvoditeli/systeme-electric/?section=19#
STS22C25N4 - Устройство плавного пуска SystemeStart STS22 250 кВт 400В;STS22C25N4;STS22C25N4;Под заказ;https://intelka-shop.ru/proizvoditeli/systeme-electric/?section=19#
STS22C32N4 - Устройство плавного пуска SystemeStart STS22 320 кВт 400В;STS22C32N4;STS22C32N4;Под заказ;https://intelka-shop.ru/proizvoditeli/systeme-electric/?section=19#
STS22C40N4 - Устройство плавного пуска SystemeStart STS22 400 кВт 400В;STS22C40N4;STS22C40N4;Под заказ;https://intelka-shop.ru/proizvoditeli/systeme-electric/?section=19#
STS22C45N4 - Устройство плавного пуска SystemeStart STS22 450 кВт 400В;STS22C45N4;STS22C45N4;Под заказ;https://intelka-shop.ru/proizvoditeli/systeme-electric/?section=19#
STS22C50N4 - Устройство плавного пуска SystemeStart STS22 500 кВт 400В;STS22C50N4;STS22C50N4;Под заказ;https://intelka-shop.ru/proizvoditeli/systeme-electric/?section=19#
STS22C60N4 - Устройство плавного пуска SystemeStart STS22 600 кВт 400В;STS22C60N4;STS22C60N4;Под заказ;https://intelka-shop.ru/proizvoditeli/systeme-electric/?section=19#
STS22D11N4X - Устройство плавного пуска SystemeStart STS22 11 кВт 400В;STS22D11N4X;STS22D11N4X;Под заказ;https://intelka-shop.ru/proizvoditeli/systeme-electric/?section=19#
STS22D15N4X - Устройство плавного пуска SystemeStart STS22 15 кВт 400В;STS22D15N4X;STS22D15N4X;Под заказ;https://intelka-shop.ru/proizvoditeli/systeme-electric/?section=19#
STS22D18N4X - Устройство плавного пуска SystemeStart STS22 18,5 кВт 400В;STS22D18N4X;STS22D18N4X;В наличии;https://intelka-shop.ru/proizvoditeli/systeme-electric/?section=19#
STS22D22N4X - Устройство плавного пуска SystemeStart STS22 22 кВт 400В;STS22D22N4X;STS22D22N4X;В наличии;https://intelka-shop.ru/proizvoditeli/systeme-electric/?section=19#
STS22D30N4X - Устройство плавного пуска SystemeStart STS22 30 кВт 400В;STS22D30N4X;STS22D30N4X;В наличии;https://intelka-shop.ru/proizvoditeli/systeme-electric/?section=19#
STS22D37N4X - Устройство плавного пуска SystemeStart STS22 37 кВт 400В;STS22D37N4X;STS22D37N4X;Под заказ;https://intelka-shop.ru/proizvoditeli/systeme-electric/?section=19#
STS22D45N4X - Устройство плавного пуска SystemeStart STS22 45 кВт 400В;STS22D45N4X;STS22D45N4X;Под заказ;https://intelka-shop.ru/proizvoditeli/systeme-electric/?section=19#
STS22D55N4X - Устройство плавного пуска SystemeStart STS22 55 кВт 400В;STS22D55N4X;STS22D55N4X;Под заказ;https://intelka-shop.ru/proizvoditeli/systeme-electric/?section=19#
STS22D75N4X - Устройство плавного пуска SystemeStart STS22 75 кВт 400В;STS22D75N4X;STS22D75N4X;Под заказ;https://intelka-shop.ru/proizvoditeli/systeme-electric/?section=19#
STS22D90N4X - Устройство плавного пуска SystemeStart STS22 90 кВт 400В;STS22D90N4X;STS22D90N4X;Под заказ;https://intelka-shop.ru/proizvoditeli/systeme-electric/?section=19#
STS22C11N4X - Устройство плавного пуска SystemeStart STS22 110 кВт 400В;STS22C11N4X;STS22C11N4X;Под заказ;https://intelka-shop.ru/proizvoditeli/systeme-electric/?section=19#
STS22C13N4X - Устройство плавного пуска SystemeStart STS22 132 кВт 400В;STS22C13N4X;STS22C13N4X;Под заказ;https://intelka-shop.ru/proizvoditeli/systeme-electric/?section=19#
STS22C16N4X - Устройство плавного пуска SystemeStart STS22 160 кВт 400В;STS22C16N4X;STS22C16N4X;Под заказ;https://intelka-shop.ru/proizvoditeli/systeme-electric/?section=19#
STS22C20N4X - Устройство плавного пуска SystemeStart STS22 200 кВт 400В;STS22C20N4X;STS22C20N4X;Под заказ;https://intelka-shop.ru/proizvoditeli/systeme-electric/?section=19#
STS22C25N4X - Устройство плавного пуска SystemeStart STS22 250 кВт 400В;STS22C25N4X;STS22C25N4X;Под заказ;https://intelka-shop.ru/proizvoditeli/systeme-electric/?section=19#
STS22C32N4X - Устройство плавного пуска SystemeStart STS22 320 кВт 400В;STS22C32N4X;STS22C32N4X;Под заказ;https://intelka-shop.ru/proizvoditeli/systeme-electric/?section=19#
STS22C40N4X - Устройство плавного пуска SystemeStart STS22 400 кВт 400В;STS22C40N4X;STS22C40N4X;Под заказ;https://intelka-shop.ru/proizvoditeli/systeme-electric/?section=19#
STS22C45N4X - Устройство плавного пуска SystemeStart STS22 450 кВт 400В;STS22C45N4X;STS22C45N4X;Под заказ;https://intelka-shop.ru/proizvoditeli/systeme-electric/?section=19#
STS22C50N4X - Устройство плавного пуска SystemeStart STS22 500 кВт 400В;STS22C50N4X;STS22C50N4X;Под заказ;https://intelka-shop.ru/proizvoditeli/systeme-electric/?section=19#
STS22C60N4X - Устройство плавного пуска SystemeStart STS22 600 кВт 400В;STS22C60N4X;STS22C60N4X;Под заказ;https://intelka-shop.ru/proizvoditeli/systeme-electric/?section=19#
Панель оператора для устройства плавного пуска SystemeStart 22X (STS22X);SEOP2202;SEOP2202;Под заказ;https://intelka-shop.ru/proizvoditeli/systeme-electric/?section=19#
SEOP2203 - Кабель подключения панели оператора к УПП SystemeStart 22/22X (STS22/22X) 1 м;SEOP2203;SEOP2203;Под заказ;https://intelka-shop.ru/proizvoditeli/systeme-electric/?section=19#
SEOP2204 - Кабель подключения панели оператора к УПП SystemeStart 22/22X (STS22/22X) 2 м;SEOP2204;SEOP2204;Под заказ;https://intelka-shop.ru/proizvoditeli/systeme-electric/?section=19#
SEOP2205 - Монтажная рамка панели оператора УПП SystemeStart 22/22X (STS22/22X);SEOP2205;SEOP2205;В наличии;https://intelka-shop.ru/proizvoditeli/systeme-electric/?section=19#
Панель оператора для устройства плавного пуска SystemeStart 22 (STS22);SEOP2201;SEOP2201;Под заказ;https://intelka-shop.ru/proizvoditeli/systeme-electric/?section=19#
STV900D90N4H - Частотный преобразователь SystemeVar STV900H 90 кВт 400В кран/подъемник;STV900D90N4H;STV900D90N4H;В наличии;https://intelka-shop.ru/proizvoditeli/systeme-electric/?section=19#
STV900C11N4H - Частотный преобразователь SystemeVar STV900H 110 кВт 400В кран/подъемник;STV900C11N4H;STV900C11N4H;Под заказ;https://intelka-shop.ru/proizvoditeli/systeme-electric/?section=19#
STV900C13N4H - Частотный преобразователь SystemeVar STV900H 130 кВт 400В кран/подъемник;STV900C13N4H;STV900C13N4H;В наличии;https://intelka-shop.ru/proizvoditeli/systeme-electric/?section=19#
STV900C16N4H - Частотный преобразователь SystemeVar STV900H 160 кВт 400В кран/подъемник;STV900C16N4H;STV900C16N4H;Под заказ;https://intelka-shop.ru/proizvoditeli/systeme-electric/?section=19#
STV900C18N4H - Частотный преобразователь SystemeVar STV900H 185 кВт 400В кран/подъемник;STV900C18N4H;STV900C18N4H;Под заказ;https://intelka-shop.ru/proizvoditeli/systeme-electric/?section=19#
STV900C20N4H - Частотный преобразователь SystemeVar STV900H 200 кВт 400В кран/подъемник;STV900C20N4H;STV900C20N4H;Под заказ;https://intelka-shop.ru/proizvoditeli/systeme-electric/?section=19#
STV900C22N4H - Частотный преобразователь SystemeVar STV900H 220 кВт 400В кран/подъемник;STV900C22N4H;STV900C22N4H;Под заказ;https://intelka-shop.ru/proizvoditeli/systeme-electric/?section=19#
STV900C25N4H - Частотный преобразователь SystemeVar STV900H 250 кВт 400В кран/подъемник;STV900C25N4H;STV900C25N4H;Под заказ;https://intelka-shop.ru/proizvoditeli/systeme-electric/?section=19#
STV900C28N4H - Частотный преобразователь SystemeVar STV900H 280 кВт 400В кран/подъемник;STV900C28N4H;STV900C28N4H;Под заказ;https://intelka-shop.ru/proizvoditeli/systeme-electric/?section=19#
STV900C31N4H - Частотный преобразователь SystemeVar STV900H 315 кВт 400В кран/подъемник;STV900C31N4H;STV900C31N4H;Под заказ;https://intelka-shop.ru/proizvoditeli/systeme-electric/?section=19#
STV900C35N4H - Частотный преобразователь SystemeVar STV900H 355 кВт 400В кран/подъемник;STV900C35N4H;STV900C35N4H;Под заказ;https://intelka-shop.ru/proizvoditeli/systeme-electric/?section=19#
STV900C40N4H - Частотный преобразователь SystemeVar STV900H 400 кВт 400В кран/подъемник;STV900C40N4H;STV900C40N4H;Под заказ;https://intelka-shop.ru/proizvoditeli/systeme-electric/?section=19#
STV900C45N4H - Частотный преобразователь SystemeVar STV900H 450 кВт 400В кран/подъемник;STV900C45N4H;STV900C45N4H;Под заказ;https://intelka-shop.ru/proizvoditeli/systeme-electric/?section=19#
STV900C50N4H - Частотный преобразователь SystemeVar STV900H 500 кВт 400В кран/подъемник;STV900C50N4H;STV900C50N4H;Под заказ;https://intelka-shop.ru/proizvoditeli/systeme-electric/?section=19#
STV900D90Y6H - Частотный преобразователь SystemeVar STV900H 90 кВт 690В кран/подъемник;STV900D90Y6H;STV900D90Y6H;Под заказ;https://intelka-shop.ru/proizvoditeli/systeme-electric/?section=19#
STV900C11Y6H - Частотный преобразователь SystemeVar STV900H 110 кВт 690В кран/подъемник;STV900C11Y6H;STV900C11Y6H;Под заказ;https://intelka-shop.ru/proizvoditeli/systeme-electric/?section=19#
STV900C13Y6H - Частотный преобразователь SystemeVar STV900H 130 кВт 690В кран/подъемник;STV900C13Y6H;STV900C13Y6H;Под заказ;https://intelka-shop.ru/proizvoditeli/systeme-electric/?section=19#
STV900C16Y6H - Частотный преобразователь SystemeVar STV900H 160 кВт 690В кран/подъемник;STV900C16Y6H;STV900C16Y6H;Под заказ;https://intelka-shop.ru/proizvoditeli/systeme-electric/?section=19#
STV900C18Y6H - Частотный преобразователь SystemeVar STV900H 185 кВт 690В кран/подъемник;STV900C18Y6H;STV900C18Y6H;Под заказ;https://intelka-shop.ru/proizvoditeli/systeme-electric/?section=19#
STV900C20Y6H - Частотный преобразователь SystemeVar STV900H 200 кВт 690В кран/подъемник;STV900C20Y6H;STV900C20Y6H;Под заказ;https://intelka-shop.ru/proizvoditeli/systeme-electric/?section=19#
STV900C22Y6H - Частотный преобразователь SystemeVar STV900H 220 кВт 690В кран/подъемник;STV900C22Y6H;STV900C22Y6H;Под заказ;https://intelka-shop.ru/proizvoditeli/systeme-electric/?section=19#
STV900C25Y6H - Частотный преобразователь SystemeVar STV900H 250 кВт 690В кран/подъемник;STV900C25Y6H;STV900C25Y6H;Под заказ;https://intelka-shop.ru/proizvoditeli/systeme-electric/?section=19#
STV900C28Y6H - Частотный преобразователь SystemeVar STV900H 280 кВт 690В кран/подъемник;STV900C28Y6H;STV900C28Y6H;Под заказ;https://intelka-shop.ru/proizvoditeli/systeme-electric/?section=19#
STV900C31Y6H - Частотный преобразователь SystemeVar STV900H 315 кВт 690В кран/подъемник;STV900C31Y6H;STV900C31Y6H;Под заказ;https://intelka-shop.ru/proizvoditeli/systeme-electric/?section=19#
STV900C35Y6H - Частотный преобразователь SystemeVar STV900H 355 кВт 690В кран/подъемник;STV900C35Y6H;STV900C35Y6H;Под заказ;https://intelka-shop.ru/proizvoditeli/systeme-electric/?section=19#
STV900C40Y6H - Частотный преобразователь SystemeVar STV900H 400 кВт 690В кран/подъемник;STV900C40Y6H;STV900C40Y6H;Под заказ;https://intelka-shop.ru/proizvoditeli/systeme-electric/?section=19#
STV900C45Y6H - Частотный преобразователь SystemeVar STV900H 450 кВт 690В кран/подъемник;STV900C45Y6H;STV900C45Y6H;Под заказ;https://intelka-shop.ru/proizvoditeli/systeme-electric/?section=19#
STV900C50Y6H - Частотный преобразователь SystemeVar STV900H 500 кВт 690В кран/подъемник;STV900C50Y6H;STV900C50Y6H;Под заказ;https://intelka-shop.ru/proizvoditeli/systeme-electric/?section=19#
STV900C56Y6H - Частотный преобразователь SystemeVar STV900H 560 кВт 690В кран/подъемник;STV900C56Y6H;STV900C56Y6H;Под заказ;https://intelka-shop.ru/proizvoditeli/systeme-electric/?section=19#
STV900C63Y6H - Частотный преобразователь SystemeVar STV900H 630 кВт 690В кран/подъемник;STV900C63Y6H;STV900C63Y6H;Под заказ;https://intelka-shop.ru/proizvoditeli/systeme-electric/?section=19#
STV600D90N4 - Частотный преобразователь SystemeVar STV600 90 кВт 400В;STV600D90N4;STV600D90N4;Под заказ;https://intelka-shop.ru/proizvoditeli/systeme-electric/?section=19#
STV600C11N4 - Частотный преобразователь SystemeVar STV600 110 кВт 400В;STV600C11N4;STV600C11N4;Под заказ;https://intelka-shop.ru/proizvoditeli/systeme-electric/?section=19#
STV600C13N4 - Частотный преобразователь SystemeVar STV600 132 кВт 400В;STV600C13N4;STV600C13N4;В наличии;https://intelka-shop.ru/proizvoditeli/systeme-electric/?section=19#
STV600C16N4 - Частотный преобразователь SystemeVar STV600 160 кВт 400В;STV600C16N4;STV600C16N4;Под заказ;https://intelka-shop.ru/proizvoditeli/systeme-electric/?section=19#
STV600C18N4 - Частотный преобразователь SystemeVar STV600 185 кВт 400В;STV600C18N4;STV600C18N4;В наличии;https://intelka-shop.ru/proizvoditeli/systeme-electric/?section=19#
STV320D90N4 - Частотный преобразователь SystemeVar STV320 90 кВт 400В;STV320D90N4;STV320D90N4;В наличии;https://intelka-shop.ru/proizvoditeli/systeme-electric/?section=19#
STV320C11N4 - Частотный преобразователь SystemeVar STV320 110 кВт 400В;STV320C11N4;STV320C11N4;Под заказ;https://intelka-shop.ru/proizvoditeli/systeme-electric/?section=19#
STV600C20N4 - Частотный преобразователь SystemeVar STV600 200 кВт 400В;STV600C20N4;STV600C20N4;Под заказ;https://intelka-shop.ru/proizvoditeli/systeme-electric/?section=19#
STV600C22N4 - Частотный преобразователь SystemeVar STV600 220 кВт 400В;STV600C22N4;STV600C22N4;В наличии;https://intelka-shop.ru/proizvoditeli/systeme-electric/?section=19#
STV600C25N4 - Частотный преобразователь SystemeVar STV600 250 кВт 400В;STV600C25N4;STV600C25N4;В наличии;https://intelka-shop.ru/proizvoditeli/systeme-electric/?section=19#
STV600C28N4 - Частотный преобразователь SystemeVar STV600 280 кВт 400В;STV600C28N4;STV600C28N4;В наличии;https://intelka-shop.ru/proizvoditeli/systeme-electric/?section=19#
STV600C31N4 - Частотный преобразователь SystemeVar STV600 315 кВт 400В;STV600C31N4;STV600C31N4;Под заказ;https://intelka-shop.ru/proizvoditeli/systeme-electric/?section=19#
STV600C35N4 - Частотный преобразователь SystemeVar STV600 355 кВт 400В;STV600C35N4;STV600C35N4;Под заказ;https://intelka-shop.ru/proizvoditeli/systeme-electric/?section=19#
STV600D90N4L1 - Частотный преобразователь SystemeVar STV600 90 кВт 400В;STV600D90N4L1;STV600D90N4L1;Под заказ;https://intelka-shop.ru/proizvoditeli/systeme-electric/?section=19#
STV600C11N4L1 - Частотный преобразователь SystemeVar STV600 110 кВт 400В;STV600C11N4L1;STV600C11N4L1;Под заказ;https://intelka-shop.ru/proizvoditeli/systeme-electric/?section=19#
STV600C13N4L1 - Частотный преобразователь SystemeVar STV600 132 кВт 400В;STV600C13N4L1;STV600C13N4L1;В наличии;https://intelka-shop.ru/proizvoditeli/systeme-electric/?section=19#
STV600C16N4L1 - Частотный преобразователь SystemeVar STV600 160 кВт 400В;STV600C16N4L1;STV600C16N4L1;Под заказ;https://intelka-shop.ru/proizvoditeli/systeme-electric/?section=19#
STV600C18N4L1 - Частотный преобразователь SystemeVar STV600 185 кВт 400В;STV600C18N4L1;STV600C18N4L1;В наличии;https://intelka-shop.ru/proizvoditeli/systeme-electric/?section=19#
STV600C20N4L1 - Частотный преобразователь SystemeVar STV600 200 кВт 400В;STV600C20N4L1;STV600C20N4L1;Под заказ;https://intelka-shop.ru/proizvoditeli/systeme-electric/?section=19#
STV600C22N4L1 - Частотный преобразователь SystemeVar STV600 220 кВт 400В;STV600C22N4L1;STV600C22N4L1;Под заказ;https://intelka-shop.ru/proizvoditeli/systeme-electric/?section=19#
STV600C25N4L1 - Частотный преобразователь SystemeVar STV600 250 кВт 400В;STV600C25N4L1;STV600C25N4L1;Под заказ;https://intelka-shop.ru/proizvoditeli/systeme-electric/?section=19#
STV600C28N4L1 - Частотный преобразователь SystemeVar STV600 280 кВт 400В;STV600C28N4L1;STV600C28N4L1;В наличии;https://intelka-shop.ru/proizvoditeli/systeme-electric/?section=19#
STV600C31N4L1 - Частотный преобразователь SystemeVar STV600 315 кВт 400В;STV600C31N4L1;STV600C31N4L1;Под заказ;https://intelka-shop.ru/proizvoditeli/systeme-electric/?section=19#
STV600C35N4L1 - Частотный преобразователь SystemeVar STV600 355 кВт 400В;STV600C35N4L1;STV600C35N4L1;Под заказ;https://intelka-shop.ru/proizvoditeli/systeme-electric/?section=19#
STV600C40N4L1 - Частотный преобразователь SystemeVar STV600 400 кВт 400В;STV600C40N4L1;STV600C40N4L1;Под заказ;https://intelka-shop.ru/proizvoditeli/systeme-electric/?section=19#
STV600C45N4L1 - Частотный преобразователь SystemeVar STV600 450 кВт 400В;STV600C45N4L1;STV600C45N4L1;Под заказ;https://intelka-shop.ru/proizvoditeli/systeme-electric/?section=19#
STV600C50N4L1 - Частотный преобразователь SystemeVar STV600 500 кВт 400В;STV600C50N4L1;STV600C50N4L1;Под заказ;https://intelka-shop.ru/proizvoditeli/systeme-electric/?section=19#
STV600C22N4L3 - Частотный преобразователь SystemeVar STV600 220 кВт 400В;STV600C22N4L3;STV600C22N4L3;Под заказ;https://intelka-shop.ru/proizvoditeli/systeme-electric/?section=19#
STV600C25N4L3 - Частотный преобразователь SystemeVar STV600 250 кВт 400В;STV600C25N4L3;STV600C25N4L3;В наличии;https://intelka-shop.ru/proizvoditeli/systeme-electric/?section=19#
STV600C28N4L3 - Частотный преобразователь SystemeVar STV600 280 кВт 400В;STV600C28N4L3;STV600C28N4L3;Под заказ;https://intelka-shop.ru/proizvoditeli/systeme-electric/?section=19#
STV600C31N4L3 - Частотный преобразователь SystemeVar STV600 315 кВт 400В;STV600C31N4L3;STV600C31N4L3;Под заказ;https://intelka-shop.ru/proizvoditeli/systeme-electric/?section=19#
STV600C35N4L3 - Частотный преобразователь SystemeVar STV600 355 кВт 400В;STV600C35N4L3;STV600C35N4L3;Под заказ;https://intelka-shop.ru/proizvoditeli/systeme-electric/?section=19#
STV600C40N4L3 - Частотный преобразователь SystemeVar STV600 400 кВт 400В;STV600C40N4L3;STV600C40N4L3;Под заказ;https://intelka-shop.ru/proizvoditeli/systeme-electric/?section=19#
STV600C45N4L3 - Частотный преобразователь SystemeVar STV600 450 кВт 400В;STV600C45N4L3;STV600C45N4L3;В наличии;https://intelka-shop.ru/proizvoditeli/systeme-electric/?section=19#
STV600C50N4L3 - Частотный преобразователь SystemeVar STV600 500 кВт 400В;STV600C50N4L3;STV600C50N4L3;Под заказ;https://intelka-shop.ru/proizvoditeli/systeme-electric/?section=19#
STV600D90N4F3 - Частотный преобразователь SystemeVar STV600 90 кВт 400В;STV600D90N4F3;STV600D90N4F3;Под заказ;https://intelka-shop.ru/proizvoditeli/systeme-electric/?section=19#
STV600C11N4F3 - Частотный преобразователь SystemeVar STV600 110 кВт 400В;STV600C11N4F3;STV600C11N4F3;В наличии;https://intelka-shop.ru/proizvoditeli/systeme-electric/?section=19#
STV600C13N4F3 - Частотный преобразователь SystemeVar STV600 132 кВт 400В;STV600C13N4F3;STV600C13N4F3;В наличии;https://intelka-shop.ru/proizvoditeli/systeme-electric/?section=19#
STV900D90N4 - Частотный преобразователь SystemeVar STV900 90 кВт G-тип (P-тип: 110 кВт) 400В;STV900D90N4;STV900D90N4;В наличии;https://intelka-shop.ru/proizvoditeli/systeme-electric/?section=19#
STV900C11N4 - Частотный преобразователь SystemeVar STV900 G-тип: 110 кВт (P-тип: 132 кВт) 400В;STV900C11N4;STV900C11N4;В наличии;https://intelka-shop.ru/proizvoditeli/systeme-electric/?section=19#
STV900C13N4 - Частотный преобразователь SystemeVar STV900 G-тип: 132 кВт (P-тип: 160 кВт) 400В;STV900C13N4;STV900C13N4;В наличии;https://intelka-shop.ru/proizvoditeli/systeme-electric/?section=19#
STV900C16N4 - Частотный преобразователь SystemeVar STV900 G-тип: 160 кВт (P-тип: 185 кВт) 400В;STV900C16N4;STV900C16N4;Под заказ;https://intelka-shop.ru/proizvoditeli/systeme-electric/?section=19#
STV900C18N4 - Частотный преобразователь SystemeVar STV900 G-тип: 185 кВт (P-тип: 200 кВт) 400В;STV900C18N4;STV900C18N4;В наличии;https://intelka-shop.ru/proizvoditeli/systeme-electric/?section=19#
STV900C20N4 - Частотный преобразователь SystemeVar STV900 G-тип: 200 кВт (P-тип: 220 кВт) 400В;STV900C20N4;STV900C20N4;Под заказ;https://intelka-shop.ru/proizvoditeli/systeme-electric/?section=19#
STV900C22N4 - Частотный преобразователь SystemeVar STV900 G-тип: 220 кВт (P-тип: 250 кВт) 400В;STV900C22N4;STV900C22N4;В наличии;https://intelka-shop.ru/proizvoditeli/systeme-electric/?section=19#
STV900C25N4 - Частотный преобразователь SystemeVar STV900 G-тип: 250 кВт (P-тип: 280 кВт) 400В;STV900C25N4;STV900C25N4;В наличии;https://intelka-shop.ru/proizvoditeli/systeme-electric/?section=19#
STV900C56N4 - Частотный преобразователь SystemeVar STV900 560 кВт 400В;STV900C56N4;STV900C56N4;Под заказ;https://intelka-shop.ru/proizvoditeli/systeme-electric/?section=19#
STV900C71N4 - Частотный преобразователь SystemeVar STV900 710 кВт 400В;STV900C71N4;STV900C71N4;Под заказ;https://intelka-shop.ru/proizvoditeli/systeme-electric/?section=19#
STV900C80N4 - Частотный преобразователь SystemeVar STV900 800 кВт 400В;STV900C80N4;STV900C80N4;Под заказ;https://intelka-shop.ru/proizvoditeli/systeme-electric/?section=19#
STV900M10N4 - Частотный преобразователь SystemeVar STV900 1000 кВт 400В;STV900M10N4;STV900M10N4;Под заказ;https://intelka-shop.ru/proizvoditeli/systeme-electric/?section=19#
STV900M12N4 - Частотный преобразователь SystemeVar STV900 1200 кВт 400В;STV900M12N4;STV900M12N4;Под заказ;https://intelka-shop.ru/proizvoditeli/systeme-electric/?section=19#
STV900M15N4 - Частотный преобразователь SystemeVar STV900 1500 кВт 400В;STV900M15N4;STV900M15N4;Под заказ;https://intelka-shop.ru/proizvoditeli/systeme-electric/?section=19#
STV900M20N4 - Частотный преобразователь SystemeVar STV900 2000 кВт 400В;STV900M20N4;STV900M20N4;Под заказ;https://intelka-shop.ru/proizvoditeli/systeme-electric/?section=19#
STV900M25N4 - Частотный преобразователь SystemeVar STV900 2500 кВт 400В;STV900M25N4;STV900M25N4;Под заказ;https://intelka-shop.ru/proizvoditeli/systeme-electric/?section=19#
STV900M30N4 - Частотный преобразователь SystemeVar STV900 3000 кВт 400В;STV900M30N4;STV900M30N4;Под заказ;https://intelka-shop.ru/proizvoditeli/systeme-electric/?section=19#
STV900C71Y6 - Частотный преобразователь SystemeVar STV900 710 кВт 690В;STV900C71Y6;STV900C71Y6;Под заказ;https://intelka-shop.ru/proizvoditeli/systeme-electric/?section=19#
STV900C80Y6 - Частотный преобразователь SystemeVar STV900 800 кВт 690В;STV900C80Y6;STV900C80Y6;Под заказ;https://intelka-shop.ru/proizvoditeli/systeme-electric/?section=19#
STV900M10Y6 - Частотный преобразователь SystemeVar STV900 1000 кВт 690В;STV900M10Y6;STV900M10Y6;Под заказ;https://intelka-shop.ru/proizvoditeli/systeme-electric/?section=19#
STV900M12Y6 - Частотный преобразователь SystemeVar STV900 1200 кВт 690В;STV900M12Y6;STV900M12Y6;Под заказ;https://intelka-shop.ru/proizvoditeli/systeme-electric/?section=19#
STV900M15Y6 - Частотный преобразователь SystemeVar STV900 1500 кВт 690В;STV900M15Y6;STV900M15Y6;Под заказ;https://intelka-shop.ru/proizvoditeli/systeme-electric/?section=19#
STV900M20Y6 - Частотный преобразователь SystemeVar STV900 2000 кВт 690В;STV900M20Y6;STV900M20Y6;Под заказ;https://intelka-shop.ru/proizvoditeli/systeme-electric/?section=19#
STV900M25Y6 - Частотный преобразователь SystemeVar STV900 2500 кВт 690В;STV900M25Y6;STV900M25Y6;Под заказ;https://intelka-shop.ru/proizvoditeli/systeme-electric/?section=19#
STV900M30Y6 - Частотный преобразователь SystemeVar STV900 3000 кВт 690В;STV900M30Y6;STV900M30Y6;Под заказ;https://intelka-shop.ru/proizvoditeli/systeme-electric/?section=19#
STV900C28N4 - Частотный преобразователь SystemeVar STV900 G-тип: 280 кВт (P-тип: 315 кВт) 400В;STV900C28N4;STV900C28N4;Под заказ;https://intelka-shop.ru/proizvoditeli/systeme-electric/?section=19#
STV900C31N4 - Частотный преобразователь SystemeVar STV900 G-тип: 315 кВт (P-тип: 355 кВт) 400В;STV900C31N4;STV900C31N4;Под заказ;https://intelka-shop.ru/proizvoditeli/systeme-electric/?section=19#
STV900C35N4 - Частотный преобразователь SystemeVar STV900 G-тип: 355 кВт (P-тип: 400 кВт) 400В;STV900C35N4;STV900C35N4;В наличии;https://intelka-shop.ru/proizvoditeli/systeme-electric/?section=19#
STV900C40N4 - Частотный преобразователь SystemeVar STV900 G-тип: 400 кВт (P-тип: 450 кВт) 400В;STV900C40N4;STV900C40N4;В наличии;https://intelka-shop.ru/proizvoditeli/systeme-electric/?section=19#
STV900C45N4 - Частотный преобразователь SystemeVar STV900 G-тип: 450 кВт (P-тип: 500 кВт) 400В;STV900C45N4;STV900C45N4;В наличии;https://intelka-shop.ru/proizvoditeli/systeme-electric/?section=19#
STV900C50N4 - Частотный преобразователь SystemeVar STV900 G-тип: 500 кВт 400В;STV900C50N4;STV900C50N4;В наличии;https://intelka-shop.ru/proizvoditeli/systeme-electric/?section=19#
STV900D90Y6 - Частотный преобразователь SystemeVar STV900 90 кВт 690В;STV900D90Y6;STV900D90Y6;В наличии;https://intelka-shop.ru/proizvoditeli/systeme-electric/?section=19#
STV900C11Y6 - Частотный преобразователь SystemeVar STV900 110 кВт 690В;STV900C11Y6;STV900C11Y6;Под заказ;https://intelka-shop.ru/proizvoditeli/systeme-electric/?section=19#
STV900C13Y6 - Частотный преобразователь SystemeVar STV900 132 кВт 690В;STV900C13Y6;STV900C13Y6;Под заказ;https://intelka-shop.ru/proizvoditeli/systeme-electric/?section=19#
STV900C16Y6 - Частотный преобразователь SystemeVar STV900 160 кВт 690В;STV900C16Y6;STV900C16Y6;Под заказ;https://intelka-shop.ru/proizvoditeli/systeme-electric/?section=19#
STV900C18Y6 - Частотный преобразователь SystemeVar STV900 185 кВт 690В;STV900C18Y6;STV900C18Y6;Под заказ;https://intelka-shop.ru/proizvoditeli/systeme-electric/?section=19#
STV900C20Y6 - Частотный преобразователь SystemeVar STV900 200 кВт 690В;STV900C20Y6;STV900C20Y6;Под заказ;https://intelka-shop.ru/proizvoditeli/systeme-electric/?section=19#
STV900C22Y6 - Частотный преобразователь SystemeVar STV900 220 кВт 690В;STV900C22Y6;STV900C22Y6;Под заказ;https://intelka-shop.ru/proizvoditeli/systeme-electric/?section=19#
STV900C25Y6 - Частотный преобразователь SystemeVar STV900 250 кВт 690В;STV900C25Y6;STV900C25Y6;Под заказ;https://intelka-shop.ru/proizvoditeli/systeme-electric/?section=19#
STV900C28Y6 - Частотный преобразователь SystemeVar STV900 280 кВт 690В;STV900C28Y6;STV900C28Y6;Под заказ;https://intelka-shop.ru/proizvoditeli/systeme-electric/?section=19#
STV900C31Y6 - Частотный преобразователь SystemeVar STV900 315 кВт 690В;STV900C31Y6;STV900C31Y6;Под заказ;https://intelka-shop.ru/proizvoditeli/systeme-electric/?section=19#
STV900C35Y6 - Частотный преобразователь SystemeVar STV900 355 кВт 690В;STV900C35Y6;STV900C35Y6;Под заказ;https://intelka-shop.ru/proizvoditeli/systeme-electric/?section=19#
STV900C40Y6 - Частотный преобразователь SystemeVar STV900 400 кВт 690В;STV900C40Y6;STV900C40Y6;Под заказ;https://intelka-shop.ru/proizvoditeli/systeme-electric/?section=19#
STV900C45Y6 - Частотный преобразователь SystemeVar STV900 450 кВт 690В;STV900C45Y6;STV900C45Y6;Под заказ;https://intelka-shop.ru/proizvoditeli/systeme-electric/?section=19#
STV900C50Y6 - Частотный преобразователь SystemeVar STV900 500 кВт 690В;STV900C50Y6;STV900C50Y6;Под заказ;https://intelka-shop.ru/proizvoditeli/systeme-electric/?section=19#
STV900C56Y6 - Частотный преобразователь SystemeVar STV900 560 кВт 690В;STV900C56Y6;STV900C56Y6;Под заказ;https://intelka-shop.ru/proizvoditeli/systeme-electric/?section=19#
STV900C63Y6 - Частотный преобразователь SystemeVar STV900 630 кВт 690В;STV900C63Y6;STV900C63Y6;Под заказ;https://intelka-shop.ru/proizvoditeli/systeme-electric/?section=19#
STV900D90N4-IP55 - Частотный преобразователь SystemeVar STV900 90 кВт G-тип (P-тип: 110 кВт) 400В;STV900D90N4-IP55;STV900D90N4-IP55;Под заказ;https://intelka-shop.ru/proizvoditeli/systeme-electric/?section=19#
STV900C11N4-IP55 - Частотный преобразователь SystemeVar STV900 G-тип: 110 кВт 400В IP55;STV900C11N4-IP55;STV900C11N4-IP55;Под заказ;https://intelka-shop.ru/proizvoditeli/systeme-electric/?section=19#
STV900C63N4 - Частотный преобразователь SystemeVar STV900 630 кВт 400В;STV900C63N4;STV900C63N4;Под заказ;https://intelka-shop.ru/proizvoditeli/systeme-electric/?section=19#
STV900U15N4H - Частотный преобразователь SystemVar STV900H 1.5 кВт 400В, кран/подъемник;STV900U15N4H;STV900U15N4H;В наличии;https://intelka-shop.ru/proizvoditeli/systeme-electric/?section=19#
STV900U22N4H - Частотный преобразователь SystemVar STV900H 2.2 кВт 400В, кран/подъемник;STV900U22N4H;STV900U22N4H;В наличии;https://intelka-shop.ru/proizvoditeli/systeme-electric/?section=19#
STV900U40N4H - Частотный преобразователь SystemVar STV900H 4.0 кВт 400В, кран/подъемник;STV900U40N4H;STV900U40N4H;В наличии;https://intelka-shop.ru/proizvoditeli/systeme-electric/?section=19#
STV900U55N4H - Частотный преобразователь SystemVar STV900H 5.5 кВт 400В, кран/подъемник;STV900U55N4H;STV900U55N4H;В наличии;https://intelka-shop.ru/proizvoditeli/systeme-electric/?section=19#
STV900U75N4H - Частотный преобразователь SystemVar STV900H 7.5 кВт 400В, кран/подъемник;STV900U75N4H;STV900U75N4H;В наличии;https://intelka-shop.ru/proizvoditeli/systeme-electric/?section=19#
STV900D11N4H - Частотный преобразователь SystemVar STV900H 11 кВт 400В, кран/подъемник;STV900D11N4H;STV900D11N4H;В наличии;https://intelka-shop.ru/proizvoditeli/systeme-electric/?section=19#
STV900D15N4H - Частотный преобразователь SystemVar STV900H 15 кВт 400В, кран/подъемник;STV900D15N4H;STV900D15N4H;В наличии;https://intelka-shop.ru/proizvoditeli/systeme-electric/?section=19#
STV900D18N4H - Частотный преобразователь SystemVar STV900H 18.5 кВт 400В, кран/подъемник;STV900D18N4H;STV900D18N4H;В наличии;https://intelka-shop.ru/proizvoditeli/systeme-electric/?section=19#
STV900D22N4H - Частотный преобразователь SystemVar STV900H 22 кВт 400В, кран/подъемник;STV900D22N4H;STV900D22N4H;В наличии;https://intelka-shop.ru/proizvoditeli/systeme-electric/?section=19#
STV900D30N4H - Частотный преобразователь SystemVar STV900H 30 кВт 400В, кран/подъемник;STV900D30N4H;STV900D30N4H;В наличии;https://intelka-shop.ru/proizvoditeli/systeme-electric/?section=19#
STV900D37N4H - Частотный преобразователь SystemVar STV900H 37 кВт 400В, кран/подъемник;STV900D37N4H;STV900D37N4H;В наличии;https://intelka-shop.ru/proizvoditeli/systeme-electric/?section=19#
STV900D45N4H - Частотный преобразователь SystemVar STV900H 45 кВт 400В, кран/подъемник;STV900D45N4H;STV900D45N4H;В наличии;https://intelka-shop.ru/proizvoditeli/systeme-electric/?section=19#
STV900D55N4H - Частотный преобразователь SystemVar STV900H 55 кВт 400В кран/подъемник;STV900D55N4H;STV900D55N4H;В наличии;https://intelka-shop.ru/proizvoditeli/systeme-electric/?section=19#
STV900D75N4H - Частотный преобразователь SystemVar STV900H 75 кВт 400В, кран/подъемник;STV900D75N4H;STV900D75N4H;В наличии;https://intelka-shop.ru/proizvoditeli/systeme-electric/?section=19#
STV900D22Y6H - Частотный преобразователь SystemVar STV900H 22 кВт 690В, кран/подъемник;STV900D22Y6H;STV900D22Y6H;Под заказ;https://intelka-shop.ru/proizvoditeli/systeme-electric/?section=19#
STV900D30Y6H - Частотный преобразователь SystemVar STV900H 30 кВт 690В, кран/подъемник;STV900D30Y6H;STV900D30Y6H;Под заказ;https://intelka-shop.ru/proizvoditeli/systeme-electric/?section=19#
STV900D37Y6H - Частотный преобразователь SystemVar STV900H 37 кВт 690В, кран/подъемник;STV900D37Y6H;STV900D37Y6H;Под заказ;https://intelka-shop.ru/proizvoditeli/systeme-electric/?section=19#
STV900D45Y6H - Частотный преобразователь SystemVar STV900H 45 кВт 690В, кран/подъемник;STV900D45Y6H;STV900D45Y6H;Под заказ;https://intelka-shop.ru/proizvoditeli/systeme-electric/?section=19#
STV900D55Y6H - Частотный преобразователь SystemVar STV900H 55 кВт 690В, кран/подъемник;STV900D55Y6H;STV900D55Y6H;Под заказ;https://intelka-shop.ru/proizvoditeli/systeme-electric/?section=19#
STV900D75Y6H - Частотный преобразователь SystemVar STV900H 75 кВт 690В, кран/подъемник;STV900D75Y6H;STV900D75Y6H;Под заказ;https://intelka-shop.ru/proizvoditeli/systeme-electric/?section=19#
STV900U15N4 - Частотный преобразователь SystemVar STV900 G-тип;STV900U15N4;STV900U15N4;В наличии;https://intelka-shop.ru/proizvoditeli/systeme-electric/?section=19#
STV900U22N4 - Частотный преобразователь SystemVar STV900 G-тип;STV900U22N4;STV900U22N4;В наличии;https://intelka-shop.ru/proizvoditeli/systeme-electric/?section=19#
STV900U40N4 - Частотный преобразователь SystemVar STV900 G-тип;STV900U40N4;STV900U40N4;В наличии;https://intelka-shop.ru/proizvoditeli/systeme-electric/?section=19#
STV900U55N4 - Частотный преобразователь SystemVar STV900 G-тип;STV900U55N4;STV900U55N4;В наличии;https://intelka-shop.ru/proizvoditeli/systeme-electric/?section=19#
STV900U75N4 - Частотный преобразователь SystemVar STV900 G-тип;STV900U75N4;STV900U75N4;Под заказ;https://intelka-shop.ru/proizvoditeli/systeme-electric/?section=19#
STV900D11N4 - Частотный преобразователь SystemVar STV900 G-тип;STV900D11N4;STV900D11N4;В наличии;https://intelka-shop.ru/proizvoditeli/systeme-electric/?section=19#
STV900D15N4 - Частотный преобразователь SystemVar STV900 G-тип;STV900D15N4;STV900D15N4;В наличии;https://intelka-shop.ru/proizvoditeli/systeme-electric/?section=19#
STV900D18N4 - Частотный преобразователь SystemVar STV900 G-тип;STV900D18N4;STV900D18N4;В наличии;https://intelka-shop.ru/proizvoditeli/systeme-electric/?section=19#
STV900D22N4 - Частотный преобразователь SystemVar STV900 G-тип;STV900D22N4;STV900D22N4;В наличии;https://intelka-shop.ru/proizvoditeli/systeme-electric/?section=19#
STV900D30N4 - Частотный преобразователь SystemVar STV900 G-тип;STV900D30N4;STV900D30N4;В наличии;https://intelka-shop.ru/proizvoditeli/systeme-electric/?section=19#
STV900D37N4 - Частотный преобразователь SystemVar STV900 G-тип;STV900D37N4;STV900D37N4;В наличии;https://intelka-shop.ru/proizvoditeli/systeme-electric/?section=19#
STV900D45N4 - Частотный преобразователь SystemVar STV900 G-тип;STV900D45N4;STV900D45N4;В наличии;https://intelka-shop.ru/proizvoditeli/systeme-electric/?section=19#
STV900D55N4 - Частотный преобразователь SystemVar STV900 G-тип: 55 кВт (P-тип: 75 кВт) 400В;STV900D55N4;STV900D55N4;Под заказ;https://intelka-shop.ru/proizvoditeli/systeme-electric/?section=19#
STV900D75N4 - Частотный преобразователь SystemVar STV900 G-тип;STV900D75N4;STV900D75N4;В наличии;https://intelka-shop.ru/proizvoditeli/systeme-electric/?section=19#
STV900D22Y6 - Частотный преобразователь SystemVar STV900 22 кВт 690В;STV900D22Y6;STV900D22Y6;Под заказ;https://intelka-shop.ru/proizvoditeli/systeme-electric/?section=19#
STV900D30Y6 - Частотный преобразователь SystemVar STV900 30 кВт 690В;STV900D30Y6;STV900D30Y6;Под заказ;https://intelka-shop.ru/proizvoditeli/systeme-electric/?section=19#
STV900D37Y6 - Частотный преобразователь SystemVar STV900 37 кВт 690В;STV900D37Y6;STV900D37Y6;Под заказ;https://intelka-shop.ru/proizvoditeli/systeme-electric/?section=19#
STV900D45Y6 - Частотный преобразователь SystemVar STV900 45 кВт 690В;STV900D45Y6;STV900D45Y6;Под заказ;https://intelka-shop.ru/proizvoditeli/systeme-electric/?section=19#
STV900D55Y6 - Частотный преобразователь SystemVar STV900 55 кВт 690В;STV900D55Y6;STV900D55Y6;В наличии;https://intelka-shop.ru/proizvoditeli/systeme-electric/?section=19#
STV900D75Y6 - Частотный преобразователь SystemVar STV900 75 кВт 690В;STV900D75Y6;STV900D75Y6;Под заказ;https://intelka-shop.ru/proizvoditeli/systeme-electric/?section=19#
STV900U40N4-IP55 - Частотный преобразователь SystemVar STV900 G-тип: 4.0 кВт (P-тип: 5.5 кВт) 400В;STV900U40N4-IP55;STV900U40N4-IP55;Под заказ;https://intelka-shop.ru/proizvoditeli/systeme-electric/?section=19#
STV900U55N4-IP55 - Частотный преобразователь SystemVar STV900 G-тип: 5.5 кВт (P-тип: 7.5 кВт) 400В;STV900U55N4-IP55;STV900U55N4-IP55;В наличии;https://intelka-shop.ru/proizvoditeli/systeme-electric/?section=19#
STV900U75N4-IP55 - Частотный преобразователь SystemVar STV900 G-тип: 7.5 кВт (P-тип: 11 кВт) 400В;STV900U75N4-IP55;STV900U75N4-IP55;В наличии;https://intelka-shop.ru/proizvoditeli/systeme-electric/?section=19#
STV900D11N4-IP55 - Частотный преобразователь SystemVar STV900 G-тип;STV900D11N4-IP55;STV900D11N4-IP55;В наличии;https://intelka-shop.ru/proizvoditeli/systeme-electric/?section=19#
STV900D15N4-IP55 - Частотный преобразователь SystemVar STV900 G-тип;STV900D15N4-IP55;STV900D15N4-IP55;В наличии;https://intelka-shop.ru/proizvoditeli/systeme-electric/?section=19#
STV900D18N4-IP55 - Частотный преобразователь SystemVar STV900 G-тип;STV900D18N4-IP55;STV900D18N4-IP55;В наличии;https://intelka-shop.ru/proizvoditeli/systeme-electric/?section=19#
STV900D22N4-IP55 - Частотный преобразователь SystemVar STV900 G-тип;STV900D22N4-IP55;STV900D22N4-IP55;В наличии;https://intelka-shop.ru/proizvoditeli/systeme-electric/?section=19#
STV900D30N4-IP55 - Частотный преобразователь SystemVar STV900 G-тип;STV900D30N4-IP55;STV900D30N4-IP55;Под заказ;https://intelka-shop.ru/proizvoditeli/systeme-electric/?section=19#
STV900D37N4-IP55 - Частотный преобразователь SystemVar STV900 G-тип;STV900D37N4-IP55;STV900D37N4-IP55;В наличии;https://intelka-shop.ru/proizvoditeli/systeme-electric/?section=19#
STV900D45N4-IP55 - Частотный преобразователь SystemVar STV900 G-тип;STV900D45N4-IP55;STV900D45N4-IP55;В наличии;https://intelka-shop.ru/proizvoditeli/systeme-electric/?section=19#
STV900D55N4-IP55 - Частотный преобразователь SystemVar STV900 G-тип;STV900D55N4-IP55;STV900D55N4-IP55;В наличии;https://intelka-shop.ru/proizvoditeli/systeme-electric/?section=19#
STV900D75N4-IP55 - Частотный преобразователь SystemVar STV900 G-тип;STV900D75N4-IP55;STV900D75N4-IP55;В наличии;https://intelka-shop.ru/proizvoditeli/systeme-electric/?section=19#
STV900U40N4L - Частотный преобразователь SystemVar STV900L 4.0 кВт 400В, лифт;STV900U40N4L;STV900U40N4L;Под заказ;https://intelka-shop.ru/proizvoditeli/systeme-electric/?section=19#
STV900U55N4L - Частотный преобразователь SystemVar STV900L 5.5 кВт 400В, лифт;STV900U55N4L;STV900U55N4L;Под заказ;https://intelka-shop.ru/proizvoditeli/systeme-electric/?section=19#
STV900U75N4L - Частотный преобразователь SystemVar STV900L 7.5 кВт 400В, лифт;STV900U75N4L;STV900U75N4L;В наличии;https://intelka-shop.ru/proizvoditeli/systeme-electric/?section=19#
STV900D11N4L - Частотный преобразователь SystemVar STV900L 11 кВт 400В, лифт;STV900D11N4L;STV900D11N4L;В наличии;https://intelka-shop.ru/proizvoditeli/systeme-electric/?section=19#
STV900D15N4L - Частотный преобразователь SystemVar STV900L 15 кВт 400В, лифт;STV900D15N4L;STV900D15N4L;Под заказ;https://intelka-shop.ru/proizvoditeli/systeme-electric/?section=19#
STV900D18N4L - Частотный преобразователь SystemVar STV900L 18 кВт 400В, лифт;STV900D18N4L;STV900D18N4L;В наличии;https://intelka-shop.ru/proizvoditeli/systeme-electric/?section=19#
STV900D22N4L - Частотный преобразователь SystemVar STV900L 22 кВт 400В, лифт;STV900D22N4L;STV900D22N4L;В наличии;https://intelka-shop.ru/proizvoditeli/systeme-electric/?section=19#
STV900D30N4L - Частотный преобразователь SystemVar STV900L 30 кВт 400В, лифт;STV900D30N4L;STV900D30N4L;Под заказ;https://intelka-shop.ru/proizvoditeli/systeme-electric/?section=19#
SEOP-1201 - LED панель управления STV900;SEOP-1201;SEOP-1201;В наличии;https://intelka-shop.ru/proizvoditeli/systeme-electric/?section=19#
SEOP-1202 - LED панель управления STV320;SEOP-1202;SEOP-1202;В наличии;https://intelka-shop.ru/proizvoditeli/systeme-electric/?section=19#
SEOP-1203 - LED панель управления STV600;SEOP-1203;SEOP-1203;В наличии;https://intelka-shop.ru/proizvoditeli/systeme-electric/?section=19#
SEOP-1204 - LCD панель управления STV900;SEOP-1204;SEOP-1204;В наличии;https://intelka-shop.ru/proizvoditeli/systeme-electric/?section=19#
SEOP-1205 - LCD панель управления STV600;SEOP-1205;SEOP-1205;В наличии;https://intelka-shop.ru/proizvoditeli/systeme-electric/?section=19#
SEOP-1001 - Комплект для монтажа на фланец STV320 18.5-22кВт;SEOP-1001;SEOP-1001;Под заказ;https://intelka-shop.ru/proizvoditeli/systeme-electric/?section=19#
SEOP-1002 - Комплект для монтажа на фланец STV320 30-37кВт;SEOP-1002;SEOP-1002;Под заказ;https://intelka-shop.ru/proizvoditeli/systeme-electric/?section=19#
SEOP-1003 - Комплект для монтажа на фланец STV320 45-75кВт;SEOP-1003;SEOP-1003;Под заказ;https://intelka-shop.ru/proizvoditeli/systeme-electric/?section=19#
SEOP-1004 - Комплект для монтажа на фланец STV320 90-110кВт;SEOP-1004;SEOP-1004;Под заказ;https://intelka-shop.ru/proizvoditeli/systeme-electric/?section=19#
SEOP-1101 - Комплект для монтажа на фланец STV600 160-200кВт;SEOP-1101;SEOP-1101;Под заказ;https://intelka-shop.ru/proizvoditeli/systeme-electric/?section=19#
SEOP-1102 - Кронштейн для крепления панели оператора на дверце шкафа для STV600/STV900;SEOP-1102;SEOP-1102;В наличии;https://intelka-shop.ru/proizvoditeli/systeme-electric/?section=19#
SEOP-1103 - Кронштейн для крепления панели оператора на дверце шкафа для STV320;SEOP-1103;SEOP-1103;В наличии;https://intelka-shop.ru/proizvoditeli/systeme-electric/?section=19#
SEOP-1301 - Коммуникационная плата Profibus STV600/900;SEOP-1301;SEOP-1301;В наличии;https://intelka-shop.ru/proizvoditeli/systeme-electric/?section=19#
SEOP-1302 - Коммуникационная плата Profinet STV600/900;SEOP-1302;SEOP-1302;В наличии;https://intelka-shop.ru/proizvoditeli/systeme-electric/?section=19#
SEOP-1304 - EtherCat плата STV900;SEOP-1304;SEOP-1304;В наличии;https://intelka-shop.ru/proizvoditeli/systeme-electric/?section=19#
SEOP-1307 - CAN / CANopen коммуникационная плата STV600/900;SEOP-1307;SEOP-1307;В наличии;https://intelka-shop.ru/proizvoditeli/systeme-electric/?section=19#
SEOP-1308 - WiFi комм. плата STV900 (plastic);SEOP-1308;SEOP-1308;В наличии;https://intelka-shop.ru/proizvoditeli/systeme-electric/?section=19#
SEOP-1309 - WiFi комм. плата STV900 (metal);SEOP-1309;SEOP-1309;В наличии;https://intelka-shop.ru/proizvoditeli/systeme-electric/?section=19#
SEOP-1312 - Ethernet IP / Ethernet / Modbus TCP плата STV900;SEOP-1312;SEOP-1312;В наличии;https://intelka-shop.ru/proizvoditeli/systeme-electric/?section=19#
SEOP-1413 - PLC плата STV900;SEOP-1413;SEOP-1413;Под заказ;https://intelka-shop.ru/proizvoditeli/systeme-electric/?section=19#
SEOP-1521 - STV900 плата обратной связи (5v/12v);SEOP-1521;SEOP-1521;В наличии;https://intelka-shop.ru/proizvoditeli/systeme-electric/?section=19#
SEOP-1522 - STV900 плата обратной связи rot. transf;SEOP-1522;SEOP-1522;В наличии;https://intelka-shop.ru/proizvoditeli/systeme-electric/?section=19#
SEOP-1523 - STV900 плата обратной связи 5V;SEOP-1523;SEOP-1523;Под заказ;https://intelka-shop.ru/proizvoditeli/systeme-electric/?section=19#
SEOP-1524 - STV900 плата обратной связи sin/cos;SEOP-1524;SEOP-1524;В наличии;https://intelka-shop.ru/proizvoditeli/systeme-electric/?section=19#
SEOP-1526 - STV900 плата обратной связи 24V;SEOP-1526;SEOP-1526;В наличии;https://intelka-shop.ru/proizvoditeli/systeme-electric/?section=19#
SEOP-1527 - STV900 плата обратной связи multi-funct;SEOP-1527;SEOP-1527;В наличии;https://intelka-shop.ru/proizvoditeli/systeme-electric/?section=19#
SEOP-1628 - STV900/600 I/O карта расширения входов/выходов (4DI, 1DO, 1AI, 1AO, 2RO);SEOP-1628;SEOP-1628;В наличии;https://intelka-shop.ru/proizvoditeli/systeme-electric/?section=19#
SEOP-1629 - STV900/600 24V плата источника питания;SEOP-1629;SEOP-1629;В наличии;https://intelka-shop.ru/proizvoditeli/systeme-electric/?section=19#
SEOP-1630 - STV600 плата расширения;SEOP-1630;SEOP-1630;Под заказ;https://intelka-shop.ru/proizvoditeli/systeme-electric/?section=19#
SEOP-1631 - STV900/900H I/O карта расширения входов/выходов (4DI, 1PT100, 1PT1000, 2RO);SEOP-1631;SEOP-1631;В наличии;https://intelka-shop.ru/proizvoditeli/systeme-electric/?section=19#
SEOP2612 - DC реактор 185-220 кВт;SEOP2612;SEOP2612;Под заказ;https://intelka-shop.ru/proizvoditeli/systeme-electric/?section=19#
SEOP2613 - DC реактор 250-280 кВт;SEOP2613;SEOP2613;Под заказ;https://intelka-shop.ru/proizvoditeli/systeme-electric/?section=19#
SEOP2614 - DC реактор 315 кВт;SEOP2614;SEOP2614;Под заказ;https://intelka-shop.ru/proizvoditeli/systeme-electric/?section=19#
SEOP2615 - DC реактор 355-400 кВт;SEOP2615;SEOP2615;Под заказ;https://intelka-shop.ru/proizvoditeli/systeme-electric/?section=19#
SEOP2616 - DC реактор 450-560 кВт;SEOP2616;SEOP2616;Под заказ;https://intelka-shop.ru/proizvoditeli/systeme-electric/?section=19#
SEOP2401 - Входной реактор 1.5 кВт;SEOP2401;SEOP2401;Под заказ;https://intelka-shop.ru/proizvoditeli/systeme-electric/?section=19#
SEOP2402 - Входной реактор 2.2 кВт;SEOP2402;SEOP2402;Под заказ;https://intelka-shop.ru/proizvoditeli/systeme-electric/?section=19#
SEOP2403 - Входной реактор 4 кВт;SEOP2403;SEOP2403;Под заказ;https://intelka-shop.ru/proizvoditeli/systeme-electric/?section=19#
SEOP2404 - Входной реактор 5.5 кВт;SEOP2404;SEOP2404;Под заказ;https://intelka-shop.ru/proizvoditeli/systeme-electric/?section=19#
SEOP2405 - Входной реактор 7.5 кВт;SEOP2405;SEOP2405;Под заказ;https://intelka-shop.ru/proizvoditeli/systeme-electric/?section=19#
SEOP2406 - Входной реактор 11 кВт;SEOP2406;SEOP2406;В наличии;https://intelka-shop.ru/proizvoditeli/systeme-electric/?section=19#
SEOP2407 - Входной реактор 15 кВт;SEOP2407;SEOP2407;В наличии;https://intelka-shop.ru/proizvoditeli/systeme-electric/?section=19#
SEOP2408 - Входной реактор 18.5 кВт;SEOP2408;SEOP2408;В наличии;https://intelka-shop.ru/proizvoditeli/systeme-electric/?section=19#
SEOP2409 - Входной реактор 22 кВт;SEOP2409;SEOP2409;В наличии;https://intelka-shop.ru/proizvoditeli/systeme-electric/?section=19#
SEOP2410 - Входной реактор 30 кВт;SEOP2410;SEOP2410;В наличии;https://intelka-shop.ru/proizvoditeli/systeme-electric/?section=19#
SEOP2411 - Входной реактор 37 кВт;SEOP2411;SEOP2411;Под заказ;https://intelka-shop.ru/proizvoditeli/systeme-electric/?section=19#
SEOP2412 - Входной реактор 45 кВт;SEOP2412;SEOP2412;Под заказ;https://intelka-shop.ru/proizvoditeli/systeme-electric/?section=19#
SEOP2413 - Входной реактор 55 кВт;SEOP2413;SEOP2413;Под заказ;https://intelka-shop.ru/proizvoditeli/systeme-electric/?section=19#
SEOP2414 - Входной реактор 75 кВт;SEOP2414;SEOP2414;Под заказ;https://intelka-shop.ru/proizvoditeli/systeme-electric/?section=19#
SEOP2415 - Входной реактор 90-110 кВт;SEOP2415;SEOP2415;Под заказ;https://intelka-shop.ru/proizvoditeli/systeme-electric/?section=19#
SEOP2416 - Входной реактор 132 кВт;SEOP2416;SEOP2416;В наличии;https://intelka-shop.ru/proizvoditeli/systeme-electric/?section=19#
SEOP2417 - Входной реактор 160 кВт;SEOP2417;SEOP2417;В наличии;https://intelka-shop.ru/proizvoditeli/systeme-electric/?section=19#
SEOP2418 - Входной реактор 185-200 кВт;SEOP2418;SEOP2418;Под заказ;https://intelka-shop.ru/proizvoditeli/systeme-electric/?section=19#
SEOP2419 - Входной реактор 220-250 кВт;SEOP2419;SEOP2419;Под заказ;https://intelka-shop.ru/proizvoditeli/systeme-electric/?section=19#
SEOP2420 - Входной реактор 280 кВт;SEOP2420;SEOP2420;В наличии;https://intelka-shop.ru/proizvoditeli/systeme-electric/?section=19#
SEOP2421 - Входной реактор 315 кВт;SEOP2421;SEOP2421;В наличии;https://intelka-shop.ru/proizvoditeli/systeme-electric/?section=19#
SEOP2422 - Входной реактор 355 кВт;SEOP2422;SEOP2422;В наличии;https://intelka-shop.ru/proizvoditeli/systeme-electric/?section=19#
SEOP2423 - Входной реактор 400 кВт;SEOP2423;SEOP2423;В наличии;https://intelka-shop.ru/proizvoditeli/systeme-electric/?section=19#
SEOP2424 - Входной реактор 450-500 кВт;SEOP2424;SEOP2424;В наличии;https://intelka-shop.ru/proizvoditeli/systeme-electric/?section=19#
SEOP2425 - Входной реактор 560-630 кВт;SEOP2425;SEOP2425;В наличии;https://intelka-shop.ru/proizvoditeli/systeme-electric/?section=19#
SEOP2501 - Выходной реактор 1.5 кВт;SEOP2501;SEOP2501;Под заказ;https://intelka-shop.ru/proizvoditeli/systeme-electric/?section=19#
SEOP2502 - Выходной реактор 2.2 кВт;SEOP2502;SEOP2502;Под заказ;https://intelka-shop.ru/proizvoditeli/systeme-electric/?section=19#
SEOP2503 - Выходной реактор 4 кВт;SEOP2503;SEOP2503;Под заказ;https://intelka-shop.ru/proizvoditeli/systeme-electric/?section=19#
SEOP2504 - Выходной реактор 5.5 кВт;SEOP2504;SEOP2504;В наличии;https://intelka-shop.ru/proizvoditeli/systeme-electric/?section=19#
SEOP2505 - Выходной реактор 7.5 кВт;SEOP2505;SEOP2505;Под заказ;https://intelka-shop.ru/proizvoditeli/systeme-electric/?section=19#
SEOP2506 - Выходной реактор 11 кВт;SEOP2506;SEOP2506;Под заказ;https://intelka-shop.ru/proizvoditeli/systeme-electric/?section=19#
SEOP2507 - Выходной реактор 15 кВт;SEOP2507;SEOP2507;Под заказ;https://intelka-shop.ru/proizvoditeli/systeme-electric/?section=19#
SEOP2508 - Выходной реактор 18.5 кВт;SEOP2508;SEOP2508;Под заказ;https://intelka-shop.ru/proizvoditeli/systeme-electric/?section=19#
SEOP2509 - Выходной реактор 22 кВт;SEOP2509;SEOP2509;В наличии;https://intelka-shop.ru/proizvoditeli/systeme-electric/?section=19#
SEOP2510 - Выходной реактор 30 кВт;SEOP2510;SEOP2510;В наличии;https://intelka-shop.ru/proizvoditeli/systeme-electric/?section=19#
SEOP2511 - Выходной реактор 37 кВт;SEOP2511;SEOP2511;Под заказ;https://intelka-shop.ru/proizvoditeli/systeme-electric/?section=19#
SEOP2512 - Выходной реактор 45 кВт;SEOP2512;SEOP2512;Под заказ;https://intelka-shop.ru/proizvoditeli/systeme-electric/?section=19#
SEOP2513 - Выходной реактор 55 кВт;SEOP2513;SEOP2513;Под заказ;https://intelka-shop.ru/proizvoditeli/systeme-electric/?section=19#
SEOP2514 - Выходной реактор 75 кВт;SEOP2514;SEOP2514;Под заказ;https://intelka-shop.ru/proizvoditeli/systeme-electric/?section=19#
SEOP2608 - DC реактор 75 кВт;SEOP2608;SEOP2608;В наличии;https://intelka-shop.ru/proizvoditeli/systeme-electric/?section=19#
SEOP2609 - DC реактор 90 кВт;SEOP2609;SEOP2609;В наличии;https://intelka-shop.ru/proizvoditeli/systeme-electric/?section=19#
SEOP2610 - DC реактор 110-132 кВт;SEOP2610;SEOP2610;Под заказ;https://intelka-shop.ru/proizvoditeli/systeme-electric/?section=19#
SEOP2611 - DC реактор 160 кВт;SEOP2611;SEOP2611;Под заказ;https://intelka-shop.ru/proizvoditeli/systeme-electric/?section=19#
SEOP2515 - Выходной реактор 90-110 кВт;SEOP2515;SEOP2515;Под заказ;https://intelka-shop.ru/proizvoditeli/systeme-electric/?section=19#
SEOP2516 - Выходной реактор 132 кВт;SEOP2516;SEOP2516;В наличии;https://intelka-shop.ru/proizvoditeli/systeme-electric/?section=19#
SEOP2517 - Выходной реактор 160 кВт;SEOP2517;SEOP2517;В наличии;https://intelka-shop.ru/proizvoditeli/systeme-electric/?section=19#
SEOP2518 - Выходной реактор 185-200 кВт;SEOP2518;SEOP2518;В наличии;https://intelka-shop.ru/proizvoditeli/systeme-electric/?section=19#
SEOP2519 - Выходной реактор 220-250 кВт;SEOP2519;SEOP2519;В наличии;https://intelka-shop.ru/proizvoditeli/systeme-electric/?section=19#
SEOP2520 - Выходной реактор 280 кВт;SEOP2520;SEOP2520;Под заказ;https://intelka-shop.ru/proizvoditeli/systeme-electric/?section=19#
SEOP2521 - Выходной реактор 315 кВт;SEOP2521;SEOP2521;В наличии;https://intelka-shop.ru/proizvoditeli/systeme-electric/?section=19#
SEOP2522 - Выходной реактор 355 кВт;SEOP2522;SEOP2522;В наличии;https://intelka-shop.ru/proizvoditeli/systeme-electric/?section=19#
SEOP2523 - Выходной реактор 400 кВт;SEOP2523;SEOP2523;В наличии;https://intelka-shop.ru/proizvoditeli/systeme-electric/?section=19#
SEOP2524 - Выходной реактор 450-500 кВт;SEOP2524;SEOP2524;В наличии;https://intelka-shop.ru/proizvoditeli/systeme-electric/?section=19#
SEOP2525 - Выходной реактор 560-630 кВт;SEOP2525;SEOP2525;Под заказ;https://intelka-shop.ru/proizvoditeli/systeme-electric/?section=19#
SEOP2601 - DC реактор 15 кВт;SEOP2601;SEOP2601;В наличии;https://intelka-shop.ru/proizvoditeli/systeme-electric/?section=19#
SEOP2602 - DC реактор 18.5 кВт;SEOP2602;SEOP2602;В наличии;https://intelka-shop.ru/proizvoditeli/systeme-electric/?section=19#
SEOP2603 - DC реактор 22 кВт;SEOP2603;SEOP2603;В наличии;https://intelka-shop.ru/proizvoditeli/systeme-electric/?section=19#
SEOP2604 - DC реактор 30 кВт;SEOP2604;SEOP2604;В наличии;https://intelka-shop.ru/proizvoditeli/systeme-electric/?section=19#
SEOP2605 - DC реактор 37 кВт;SEOP2605;SEOP2605;В наличии;https://intelka-shop.ru/proizvoditeli/systeme-electric/?section=19#
SEOP2606 - DC реактор 45 кВт;SEOP2606;SEOP2606;В наличии;https://intelka-shop.ru/proizvoditeli/systeme-electric/?section=19#
SEOP2607 - DC реактор 55 кВт;SEOP2607;SEOP2607;В наличии;https://intelka-shop.ru/proizvoditeli/systeme-electric/?section=19#
SEOP3701 - ЭМС фильтр <0.2 кВт 200В;SEOP3701;SEOP3701;В наличии;https://intelka-shop.ru/proizvoditeli/systeme-electric/?section=19#
SEOP3702 - ЭМС фильтр 0.4-0.75 кВт 200В;SEOP3702;SEOP3702;В наличии;https://intelka-shop.ru/proizvoditeli/systeme-electric/?section=19#
SEOP3703 - ЭМС фильтр 1.5-2.2 кВт 200В;SEOP3703;SEOP3703;Под заказ;https://intelka-shop.ru/proizvoditeli/systeme-electric/?section=19#
SEOP3704 - ЭМС фильтр 1.5-2.2 кВт 400В;SEOP3704;SEOP3704;Под заказ;https://intelka-shop.ru/proizvoditeli/systeme-electric/?section=19#
SEOP3705 - ЭМС фильтр 4-5.5 кВт 400В;SEOP3705;SEOP3705;Под заказ;https://intelka-shop.ru/proizvoditeli/systeme-electric/?section=19#
SEOP3706 - ЭМС фильтр 7.5-11 кВт 400В;SEOP3706;SEOP3706;Под заказ;https://intelka-shop.ru/proizvoditeli/systeme-electric/?section=19#
SEOP3707 - ЭМС фильтр 15-18.5 кВт 400В;SEOP3707;SEOP3707;Под заказ;https://intelka-shop.ru/proizvoditeli/systeme-electric/?section=19#
SEOP3708 - ЭМС фильтр 22-30 кВт 400В;SEOP3708;SEOP3708;В наличии;https://intelka-shop.ru/proizvoditeli/systeme-electric/?section=19#
SEOP3709 - ЭМС фильтр 37-45 кВт 400В;SEOP3709;SEOP3709;Под заказ;https://intelka-shop.ru/proizvoditeli/systeme-electric/?section=19#
SEOP3710 - ЭМС фильтр 55-75 кВт 400В;SEOP3710;SEOP3710;В наличии;https://intelka-shop.ru/proizvoditeli/systeme-electric/?section=19#
SEOP3711 - ЭМС фильтр 90-132 кВт 400В;SEOP3711;SEOP3711;В наличии;https://intelka-shop.ru/proizvoditeli/systeme-electric/?section=19#
SEOP3712 - ЭМС фильтр 160-200 кВт 400В;SEOP3712;SEOP3712;В наличии;https://intelka-shop.ru/proizvoditeli/systeme-electric/?section=19#
SEOP3713 - ЭМС фильтр 220-280 кВт 400В;SEOP3713;SEOP3713;В наличии;https://intelka-shop.ru/proizvoditeli/systeme-electric/?section=19#
SEOP3714 - ЭМС фильтр 315-400 кВт 400В;SEOP3714;SEOP3714;Под заказ;https://intelka-shop.ru/proizvoditeli/systeme-electric/?section=19#
SEOP3715 - ЭМС фильтр 450-500 кВт 400В;SEOP3715;SEOP3715;В наличии;https://intelka-shop.ru/proizvoditeli/systeme-electric/?section=19#
SEOP3802 - Выходной фильтр <0.2 кВт 200В;SEOP3802;SEOP3802;В наличии;https://intelka-shop.ru/proizvoditeli/systeme-electric/?section=19#
SEOP3803 - Выходной фильтр 0.4-0.75 кВт 200В;SEOP3803;SEOP3803;В наличии;https://intelka-shop.ru/proizvoditeli/systeme-electric/?section=19#
SEOP3804 - Выходной фильтр 1.5-2.2 кВт 400В;SEOP3804;SEOP3804;Под заказ;https://intelka-shop.ru/proizvoditeli/systeme-electric/?section=19#
SEOP3805 - Выходной фильтр 4-5.5 кВт 400В;SEOP3805;SEOP3805;Под заказ;https://intelka-shop.ru/proizvoditeli/systeme-electric/?section=19#
SEOP3806 - Выходной фильтр 7.5-11 кВт 400В;SEOP3806;SEOP3806;Под заказ;https://intelka-shop.ru/proizvoditeli/systeme-electric/?section=19#
SEOP3807 - Выходной фильтр 15-18.5 кВт 400В;SEOP3807;SEOP3807;Под заказ;https://intelka-shop.ru/proizvoditeli/systeme-electric/?section=19#
SEOP3808 - Выходной фильтр 22-30 кВт 400В;SEOP3808;SEOP3808;В наличии;https://intelka-shop.ru/proizvoditeli/systeme-electric/?section=19#
SEOP3809 - Выходной фильтр 37-45 кВт 400В;SEOP3809;SEOP3809;В наличии;https://intelka-shop.ru/proizvoditeli/systeme-electric/?section=19#
SEOP3810 - Выходной фильтр 55-75 кВт 400В;SEOP3810;SEOP3810;Под заказ;https://intelka-shop.ru/proizvoditeli/systeme-electric/?section=19#
SEOP3811 - Выходной фильтр 90-132 кВт 400В;SEOP3811;SEOP3811;В наличии;https://intelka-shop.ru/proizvoditeli/systeme-electric/?section=19#
SEOP3812 - Выходной фильтр 160-280 кВт 400В;SEOP3812;SEOP3812;В наличии;https://intelka-shop.ru/proizvoditeli/systeme-electric/?section=19#
SEOP3813 - Выходной фильтр 315-400 кВт 400В;SEOP3813;SEOP3813;Под заказ;https://intelka-shop.ru/proizvoditeli/systeme-electric/?section=19#
SEOP3814 - Выходной фильтр 450-500 кВт 400В;SEOP3814;SEOP3814;В наличии;https://intelka-shop.ru/proizvoditeli/systeme-electric/?section=19#
SEOP4001 - Тормозной модуль 18.5-37 кВт 400 В;SEOP4001;SEOP4001;В наличии;https://intelka-shop.ru/proizvoditeli/systeme-electric/?section=19#
SEOP4002 - Тормозной модуль 45-75 кВт 400 В;SEOP4002;SEOP4002;В наличии;https://intelka-shop.ru/proizvoditeli/systeme-electric/?section=19#
SEOP4003 - Тормозной модуль 90-110 кВт 400 В;SEOP4003;SEOP4003;В наличии;https://intelka-shop.ru/proizvoditeli/systeme-electric/?section=19#
SEOP4004 - Тормозной модуль 132 кВт 400 В;SEOP4004;SEOP4004;В наличии;https://intelka-shop.ru/proizvoditeli/systeme-electric/?section=19#
SEOP4005 - Тормозной модуль 160-200 кВт 400 В;SEOP4005;SEOP4005;В наличии;https://intelka-shop.ru/proizvoditeli/systeme-electric/?section=19#
SEOP4006 - Тормозной модуль 220-250 кВт 400 В;SEOP4006;SEOP4006;В наличии;https://intelka-shop.ru/proizvoditeli/systeme-electric/?section=19#
SEOP4007 - Тормозной модуль 18.5-110 кВт 690 В;SEOP4007;SEOP4007;Под заказ;https://intelka-shop.ru/proizvoditeli/systeme-electric/?section=19#
SEOP4008 - Тормозной модуль 132-160 кВт 690 В;SEOP4008;SEOP4008;Под заказ;https://intelka-shop.ru/proizvoditeli/systeme-electric/?section=19#
SEOP4009 - Тормозной модуль 185-220 кВт 690 В;SEOP4009;SEOP4009;Под заказ;https://intelka-shop.ru/proizvoditeli/systeme-electric/?section=19#
SEOP4010 - Тормозной модуль 250-350 кВт 690 В;SEOP4010;SEOP4010;Под заказ;https://intelka-shop.ru/proizvoditeli/systeme-electric/?section=19#
SEOP4011 - Тормозной модуль 400 кВт 690 В;SEOP4011;SEOP4011;Под заказ;https://intelka-shop.ru/proizvoditeli/systeme-electric/?section=19#
STV320SU07M2 - Частотный преобразователь SystemVar STV320 0.75 кВт 220В;STV320SU07M2;STV320SU07M2;В наличии;https://intelka-shop.ru/proizvoditeli/systeme-electric/?section=19#
STV320SU15M2 - Частотный преобразователь SystemVar STV320 1.5 кВт 220В;STV320SU15M2;STV320SU15M2;В наличии;https://intelka-shop.ru/proizvoditeli/systeme-electric/?section=19#
STV320SU22M2 - Частотный преобразователь SystemVar STV320 2.2 кВт 220В;STV320SU22M2;STV320SU22M2;В наличии;https://intelka-shop.ru/proizvoditeli/systeme-electric/?section=19#
STV600U22N4 - Частотный преобразователь STV600 2.2 кВт 400В;STV600U22N4;STV600U22N4;В наличии;https://intelka-shop.ru/proizvoditeli/systeme-electric/?section=19#
STV600U40N4 - Частотный преобразователь STV600 4.0 кВт 400В;STV600U40N4;STV600U40N4;В наличии;https://intelka-shop.ru/proizvoditeli/systeme-electric/?section=19#
STV600U55N4 - Частотный преобразователь STV600 5.5 кВт 400В;STV600U55N4;STV600U55N4;В наличии;https://intelka-shop.ru/proizvoditeli/systeme-electric/?section=19#
STV600U75N4 - Частотный преобразователь STV600 7.5 кВт 400В;STV600U75N4;STV600U75N4;В наличии;https://intelka-shop.ru/proizvoditeli/systeme-electric/?section=19#
STV600D11N4 - Частотный преобразователь STV600 11 кВт 400В;STV600D11N4;STV600D11N4;В наличии;https://intelka-shop.ru/proizvoditeli/systeme-electric/?section=19#
STV600D15N4 - Частотный преобразователь STV600 15 кВт 400В;STV600D15N4;STV600D15N4;В наличии;https://intelka-shop.ru/proizvoditeli/systeme-electric/?section=19#
STV600D18N4 - Частотный преобразователь STV600 18 кВт 400В;STV600D18N4;STV600D18N4;Под заказ;https://intelka-shop.ru/proizvoditeli/systeme-electric/?section=19#
STV600D22N4 - Частотный преобразователь STV600 22 кВт 400В;STV600D22N4;STV600D22N4;В наличии;https://intelka-shop.ru/proizvoditeli/systeme-electric/?section=19#
STV600D30N4 - Частотный преобразователь STV600 30 кВт 400В;STV600D30N4;STV600D30N4;В наличии;https://intelka-shop.ru/proizvoditeli/systeme-electric/?section=19#
STV600D37N4 - Частотный преобразователь STV600 37 кВт 400В;STV600D37N4;STV600D37N4;В наличии;https://intelka-shop.ru/proizvoditeli/systeme-electric/?section=19#
STV600D45N4 - Частотный преобразователь STV600 45 кВт 400В;STV600D45N4;STV600D45N4;В наличии;https://intelka-shop.ru/proizvoditeli/systeme-electric/?section=19#
STV600D55N4 - Частотный преобразователь STV600 55 кВт 400В;STV600D55N4;STV600D55N4;Под заказ;https://intelka-shop.ru/proizvoditeli/systeme-electric/?section=19#
STV600D75N4 - Частотный преобразователь STV600 75 кВт 400В;STV600D75N4;STV600D75N4;Под заказ;https://intelka-shop.ru/proizvoditeli/systeme-electric/?section=19#
STV320U07N4 - Частотный преобразователь SystemVar STV320 0.75 кВт 400В;STV320U07N4;STV320U07N4;Под заказ;https://intelka-shop.ru/proizvoditeli/systeme-electric/?section=19#
STV320U15N4 - Частотный преобразователь SystemVar STV320 1.5 кВт 400В;STV320U15N4;STV320U15N4;В наличии;https://intelka-shop.ru/proizvoditeli/systeme-electric/?section=19#
STV320U22N4 - Частотный преобразователь SystemVar STV320 2.2 кВт 400В;STV320U22N4;STV320U22N4;В наличии;https://intelka-shop.ru/proizvoditeli/systeme-electric/?section=19#
STV320U40N4 - Частотный преобразователь SystemVar STV320 4.0 кВт 400В;STV320U40N4;STV320U40N4;Под заказ;https://intelka-shop.ru/proizvoditeli/systeme-electric/?section=19#
STV320U55N4 - Частотный преобразователь SystemVar STV320 5.5 кВт 400В;STV320U55N4;STV320U55N4;В наличии;https://intelka-shop.ru/proizvoditeli/systeme-electric/?section=19#
STV320U75N4 - Частотный преобразователь SystemVar STV320 7.5 кВт 400В;STV320U75N4;STV320U75N4;В наличии;https://intelka-shop.ru/proizvoditeli/systeme-electric/?section=19#
STV320D15N4 - Частотный преобразователь SystemVar STV320 15 кВт 400В;STV320D15N4;STV320D15N4;В наличии;https://intelka-shop.ru/proizvoditeli/systeme-electric/?section=19#
STV320D18N4 - Частотный преобразователь SystemVar STV320 18.5 кВт 400В;STV320D18N4;STV320D18N4;В наличии;https://intelka-shop.ru/proizvoditeli/systeme-electric/?section=19#
STV320D22N4 - Частотный преобразователь SystemVar STV320 22 кВт 400В;STV320D22N4;STV320D22N4;В наличии;https://intelka-shop.ru/proizvoditeli/systeme-electric/?section=19#
STV320D30N4 - Частотный преобразователь SystemVar STV320 30 кВт 400В;STV320D30N4;STV320D30N4;В наличии;https://intelka-shop.ru/proizvoditeli/systeme-electric/?section=19#
STV320D37N4 - Частотный преобразователь SystemVar STV320 37 кВт 400В;STV320D37N4;STV320D37N4;В наличии;https://intelka-shop.ru/proizvoditeli/systeme-electric/?section=19#
STV320D45N4 - Частотный преобразователь SystemVar STV320 45 кВт 400В;STV320D45N4;STV320D45N4;В наличии;https://intelka-shop.ru/proizvoditeli/systeme-electric/?section=19#
STV320D55N4 - Частотный преобразователь SystemVar STV320 55 кВт 400В;STV320D55N4;STV320D55N4;В наличии;https://intelka-shop.ru/proizvoditeli/systeme-electric/?section=19#
STV320D75N4 - Частотный преобразователь SystemVar STV320 75 кВт 400В;STV320D75N4;STV320D75N4;В наличии;https://intelka-shop.ru/proizvoditeli/systeme-electric/?section=19#
STV600U15N4 - Частотный преобразователь STV600 1.5 кВт 400В;STV600U15N4;STV600U15N4;Под заказ;https://intelka-shop.ru/proizvoditeli/systeme-electric/?section=19#
STV600D11N4L1 - Частотный преобразователь STV600 11 кВт 400В;STV600D11N4L1;STV600D11N4L1;Под заказ;https://intelka-shop.ru/proizvoditeli/systeme-electric/?section=19#
STV600D15N4L1 - Частотный преобразователь STV600 15 кВт 400В;STV600D15N4L1;STV600D15N4L1;В наличии;https://intelka-shop.ru/proizvoditeli/systeme-electric/?section=19#
STV600D18N4L1 - Частотный преобразователь STV600 18 кВт 400В;STV600D18N4L1;STV600D18N4L1;В наличии;https://intelka-shop.ru/proizvoditeli/systeme-electric/?section=19#
STV600D22N4L1 - Частотный преобразователь STV600 22 кВт 400В;STV600D22N4L1;STV600D22N4L1;В наличии;https://intelka-shop.ru/proizvoditeli/systeme-electric/?section=19#
STV600D30N4L1 - Частотный преобразователь STV600 30 кВт 400В;STV600D30N4L1;STV600D30N4L1;В наличии;https://intelka-shop.ru/proizvoditeli/systeme-electric/?section=19#
STV600D37N4L1 - Частотный преобразователь STV600 37 кВт 400В;STV600D37N4L1;STV600D37N4L1;В наличии;https://intelka-shop.ru/proizvoditeli/systeme-electric/?section=19#
STV600D45N4L1 - Частотный преобразователь STV600 45 кВт 400В;STV600D45N4L1;STV600D45N4L1;В наличии;https://intelka-shop.ru/proizvoditeli/systeme-electric/?section=19#
STV600D55N4L1 - Частотный преобразователь STV600 55 кВт 400В;STV600D55N4L1;STV600D55N4L1;В наличии;https://intelka-shop.ru/proizvoditeli/systeme-electric/?section=19#
STV600D75N4L1 - Частотный преобразователь STV600 75 кВт 400В;STV600D75N4L1;STV600D75N4L1;В наличии;https://intelka-shop.ru/proizvoditeli/systeme-electric/?section=19#
STV600U15N4F2 - Частотный преобразователь STV600 1.5 кВт 400В;STV600U15N4F2;STV600U15N4F2;В наличии;https://intelka-shop.ru/proizvoditeli/systeme-electric/?section=19#
STV600U22N4F2 - Частотный преобразователь STV600 2.2 кВт 400В;STV600U22N4F2;STV600U22N4F2;В наличии;https://intelka-shop.ru/proizvoditeli/systeme-electric/?section=19#
STV600U40N4F2 - Частотный преобразователь STV600 4.0 кВт 400В;STV600U40N4F2;STV600U40N4F2;В наличии;https://intelka-shop.ru/proizvoditeli/systeme-electric/?section=19#
STV600U55N4F2 - Частотный преобразователь STV600 5.5 кВт 400В с ЭМС C2;STV600U55N4F2;STV600U55N4F2;В наличии;https://intelka-shop.ru/proizvoditeli/systeme-electric/?section=19#
STV600U75N4F2 - Частотный преобразователь STV600 7.5 кВт 400В;STV600U75N4F2;STV600U75N4F2;В наличии;https://intelka-shop.ru/proizvoditeli/systeme-electric/?section=19#
STV600D11N4F2 - Частотный преобразователь STV600 11 кВт 400В;STV600D11N4F2;STV600D11N4F2;В наличии;https://intelka-shop.ru/proizvoditeli/systeme-electric/?section=19#
STV600D18N4F2 - Частотный преобразователь STV600 18 кВт 400В;STV600D18N4F2;STV600D18N4F2;В наличии;https://intelka-shop.ru/proizvoditeli/systeme-electric/?section=19#
STV600D22N4F2 - Частотный преобразователь STV600 22 кВт 400В;STV600D22N4F2;STV600D22N4F2;В наличии;https://intelka-shop.ru/proizvoditeli/systeme-electric/?section=19#
STV600D30N4F3 - Частотный преобразователь STV600 30 кВт 400В;STV600D30N4F3;STV600D30N4F3;Под заказ;https://intelka-shop.ru/proizvoditeli/systeme-electric/?section=19#
STV600D37N4F3 - Частотный преобразователь STV600 37 кВт 400В;STV600D37N4F3;STV600D37N4F3;В наличии;https://intelka-shop.ru/proizvoditeli/systeme-electric/?section=19#
STV600D45N4F3 - Частотный преобразователь STV600 45 кВт 400В;STV600D45N4F3;STV600D45N4F3;Под заказ;https://intelka-shop.ru/proizvoditeli/systeme-electric/?section=19#
STV600D55N4F3 - Частотный преобразователь STV600 55 кВт 400В;STV600D55N4F3;STV600D55N4F3;В наличии;https://intelka-shop.ru/proizvoditeli/systeme-electric/?section=19#
STV600D75N4F3 - Частотный преобразователь STV600 75 кВт 400В;STV600D75N4F3;STV600D75N4F3;Под заказ;https://intelka-shop.ru/proizvoditeli/systeme-electric/?section=19#
STV320D11N4 - Частотный преобразователь SystemVar STV320 11 кВт 400В;STV320D11N4;STV320D11N4;В наличии;https://intelka-shop.ru/proizvoditeli/systeme-electric/?section=19#
STV600D15N4F2 - Частотный преобразователь STV600 15 кВт 400В;STV600D15N4F2;STV600D15N4F2;Под заказ;https://intelka-shop.ru/proizvoditeli/systeme-electric/?section=19#
