name;article;product_code;availability;image
DRF-24V480W3GBA, Блок питания, вход 3x320~575B AC, выход 24B DC, 20A, 480Вт, реле DC OK, старт от -4;DRF-24V480W3GBA;DRF-24V480W3GBA;В наличии;https://intelka-shop.ru/proizvoditeli/delta/?section=19#
DRL-24V75W1AZ Блок питания 24 VDC, 3.125 A, 75 Вт, вход 1*220В, пластиковый корпус;DRL-24V75W1AZ;DRL-24V75W1AZ;В наличии;https://intelka-shop.ru/proizvoditeli/delta/?section=19#
DRL-24V240W1EN Блок питания;DRL-24V240W1EN;DRL-24V240W1EN;В наличии;https://intelka-shop.ru/proizvoditeli/delta/?section=19#
DRL-12V75W1AZ Блок питания;DRL-12V75W1AZ;DRL-12V75W1AZ;В наличии;https://intelka-shop.ru/proizvoditeli/delta/?section=19#
VFD32AMS43AFSAA - UCN Частотный преобразователь, 15кВт 3ф 400В, встроенный тормозной ключ;VFD32AMS43AFSAA;;В наличии;https://intelka-shop.ru/proizvoditeli/delta/?section=19#
CTA4001A - CTA4001A Комбинированный цифровой прибор (R+T, 220VAC, RS-485);CTA4001A;CTA4001A;В наличии;https://intelka-shop.ru/proizvoditeli/delta/?section=19#
DRL-24V120W1EN блок питания;DRL-24V120W1EN;DRL-24V120W1EN;В наличии;https://intelka-shop.ru/proizvoditeli/delta/?section=19#
DVP04DA-S2 - Модуль расширения с RS485, повышенная помехозащищенность;DVP04DA-S2;DVP04DA-S2;В наличии;https://intelka-shop.ru/proizvoditeli/delta/?section=19#
AS-FECAT - Модуль расширения ПЛК EtherCAT port;AS-FECAT;AS-FECAT;В наличии;https://intelka-shop.ru/proizvoditeli/delta/?section=19#
ASRTU-EC16AP1TA - Модуль удаленной связи;ASRTU-EC16AP1TA;ASRTU-EC16AP1TA;В наличии;https://intelka-shop.ru/proizvoditeli/delta/?section=19#
Промышленный контроллер PLC (ПЛК), 16DI/8DO (NPN), RS-485x2, EtherCAT. AS516E-B;AS516E-B;AS516E-B;В наличии;https://intelka-shop.ru/proizvoditeli/delta/?section=19#
Плата расширения аналоговых входов/выходов для VFD-C/CP/CFP EMC-A22A;EMC-A22A;EMC-A22A;В наличии;https://intelka-shop.ru/proizvoditeli/delta/?section=19#
AX-308EA0MA1T - Контроллер движением 8 осей по шине EtherCAT;AX-308EA0MA1T;AX-308EA0MA1T;В наличии;https://intelka-shop.ru/proizvoditeli/delta/?section=19#
DVP32ES300R - Промышленный контроллер PLC (ПЛК);DVP32ES300R;DVP32ES300R;Под заказ;https://intelka-shop.ru/proizvoditeli/delta/?section=19#
CMM-PD02 - Адаптер интерфейса Profibus DP для VFD-MS/MH;CMM-PD02;CMM-PD02;В наличии;https://intelka-shop.ru/proizvoditeli/delta/?section=19#
CMM-EC02 - Адаптер интерфейса EtherCAT для VFD-MS/MH;CMM-EC02;CMM-EC02;Под заказ;https://intelka-shop.ru/proizvoditeli/delta/?section=19#
CMC-PN01 - Адаптер интерфейса ProfiNet для VFD-C;CMC-PN01;CMC-PN01;Под заказ;https://intelka-shop.ru/proizvoditeli/delta/?section=19#
CBM-CL01A - Кабель для плат CMM, 1х230 В 0.2-0.75 кВт, 3х400В 0.4-1.5 кВт;CBM-CL01A;CBM-CL01A;Под заказ;https://intelka-shop.ru/proizvoditeli/delta/?section=19#
Плата расширения для ЦПУ AS300, PROFINET RT Slave, 2хRJ45,AS-FPFN02;AS-FPFN02;AS-FPFN02;Под заказ;https://intelka-shop.ru/proizvoditeli/delta/?section=19#
NC-MOT-15SRTE - Сенсорный дисплей 15’’;NC-MOT-15SRTE;NC-MOT-15SRTE;Под заказ;https://intelka-shop.ru/proizvoditeli/delta/?section=19#
"Панель оператора DOP-107HS465 7"", 15 кнопок, RS485, USB B, кнопка Стоп, штурвал, SD, кабель 5 м";DOP-107HS465;DOP-107HS465;Под заказ;https://intelka-shop.ru/proizvoditeli/delta/?section=19#
"Панель оператора DOP-107HE465 7"", 15 кнопок, Ethernet, USB B, кнопка Стоп, штурвал, SD, кабель 5 м";DOP-107HE465;DOP-107HE465;Под заказ;https://intelka-shop.ru/proizvoditeli/delta/?section=19#
VFD015EL43A - Частотный преобразователь (1.5 kW 380 V);VFD015EL43A;VFD015EL43A;В наличии;https://intelka-shop.ru/proizvoditeli/delta/?section=19#
VFD007EL43A - Частотный преобразователь (0,75 kW 380 V);VFD007EL43A;VFD007EL43A;В наличии;https://intelka-shop.ru/proizvoditeli/delta/?section=19#
VFD004EL43A - Частотный преобразователь (0,4kW 380 V);VFD004EL43A;VFD004EL43A;В наличии;https://intelka-shop.ru/proizvoditeli/delta/?section=19#
VFD1320CP43B-21 - Частотный преобразователь (132 кВт 3ф 400 В);VFD1320CP43B-21;VFD1320CP43B-21;В наличии;https://intelka-shop.ru/proizvoditeli/delta/?section=19#
VFD450CP43S-21 - Частотный преобразователь (45 кВт 3ф 400 В);VFD450CP43S-21;VFD450CP43S-21;В наличии;https://intelka-shop.ru/proizvoditeli/delta/?section=19#
DT320LA-R211 - Температурный контроллер 48x48 мм, аналоговый выход (0...10В), питание 80-260 В AC;DT320LA-R211;;Под заказ;https://intelka-shop.ru/proizvoditeli/delta/?section=19#
DT320LA-R200 - Температурный контроллер 48x48 мм, аналоговый выход (0...10В), питание 80-260 В AC;DT320LA-R200;;Под заказ;https://intelka-shop.ru/proizvoditeli/delta/?section=19#
DT320LA-0200 - Температурный контроллер 48x48 мм, аналоговый выход (0...10В), питание 80-260 В AC;DT320LA-0200;;Под заказ;https://intelka-shop.ru/proizvoditeli/delta/?section=19#
DT320LA - Температурный контроллер 48x48 мм, аналоговый выход (0...10В), питание 80-260 В AC;DT320LA;;Под заказ;https://intelka-shop.ru/proizvoditeli/delta/?section=19#
DT320CD-0200 - Температурный контроллер 48x48 мм, аналоговый выход (4…20 мА), питание 24 В DC;DT320CD-0200;;Под заказ;https://intelka-shop.ru/proizvoditeli/delta/?section=19#
DT320CA-V200 - Температурный контроллер 48x48 мм, аналоговый выход (4…20 мА), питание 80-260 В AC;DT320CA-V200;;Под заказ;https://intelka-shop.ru/proizvoditeli/delta/?section=19#
DT320CA-R220 - Температурный контроллер 48x48 мм, аналоговый выход (4…20 мА), питание 80-260 В AC;DT320CA-R220;;Под заказ;https://intelka-shop.ru/proizvoditeli/delta/?section=19#
DT320CA-R211 - Температурный контроллер 48x48 мм, аналоговый выход (4…20 мА), питание 80-260 В AC;DT320CA-R211;;Под заказ;https://intelka-shop.ru/proizvoditeli/delta/?section=19#
DT320CA-R200 - Температурный контроллер 48x48 мм, аналоговый выход (4…20 мА), питание 80-260 В AC;DT320CA-R200;;Под заказ;https://intelka-shop.ru/proizvoditeli/delta/?section=19#
DT320CA-0200 - Температурный контроллер 48x48 мм, аналоговый выход (4…20 мА), питание 80-260В AC;DT320CA-0200;DT320CA-0200;В наличии;https://intelka-shop.ru/proizvoditeli/delta/?section=19#
DT320CA - Температурный контроллер 48x48 мм, аналоговый выход (4…20 мА), питание 80-260 В AC;DT320CA;;Под заказ;https://intelka-shop.ru/proizvoditeli/delta/?section=19#
DT320VA-V200 - Температурный контроллер 48x48 мм, два выхода импульсного напряжения (12 В);DT320VA-V200;;Под заказ;https://intelka-shop.ru/proizvoditeli/delta/?section=19#
DTM-BDV - Кассета на 4 импульсных выхода (транзистор 12 В) для термоконтроллеров DTM;DTM-BDV;;Под заказ;https://intelka-shop.ru/proizvoditeli/delta/?section=19#
DTM-BDR - Кассета на 4 релейных выхода (2 А на контакт) для термоконтроллеров DTM;DTM-BDR;;Под заказ;https://intelka-shop.ru/proizvoditeli/delta/?section=19#
DTM-BDL - Кассета на 4 потенциальных выхода (0 - 10 В) для термоконтроллеров DTM;DTM-BDL;;Под заказ;https://intelka-shop.ru/proizvoditeli/delta/?section=19#
DTM-DOV - Модуль расширения на 8 импульсных выходов (транзистор 12 В) для термоконтроллеров DTM;DTM-DOV;;Под заказ;https://intelka-shop.ru/proizvoditeli/delta/?section=19#
DTM-DOR - Модуль расширения на 8 релейных выходов (2 А на контакт) для термоконтроллеров DTM;DTM-DOR;;Под заказ;https://intelka-shop.ru/proizvoditeli/delta/?section=19#
DTM-DOL - Модуль расширения на 8 потенциальных выходов (0 - 10 В) для термоконтроллеров DTM;DTM-DOL;;Под заказ;https://intelka-shop.ru/proizvoditeli/delta/?section=19#
DTM-DOC - Модуль расширения на 8 токовых выходов (4 - 20 мА) для термоконтроллеров DTM;DTM-DOC;;Под заказ;https://intelka-shop.ru/proizvoditeli/delta/?section=19#
DTM-CT030 - Модуль для подключения 8 измерительных трансформаторов тока DT3-CT30A/DT3-CT100A;DTM-CT030;;Под заказ;https://intelka-shop.ru/proizvoditeli/delta/?section=19#
DTMN08 - Термоконтроллер модуль, 8 измерительных универсальных входов, 2 слота под выходы;DTMN08;;Под заказ;https://intelka-shop.ru/proizvoditeli/delta/?section=19#
DTMN04 - Термоконтроллер модуль, 4 измерительных универсальных входа, 2 слота под выходы;DTMN04;;Под заказ;https://intelka-shop.ru/proizvoditeli/delta/?section=19#
DTMN02-V - Термоконтроллер модуль, 2 измерительных универсальных входа, 4 импульсных выхода;DTMN02-V;;Под заказ;https://intelka-shop.ru/proizvoditeli/delta/?section=19#
DTMN02-R - Термоконтроллер модуль, 2 измерительных универсальных входа, 4 релейных выхода;DTMN02-R;;Под заказ;https://intelka-shop.ru/proizvoditeli/delta/?section=19#
DTMN02-L - Термоконтроллер модуль, 2 измерительных универсальных входа, 4 потенциальных выхода;DTMN02-L;;Под заказ;https://intelka-shop.ru/proizvoditeli/delta/?section=19#
DTMN02-C - Термоконтроллер модуль, 2 измерительных универсальных входа, 4 токовых выхода;DTMN02-C;;Под заказ;https://intelka-shop.ru/proizvoditeli/delta/?section=19#
DTMR08 - Термоконтроллер ЦПУ, 8 измерительных универсальных входов, RS485, Modbus;DTMR08;;Под заказ;https://intelka-shop.ru/proizvoditeli/delta/?section=19#
DTMR04 - Термоконтроллер ЦПУ, 4 измерительных универсальных входа, RS485, Modbus, 2 слота под выходы;DTMR04;;Под заказ;https://intelka-shop.ru/proizvoditeli/delta/?section=19#
DTME08 - Термоконтроллер ЦПУ, 8 измерительных универсальных входов, RS485, Ethernet, Modbus;DTME08;;Под заказ;https://intelka-shop.ru/proizvoditeli/delta/?section=19#
DTME04 - Термоконтроллер ЦПУ, 4 измерительных универсальных входа, RS485, Ethernet, Modbus;DTME04;;Под заказ;https://intelka-shop.ru/proizvoditeli/delta/?section=19#
DTM-BDC - Кассета на 4 токовых выхода (4 - 20 мА) для термоконтроллеров DTM;DTM-BDC;;Под заказ;https://intelka-shop.ru/proizvoditeli/delta/?section=19#
AHBP08E1-5A - Несущая рама под локальное расширение входов/выходов на 8 слотов;AHBP08E1-5A;;Под заказ;https://intelka-shop.ru/proizvoditeli/delta/?section=19#
AHBP06M1-5A - Базовая несущая рама под CPU/RTU и модули на 6 слотов;AHBP06M1-5A;;Под заказ;https://intelka-shop.ru/proizvoditeli/delta/?section=19#
AHBP06E1-5A - Несущая рама под локальное расширение входов/выходов на 6 слотов;AHBP06E1-5A;;Под заказ;https://intelka-shop.ru/proizvoditeli/delta/?section=19#
AHBP04M1-5A - Базовая несущая рама под CPU/RTU и модули на 4 слота;AHBP04M1-5A;;Под заказ;https://intelka-shop.ru/proizvoditeli/delta/?section=19#
AHASP01-5A - Муляж модуля расширения (для заполнения пустого места на раме);AHASP01-5A;;Под заказ;https://intelka-shop.ru/proizvoditeli/delta/?section=19#
AHADINADP1-5A - Клипса для крепления рамы на ДИН-рейку (на 1 раму 2 клипсы);AHADINADP1-5A;;Под заказ;https://intelka-shop.ru/proizvoditeli/delta/?section=19#
AHACABK0-5A - Кабель для АН500, 100 м;AHACABK0-5A;;Под заказ;https://intelka-shop.ru/proizvoditeli/delta/?section=19#
AHACABJ0-5A - Кабель для АН500, 90 м;AHACABJ0-5A;;Под заказ;https://intelka-shop.ru/proizvoditeli/delta/?section=19#
AHACABH0-5A - Кабель для АН500, 80 м;AHACABH0-5A;;Под заказ;https://intelka-shop.ru/proizvoditeli/delta/?section=19#
AHACABG0-5A - Кабель для АН500, 70 м;AHACABG0-5A;;Под заказ;https://intelka-shop.ru/proizvoditeli/delta/?section=19#
AHACABF0-5A - Кабель для АН500, 60 м;AHACABF0-5A;;Под заказ;https://intelka-shop.ru/proizvoditeli/delta/?section=19#
AHACABE0-5A - Кабель для АН500, 50 м;AHACABE0-5A;;Под заказ;https://intelka-shop.ru/proizvoditeli/delta/?section=19#
AHACABD0-5A - Кабель для АН500, 40 м;AHACABD0-5A;;Под заказ;https://intelka-shop.ru/proizvoditeli/delta/?section=19#
AHACABC0-5A - Кабель для АН500, 30 м;AHACABC0-5A;;Под заказ;https://intelka-shop.ru/proizvoditeli/delta/?section=19#
AHACABB0-5A - Кабель для АН500, 20 м;AHACABB0-5A;;Под заказ;https://intelka-shop.ru/proizvoditeli/delta/?section=19#
AHACABA5-5A - Кабель для АН500, 15 м;AHACABA5-5A;;Под заказ;https://intelka-shop.ru/proizvoditeli/delta/?section=19#
AHACABA0-5A - Кабель для АН500, 10 м;AHACABA0-5A;;Под заказ;https://intelka-shop.ru/proizvoditeli/delta/?section=19#
AHACAB50-5A - Кабель для АН500, 5 м;AHACAB50-5A;;Под заказ;https://intelka-shop.ru/proizvoditeli/delta/?section=19#
AHACAB30-5A - Кабель для соединения базы и расширения локальных входов/выходов, длина 3,0 м;AHACAB30-5A;;Под заказ;https://intelka-shop.ru/proizvoditeli/delta/?section=19#
AHACAB15-5A - Кабель для соединения базы и расширения локальных входов/выходов, длина 1,5 м;AHACAB15-5A;;Под заказ;https://intelka-shop.ru/proizvoditeli/delta/?section=19#
AHACAB10-5A - Кабель для соединения базы и расширения локальных входов/выходов, длина 1,0 м;AHACAB10-5A;;Под заказ;https://intelka-shop.ru/proizvoditeli/delta/?section=19#
AHACAB06-5A - Кабель для соединения базы и расширения локальных входов/выходов, длина 0,6 м;AHACAB06-5A;;Под заказ;https://intelka-shop.ru/proizvoditeli/delta/?section=19#
Приемник для оптоволоконной линии для AH500, AHAADP02EF-5A;AHAADP02EF-5A;;Под заказ;https://intelka-shop.ru/proizvoditeli/delta/?section=19#
AHAADP01EF-5A - Излучатель для оптоволоконной линии для AH500;AHAADP01EF-5A;;Под заказ;https://intelka-shop.ru/proizvoditeli/delta/?section=19#
DVP60ES200TE - Промышленный контроллер PLC (ПЛК), 36DI/24DO;DVP60ES200TE;;Под заказ;https://intelka-shop.ru/proizvoditeli/delta/?section=19#
DVP60ES200RE - Промышленный контроллер PLC (ПЛК), 36DI/24DO;DVP60ES200RE;;Под заказ;https://intelka-shop.ru/proizvoditeli/delta/?section=19#
DVP60ES200T - Промышленный контроллер PLC (ПЛК), 36DI/24DO;DVP60ES200T;;Под заказ;https://intelka-shop.ru/proizvoditeli/delta/?section=19#
DVP60ES200R - Промышленный контроллер PLC (ПЛК), 36DI/24DO;DVP60ES200R;;Под заказ;https://intelka-shop.ru/proizvoditeli/delta/?section=19#
DVP40ES200TE - Промышленный контроллер PLC (ПЛК), 24DI/16DO;DVP40ES200TE;;Под заказ;https://intelka-shop.ru/proizvoditeli/delta/?section=19#
DVP40ES200T - Промышленный контроллер PLC (ПЛК), 24DI/16DO;DVP40ES200T;;Под заказ;https://intelka-shop.ru/proizvoditeli/delta/?section=19#
DVP40ES200RE - Промышленный контроллер PLC (ПЛК), 24DI/16DO;DVP40ES200RE;;Под заказ;https://intelka-shop.ru/proizvoditeli/delta/?section=19#
DVP40ES200R - Промышленный контроллер PLC (ПЛК), 24DI/16DO;DVP40ES200R;;Под заказ;https://intelka-shop.ru/proizvoditeli/delta/?section=19#
DVP32ES200TE - Промышленный контроллер PLC (ПЛК), 16DI/16DO;DVP32ES200TE;;Под заказ;https://intelka-shop.ru/proizvoditeli/delta/?section=19#
DVP32ES200TC - Промышленный контроллер PLC (ПЛК), 16DI/16DO;DVP32ES200TC;;Под заказ;https://intelka-shop.ru/proizvoditeli/delta/?section=19#
DVP32ES200T - Промышленный контроллер PLC (ПЛК), 16DI/16DO;DVP32ES200T;;Под заказ;https://intelka-shop.ru/proizvoditeli/delta/?section=19#
DVP32ES200RE - Промышленный контроллер PLC (ПЛК), 16DI/16DO;DVP32ES200RE;;Под заказ;https://intelka-shop.ru/proizvoditeli/delta/?section=19#
DVP32ES200RC - Промышленный контроллер PLC (ПЛК);DVP32ES200RC;;Под заказ;https://intelka-shop.ru/proizvoditeli/delta/?section=19#
DVP32ES200R - Промышленный контроллер PLC (ПЛК), 16DI/16DO;DVP32ES200R;;Под заказ;https://intelka-shop.ru/proizvoditeli/delta/?section=19#
DVP30EX200T - Промышленный контроллер PLC (ПЛК), 16DI/10DO;DVP30EX200T;;Под заказ;https://intelka-shop.ru/proizvoditeli/delta/?section=19#
DVP30EX200R - Промышленный контроллер PLC (ПЛК), 16DI/10DO;DVP30EX200R;;Под заказ;https://intelka-shop.ru/proizvoditeli/delta/?section=19#
DVP24ES200T - Промышленный контроллер PLC (ПЛК), 16DI/8DO;DVP24ES200T;;Под заказ;https://intelka-shop.ru/proizvoditeli/delta/?section=19#
DVP24ES200R - Промышленный контроллер PLC (ПЛК), 16DI/8DO;DVP24ES200R;;Под заказ;https://intelka-shop.ru/proizvoditeli/delta/?section=19#
DVP20EX200T - Промышленный контроллер PLC (ПЛК), 8DI/6DO;DVP20EX200T;;Под заказ;https://intelka-shop.ru/proizvoditeli/delta/?section=19#
DVP20EX200R - Промышленный контроллер PLC (ПЛК), 8DI/6DO;DVP20EX200R;;Под заказ;https://intelka-shop.ru/proizvoditeli/delta/?section=19#
DVP20ES200TE - Промышленный контроллер PLC (ПЛК);DVP20ES200TE;;Под заказ;https://intelka-shop.ru/proizvoditeli/delta/?section=19#
DVP20ES200RE - Промышленный контроллер PLC (ПЛК);DVP20ES200RE;;Под заказ;https://intelka-shop.ru/proizvoditeli/delta/?section=19#
DVP16ES200T - Промышленный контроллер PLC (ПЛК), 8DI/8DO;DVP16ES200T;;Под заказ;https://intelka-shop.ru/proizvoditeli/delta/?section=19#
DVP16ES200R - Промышленный контроллер PLC (ПЛК), 8DI/8DO;DVP16ES200R;;Под заказ;https://intelka-shop.ru/proizvoditeli/delta/?section=19#
DVP60EC00T3 - Промышленный контроллер PLC (ПЛК);DVP60EC00T3;;Под заказ;https://intelka-shop.ru/proizvoditeli/delta/?section=19#
DVP60EC00R3 - Промышленный контроллер PLC (ПЛК), 36DI/24DO;DVP60EC00R3;;Под заказ;https://intelka-shop.ru/proizvoditeli/delta/?section=19#
DVP48EC00T3 - Промышленный контроллер PLC (ПЛК), 28DI/20DO;DVP48EC00T3;;Под заказ;https://intelka-shop.ru/proizvoditeli/delta/?section=19#
DVP48EC00R3 - Промышленный контроллер PLC (ПЛК), 28DI/20DO;DVP48EC00R3;;Под заказ;https://intelka-shop.ru/proizvoditeli/delta/?section=19#
DVP40EC00T3 - Промышленный контроллер PLC (ПЛК);DVP40EC00T3;;Под заказ;https://intelka-shop.ru/proizvoditeli/delta/?section=19#
DVP40EC00S2 - Промышленный контроллер PLC (ПЛК);DVP40EC00S2;;Под заказ;https://intelka-shop.ru/proizvoditeli/delta/?section=19#
DVP40EC00R3 - Промышленный контроллер PLC (ПЛК);DVP40EC00R3;;Под заказ;https://intelka-shop.ru/proizvoditeli/delta/?section=19#
DVP32EC00T3 - Промышленный контроллер PLC (ПЛК), 16DI/16DO;DVP32EC00T3;;Под заказ;https://intelka-shop.ru/proizvoditeli/delta/?section=19#
DVP32EC00R3 - Промышленный контроллер PLC (ПЛК), 16DI/16DO;DVP32EC00R3;;Под заказ;https://intelka-shop.ru/proizvoditeli/delta/?section=19#
DVP30EC00T3 - Промышленный контроллер PLC (ПЛК);DVP30EC00T3;;Под заказ;https://intelka-shop.ru/proizvoditeli/delta/?section=19#
DVP30EC00R3 - Промышленный контроллер PLC (ПЛК);DVP30EC00R3;;Под заказ;https://intelka-shop.ru/proizvoditeli/delta/?section=19#
DVP24EC00T3 - Промышленный контроллер PLC (ПЛК);DVP24EC00T3;;Под заказ;https://intelka-shop.ru/proizvoditeli/delta/?section=19#
DVP24EC00R3 - Промышленный контроллер PLC (ПЛК);DVP24EC00R3;;Под заказ;https://intelka-shop.ru/proizvoditeli/delta/?section=19#
DVP20EC00T3 - Промышленный контроллер PLC (ПЛК);DVP20EC00T3;;Под заказ;https://intelka-shop.ru/proizvoditeli/delta/?section=19#
DVP20EC00R3 - Промышленный контроллер PLC (ПЛК);DVP20EC00R3;;Под заказ;https://intelka-shop.ru/proizvoditeli/delta/?section=19#
DVP16EC00T3 - Промышленный контроллер PLC (ПЛК), 8DI/8DO;DVP16EC00T3;;Под заказ;https://intelka-shop.ru/proizvoditeli/delta/?section=19#
DVP16EC00R3 - Промышленный контроллер PLC (ПЛК), 8DI/8DO;DVP16EC00R3;;Под заказ;https://intelka-shop.ru/proizvoditeli/delta/?section=19#
DVP14EC00T3 - Промышленный контроллер PLC (ПЛК), 8DI/6DO;DVP14EC00T3;;Под заказ;https://intelka-shop.ru/proizvoditeli/delta/?section=19#
DVP14EC00R3 - Промышленный контроллер PLC (ПЛК), 8DI/6DO;DVP14EC00R3;;Под заказ;https://intelka-shop.ru/proizvoditeli/delta/?section=19#
DVP10EC00T3 - Промышленный контроллер PLC (ПЛК), 6DI/4DO;DVP10EC00T3;;Под заказ;https://intelka-shop.ru/proizvoditeli/delta/?section=19#
DVP10EC00R3 - Промышленный контроллер PLC (ПЛК), 6DI/4DO;DVP10EC00R3;;Под заказ;https://intelka-shop.ru/proizvoditeli/delta/?section=19#
UC-ET010-24D - Экранированный кабель 1 м с разъемами IDC 40p – 2х20p;UC-ET010-24D;;Под заказ;https://intelka-shop.ru/proizvoditeli/delta/?section=19#
UB-10-IO32D - Клеммный модуль встроенных каналов ввода/вывода для ЦПУ AS300;UB-10-IO32D;UB-10-IO32D;В наличии;https://intelka-shop.ru/proizvoditeli/delta/?section=19#
UB-10-ID16A - Клеммный модуль для ЦПУ AS300;UB-10-ID16A;;В наличии;https://intelka-shop.ru/proizvoditeli/delta/?section=19#
AS00SCM-A - Локальный/удалённый модуль дополнительных портов RS232/485/422, RTU CANopen;AS00SCM-A;AS00SCM-A;В наличии;https://intelka-shop.ru/proizvoditeli/delta/?section=19#
AS01DNET-A - Модуль расширения DeviceNet;AS01DNET-A;;Под заказ;https://intelka-shop.ru/proizvoditeli/delta/?section=19#
AS04PU-A - Модуль позиционирования для ПЛК AS, 6 DI 24 VDC, 4 оси A/B 5-24 VDC 100 кГц;AS04PU-A;;Под заказ;https://intelka-shop.ru/proizvoditeli/delta/?section=19#
AS02PU-A - Модуль позиционирования для ПЛК AS,1 вход A+/A-, B+/B-, Z+/Z- 5-24 VDC 200 кГц;AS02PU-A;;Под заказ;https://intelka-shop.ru/proizvoditeli/delta/?section=19#
DT360LA-R200 - Температурный контроллер 96x96 мм, аналоговый выход (0...10 В), питание 80-260 В AC;DT360LA-R200;;Под заказ;https://intelka-shop.ru/proizvoditeli/delta/?section=19#
DT360LA - Температурный контроллер 96x96 мм, аналоговый выход (0...10 В), питание 80-260 В AC;DT360LA;;Под заказ;https://intelka-shop.ru/proizvoditeli/delta/?section=19#
DT360CD-0200 - Температурный контроллер 96x96 мм, аналоговый выход (4…20 мА), питание 24 В DC;DT360CD-0200;;Под заказ;https://intelka-shop.ru/proizvoditeli/delta/?section=19#
DT360CA-V220 - Температурный контроллер 96x96 мм, аналоговый выход (4…20 мА), питание 80-260 В AC;DT360CA-V220;;Под заказ;https://intelka-shop.ru/proizvoditeli/delta/?section=19#
DT360CA-V211 - Температурный контроллер 96x96 мм, аналоговый выход (4…20 мА), питание 80-260 В AC;DT360CA-V211;;Под заказ;https://intelka-shop.ru/proizvoditeli/delta/?section=19#
DT360CA-V200 - Температурный контроллер 96x96 мм, аналоговый выход (4…20 мА), питание 80-260 В AC;DT360CA-V200;;Под заказ;https://intelka-shop.ru/proizvoditeli/delta/?section=19#
DT360CA-R220 - Температурный контроллер 96x96 мм, аналоговый выход (4…20 мА), питание 80-260 В AC;DT360CA-R220;;Под заказ;https://intelka-shop.ru/proizvoditeli/delta/?section=19#
DT360CA-R211 - Температурный контроллер 96x96 мм, аналоговый выход (4…20 мА), питание 80-260 В AC;DT360CA-R211;;Под заказ;https://intelka-shop.ru/proizvoditeli/delta/?section=19#
DT360CA-R200 - Температурный контроллер 96x96 мм, аналоговый выход (4…20 мА), питание 80-260 В AC;DT360CA-R200;;Под заказ;https://intelka-shop.ru/proizvoditeli/delta/?section=19#
DT360CA-0200 - Температурный контроллер 96x96 мм, аналоговый выход (4…20 мА), питание 80-260 В AC;DT360CA-0200;;Под заказ;https://intelka-shop.ru/proizvoditeli/delta/?section=19#
DT360CA - Температурный контроллер 96x96 мм, аналоговый выход (4…20 мА), питание 80-260 В AC;DT360CA;;Под заказ;https://intelka-shop.ru/proizvoditeli/delta/?section=19#
DT340VD-0200 - Температурный контроллер 48x96 мм, импульсное напряжение (12 В) на выходе;DT340VD-0200;;Под заказ;https://intelka-shop.ru/proizvoditeli/delta/?section=19#
DT340VA-V220 - Температурный контроллер 48x96 мм, два выхода импульсного напряжения (12 В);DT340VA-V220;;Под заказ;https://intelka-shop.ru/proizvoditeli/delta/?section=19#
DT340VA-V211 - Температурный контроллер 48x96 мм, два выхода импульсного напряжения (12 В);DT340VA-V211;;Под заказ;https://intelka-shop.ru/proizvoditeli/delta/?section=19#
DT340VA-V200 - Температурный контроллер 48x96 мм, два выхода импульсного напряжения (12 В);DT340VA-V200;;Под заказ;https://intelka-shop.ru/proizvoditeli/delta/?section=19#
DT340VA-R220 - Температурный контроллер 48x96 мм, импульсное напряжение (12 В) на выходе;DT340VA-R220;;Под заказ;https://intelka-shop.ru/proizvoditeli/delta/?section=19#
DT340VA-R211 - Температурный контроллер 48x96 мм, импульсное напряжение (12 В) на выходе;DT340VA-R211;;Под заказ;https://intelka-shop.ru/proizvoditeli/delta/?section=19#
DT340VA-R200 - Температурный контроллер 48x96 мм, импульсное напряжение (12 В) на выходе;DT340VA-R200;;Под заказ;https://intelka-shop.ru/proizvoditeli/delta/?section=19#
DT340VA-0200 - Температурный контроллер 48x96 мм, импульсное напряжение (12 В) на выходе;DT340VA-0200;;Под заказ;https://intelka-shop.ru/proizvoditeli/delta/?section=19#
DT340VA - Температурный контроллер 48x96 мм, импульсное напряжение (12 В) на выходе;DT340VA;;Под заказ;https://intelka-shop.ru/proizvoditeli/delta/?section=19#
DT340RD-0200 - Температурный контроллер 48x96 мм, релейный выход, питание 24 В DC;DT340RD-0200;;Под заказ;https://intelka-shop.ru/proizvoditeli/delta/?section=19#
DT360LA-0200 - Температурный контроллер 96x96 мм, аналоговый выход (0...10 В), питание 80-260 В AC;DT360LA-0200;;Под заказ;https://intelka-shop.ru/proizvoditeli/delta/?section=19#
DT340RA-R220 - Температурный контроллер 48x96 мм, два релейных выхода, питание 80-260 В AC;DT340RA-R220;;Под заказ;https://intelka-shop.ru/proizvoditeli/delta/?section=19#
DT340RA-R211 - Температурный контроллер 48x96 мм, два релейных выхода, питание 80-260 В AC;DT340RA-R211;;Под заказ;https://intelka-shop.ru/proizvoditeli/delta/?section=19#
DT340RA-R200 - Температурный контроллер 48x96 мм, два релейных выхода, питание 80-260 В AC;DT340RA-R200;;Под заказ;https://intelka-shop.ru/proizvoditeli/delta/?section=19#
DT340RA-0200 - Температурный контроллер 48x96 мм, релейный выход, питание 80-260 В AC;DT340RA-0200;;Под заказ;https://intelka-shop.ru/proizvoditeli/delta/?section=19#
DT340LD-0200 - Температурный контроллер 48x96 мм, аналоговый выход (0...10 В), питание 24 В DC;DT340LD-0200;;Под заказ;https://intelka-shop.ru/proizvoditeli/delta/?section=19#
DT340LA-V220 - Температурный контроллер 48x96 мм, аналоговый выход (0...10 В), питание 80-260 В AC;DT340LA-V220;;Под заказ;https://intelka-shop.ru/proizvoditeli/delta/?section=19#
DT340RA - Температурный контроллер 48x96 мм, релейный выход, питание 80-260 В AC;DT340RA;;Под заказ;https://intelka-shop.ru/proizvoditeli/delta/?section=19#
DT340LA-V211 - Температурный контроллер 48x96 мм, аналоговый выход (0...10 В), питание 80-260 В AC;DT340LA-V211;;Под заказ;https://intelka-shop.ru/proizvoditeli/delta/?section=19#
DT340LA-V200 - Температурный контроллер 48x96 мм, аналоговый выход (0...10 В), питание 80-260 В AC;DT340LA-V200;;Под заказ;https://intelka-shop.ru/proizvoditeli/delta/?section=19#
DT340LA-R220 - Температурный контроллер 48x96 мм, аналоговый выход (0...10 В), питание 80-260 В AC;DT340LA-R220;;Под заказ;https://intelka-shop.ru/proizvoditeli/delta/?section=19#
DT340LA-R200 - Температурный контроллер 48x96 мм, аналоговый выход (0...10 В), питание 80-260 В AC;DT340LA-R200;;Под заказ;https://intelka-shop.ru/proizvoditeli/delta/?section=19#
DT340LA-0200 - Температурный контроллер 48x96 мм, аналоговый выход (0...10 В), питание 80-260 В AC;DT340LA-0200;;Под заказ;https://intelka-shop.ru/proizvoditeli/delta/?section=19#
DT340LA - Температурный контроллер 48x96 мм, аналоговый выход (0...10 В), питание 80-260 В AC;DT340LA;;Под заказ;https://intelka-shop.ru/proizvoditeli/delta/?section=19#
DT340CD-0200 - Температурный контроллер 48x96 мм, аналоговый выход (4…20 мА), питание 24 В DC;DT340CD-0200;;Под заказ;https://intelka-shop.ru/proizvoditeli/delta/?section=19#
DT340CA-V220 - Температурный контроллер 48x96 мм, аналоговый выход (4…20 мА), питание 80-260 В AC;DT340CA-V220;;Под заказ;https://intelka-shop.ru/proizvoditeli/delta/?section=19#
DT340CA-V211 - Температурный контроллер 48x96 мм, аналоговый выход (4…20 мА), питание 80-260 В AC;DT340CA-V211;;Под заказ;https://intelka-shop.ru/proizvoditeli/delta/?section=19#
DT340CA-V200 - Температурный контроллер 48x96 мм, аналоговый выход (4…20 мА), питание 80-260 В AC;DT340CA-V200;;Под заказ;https://intelka-shop.ru/proizvoditeli/delta/?section=19#
DT340CA-R220 - Температурный контроллер 48x96 мм, аналоговый выход (4…20 мА), питание 80-260 В AC;DT340CA-R220;;Под заказ;https://intelka-shop.ru/proizvoditeli/delta/?section=19#
DT340CA-R211 - Температурный контроллер 48x96 мм, аналоговый выход (4…20 мА), питание 80-260 В AC;DT340CA-R211;;Под заказ;https://intelka-shop.ru/proizvoditeli/delta/?section=19#
DT340CA-R200 - Температурный контроллер 48x96 мм, аналоговый выход (4…20 мА), питание 80-260 В AC;DT340CA-R200;;Под заказ;https://intelka-shop.ru/proizvoditeli/delta/?section=19#
DT340CA-0200 - Температурный контроллер 48x96 мм, аналоговый выход (4…20 мА), питание 80-260 В AC;DT340CA-0200;;Под заказ;https://intelka-shop.ru/proizvoditeli/delta/?section=19#
DT340CA - Температурный контроллер 48x96 мм, аналоговый выход (4…20 мА), питание 80-260 В AC;DT340CA;;Под заказ;https://intelka-shop.ru/proizvoditeli/delta/?section=19#
DT330VA-0200 - Температурный контроллер 72x72 мм, импульсное напряжение (12 В) на выходе;DT330VA-0200;;Под заказ;https://intelka-shop.ru/proizvoditeli/delta/?section=19#
"DT330VA 72x72мм, импульсное напряжение (12В) на выходе, питание 80-260В AC; нерасширяемый";DT330VA;;Под заказ;https://intelka-shop.ru/proizvoditeli/delta/?section=19#
DT330VA - Температурный контроллер 72x72 мм, импульсное напряжение (12 В) на выходе;DT330VA;;Под заказ;https://intelka-shop.ru/proizvoditeli/delta/?section=19#
DT330RA-0200 - Температурный контроллер 72x72 мм, релейный выход;DT330RA-0200;;Под заказ;https://intelka-shop.ru/proizvoditeli/delta/?section=19#
DT330RA - Температурный контроллер 72x72 мм, релейный выход;DT330RA;;Под заказ;https://intelka-shop.ru/proizvoditeli/delta/?section=19#
DT330LA-0200 - Температурный контроллер 72x72 мм, аналоговый выход (0...10 В);DT330LA-0200;;Под заказ;https://intelka-shop.ru/proizvoditeli/delta/?section=19#
DT340LA-R211 - Температурный контроллер 48x96 мм, аналоговый выход (0...10 В), питание 80-260 В AC;DT340LA-R211;;Под заказ;https://intelka-shop.ru/proizvoditeli/delta/?section=19#
DT330LA - Температурный контроллер 72x72 мм, аналоговый выход (0...10 В);DT330LA;;Под заказ;https://intelka-shop.ru/proizvoditeli/delta/?section=19#
DT330CA-0200 - Температурный контроллер 72x72 мм, аналоговый выход (4…20 мА);DT330CA-0200;;Под заказ;https://intelka-shop.ru/proizvoditeli/delta/?section=19#
DT330CA - Температурный контроллер 72x72 мм, аналоговый выход (4…20 мА);DT330CA;;Под заказ;https://intelka-shop.ru/proizvoditeli/delta/?section=19#
DT320VD-R200 - Температурный контроллер 48x48 мм, импульсное напряжение (12 В) на выходе;DT320VD-R200;;Под заказ;https://intelka-shop.ru/proizvoditeli/delta/?section=19#
DT320VD-0200 - Температурный контроллер 48x48 мм, импульсное напряжение (12 В) на выходе;DT320VD-0200;;Под заказ;https://intelka-shop.ru/proizvoditeli/delta/?section=19#
DT320VA-R220 - Температурный контроллер 48x48 мм, импульсное напряжение (12 В) на выходе;DT320VA-R220;;Под заказ;https://intelka-shop.ru/proizvoditeli/delta/?section=19#
DT320VA-R211 - Температурный контроллер 48x48 мм, импульсное напряжение (12 В) на выходе;DT320VA-R211;;Под заказ;https://intelka-shop.ru/proizvoditeli/delta/?section=19#
DT320VA-R200 - Температурный контроллер 48x48 мм, импульсное напряжение (12 В) на выходе;DT320VA-R200;;Под заказ;https://intelka-shop.ru/proizvoditeli/delta/?section=19#
DT320VA-0200 - Температурный контроллер 48x48 мм, импульсное напряжение (12 В) на выходе;DT320VA-0200;;Под заказ;https://intelka-shop.ru/proizvoditeli/delta/?section=19#
DT320VA - Температурный контроллер 48x48 мм, импульсное напряжение (12 В) на выходе;DT320VA;;Под заказ;https://intelka-shop.ru/proizvoditeli/delta/?section=19#
DT320RD-0200 - Температурный контроллер 48x48 мм, релейный выход, питание 24 В DC;DT320RD-0200;;Под заказ;https://intelka-shop.ru/proizvoditeli/delta/?section=19#
DT320RA-R220 - Температурный контроллер 48x48 мм, два релейных выхода, питание 80-260 В AC;DT320RA-R220;;Под заказ;https://intelka-shop.ru/proizvoditeli/delta/?section=19#
DT320RA-R211 - Температурный контроллер 48x48 мм, два релейных выхода, питание 80-260 В AC;DT320RA-R211;;Под заказ;https://intelka-shop.ru/proizvoditeli/delta/?section=19#
DT320RA-R200 - Температурный контроллер 48x48 мм, два релейных выхода, питание 80-260 В AC;DT320RA-R200;;Под заказ;https://intelka-shop.ru/proizvoditeli/delta/?section=19#
DT320RA-0200 - Температурный контроллер 48x48 мм, релейный выход, питание 80-260 В AC;DT320RA-0200;;Под заказ;https://intelka-shop.ru/proizvoditeli/delta/?section=19#
DT320RA - Температурный контроллер 48x48 мм, релейный выход, питание 80-260 В AC;DT320RA;;Под заказ;https://intelka-shop.ru/proizvoditeli/delta/?section=19#
DT320LD-0200 - Температурный контроллер 48x48 мм, аналоговый выход (0...10В), питание 24 В DC;DT320LD-0200;;Под заказ;https://intelka-shop.ru/proizvoditeli/delta/?section=19#
DT320LA-V200 - Температурный контроллер 48x48 мм, аналоговый выход (0...10В), питание 80-260 В AC;DT320LA-V200;;Под заказ;https://intelka-shop.ru/proizvoditeli/delta/?section=19#
DT320LA-R220 - Температурный контроллер 48x48 мм, аналоговый выход (0...10В), питание 80-260 В AC;DT320LA-R220;;Под заказ;https://intelka-shop.ru/proizvoditeli/delta/?section=19#
DVP08XP211T - Модуль дискретных входов/выходов: 4DI/4DO, Transistor, 24V DC Power;DVP08XP211T;DVP08XP211T;В наличии;https://intelka-shop.ru/proizvoditeli/delta/?section=19#
DVP08XP211R - Модуль дискретных входов/выходов: 4DI/4DO, Relay, 24V DC Power;DVP08XP211R;;Под заказ;https://intelka-shop.ru/proizvoditeli/delta/?section=19#
DVP08XN211T - Модуль дискретных выходов: 8DO, Transistor, 24V DC Power;DVP08XN211T;;Под заказ;https://intelka-shop.ru/proizvoditeli/delta/?section=19#
DVP08XN211R - Модуль дискретных выходов: 8DO, Relay, 24V DC Power;DVP08XN211R;;Под заказ;https://intelka-shop.ru/proizvoditeli/delta/?section=19#
DVP08XM211N - Модуль дискретных входов: 8DI, 24V DC Power;DVP08XM211N;DVP08XM211N;В наличии;https://intelka-shop.ru/proizvoditeli/delta/?section=19#
DVP06XA-E2 - Модуль аналогового ввода/вывода: 4AI/2AO, 14bit, 24V DC Power;DVP06XA-E2;;Под заказ;https://intelka-shop.ru/proizvoditeli/delta/?section=19#
DVP04TC-E2 - Температурный модуль: 4 Point of Thermocouple (K/J/R/S/T/E/N), 16bit (0.1 °C), 24V DC;DVP04TC-E2;;Под заказ;https://intelka-shop.ru/proizvoditeli/delta/?section=19#
DVP04PT-E2 - Температурный модуль: 4 Point RTD (PT100/ NI100/ PT1000/ NI1000), 16bit (0.1 °C), 24V;DVP04PT-E2;;Под заказ;https://intelka-shop.ru/proizvoditeli/delta/?section=19#
DVP04DA-E2 - Модуль аналогового вывода: 4AO, 14bit, 24V DC Power;DVP04DA-E2;;Под заказ;https://intelka-shop.ru/proizvoditeli/delta/?section=19#
DVP04AD-E2 - Модуль аналогового ввода: 4AI, 14bit, 24V DC Power;DVP04AD-E2;;Под заказ;https://intelka-shop.ru/proizvoditeli/delta/?section=19#
DVP02DA-E2 - Модуль аналогового вывода: 2AO, 14bit, 24V DC Power;DVP02DA-E2;;Под заказ;https://intelka-shop.ru/proizvoditeli/delta/?section=19#
DVPDNET-SL - Коммуникационный модуль DeviceNet Master;DVPDNET-SL;;В наличии;https://intelka-shop.ru/proizvoditeli/delta/?section=19#
DVPSCM52-SL - Модуль дополнительных COM портов, поддержка Modbus, BACnet (slave);DVPSCM52-SL;;Под заказ;https://intelka-shop.ru/proizvoditeli/delta/?section=19#
DVPSCM12-SL - Модуль дополнительных COM портов, поддержка Modbus;DVPSCM12-SL;DVPSCM12-SL;В наличии;https://intelka-shop.ru/proizvoditeli/delta/?section=19#
DVPPF02-SL - Коммуникационный модуль Profibus DP;DVPPF02-SL;;В наличии;https://intelka-shop.ru/proizvoditeli/delta/?section=19#
DVPEN01-SL - Коммуникационный модуль Ethernet;DVPEN01-SL;DVPEN01-SL;В наличии;https://intelka-shop.ru/proizvoditeli/delta/?section=19#
DVPCOPM-SL - Коммуникационный модуль CANOpen Master;DVPCOPM-SL;;Под заказ;https://intelka-shop.ru/proizvoditeli/delta/?section=19#
DVP211LC-SL - Модуль тензодатчиков, 1 канал, 24 бит, встроенные 2DI / 4DO / 1AO, RS-486;DVP211LC-SL;;Под заказ;https://intelka-shop.ru/proizvoditeli/delta/?section=19#
DVP202LC-SL - Модуль тензодатчиков, 2 канала, 24 бит, RS-485;DVP202LC-SL;DVP202LC-SL;Под заказ;https://intelka-shop.ru/proizvoditeli/delta/?section=19#
DVP201LC-SL - Модуль тензодатчиков, 1 канал, 24 бит, RS-485;DVP201LC-SL;DVP201LC-SL;В наличии;https://intelka-shop.ru/proizvoditeli/delta/?section=19#
DVP04DA-SL - Модуль аналоговых выходов, 4 выхода, 16 бит;DVP04DA-SL;DVP04DA-SL;В наличии;https://intelka-shop.ru/proizvoditeli/delta/?section=19#
DVP04AD-SL - Модуль аналоговых входов, 4 входа, 16 бит, аварийный выход;DVP04AD-SL;DVP04AD-SL;В наличии;https://intelka-shop.ru/proizvoditeli/delta/?section=19#
DVP02LC-SL - Модуль тензодатчиков, 2 канала, 24 бит, RS-485;DVP02LC-SL;;Под заказ;https://intelka-shop.ru/proizvoditeli/delta/?section=19#
DVP01LC-SL - Модуль тензодатчиков, 1 канал, 24 бит, RS-485;DVP01LC-SL;;Под заказ;https://intelka-shop.ru/proizvoditeli/delta/?section=19#
DVP08NTC-S - Температурный модуль для DVP-SS2/SX2/SE/SA на 8 термисторов NTC 10K/20K/30K/100K;DVP08NTC-S;;Под заказ;https://intelka-shop.ru/proizvoditeli/delta/?section=19#
DVPPF01-S - Коммуникационный модуль Profibus/DP Slave;DVPPF01-S;;Под заказ;https://intelka-shop.ru/proizvoditeli/delta/?section=19#
DVPDT01-S - Коммуникационный модуль DeviceNet Slave;DVPDT01-S;;Под заказ;https://intelka-shop.ru/proizvoditeli/delta/?section=19#
DVP32SN11TN - Модуль дискретных выходов: 32DO (Transistor NPN), 24V DC Power, SLIM;DVP32SN11TN;DVP32SN11TN;В наличии;https://intelka-shop.ru/proizvoditeli/delta/?section=19#
DVP32SM11N - Модуль дискретных входов: 32DI, 24V DC Power, SLIM;DVP32SM11N;DVP32SM11N;В наличии;https://intelka-shop.ru/proizvoditeli/delta/?section=19#
DVP16SP11TS - Модуль дискретных входов/выходов: 16 Point, 8DI, 8DO (Transistor PNP), 24V DC Power;DVP16SP11TS;DVP16SP11TS;Под заказ;https://intelka-shop.ru/proizvoditeli/delta/?section=19#
DVP16SP11T - Модуль дискретных входов/выходов: 8DI/8DO (Transistor), 24V DC Power, SLIM;DVP16SP11T;DVP16SP11T;Под заказ;https://intelka-shop.ru/proizvoditeli/delta/?section=19#
DVP16SP11R - Модуль дискретных входов/выходов: 8DI/8DO (Relay), 24V DC Power, SLIM;DVP16SP11R;DVP16SP11R;В наличии;https://intelka-shop.ru/proizvoditeli/delta/?section=19#
DVP16SN11TS - Модуль расширения 16 Point, 16DO, 24V DC Power, SLIM;DVP16SN11TS;;Под заказ;https://intelka-shop.ru/proizvoditeli/delta/?section=19#
DVP16SN11T - Модуль дискретных выходов: 16 Point, 16DO (Transistor NPN), 24V DC Power, SLIM;DVP16SN11T;;В наличии;https://intelka-shop.ru/proizvoditeli/delta/?section=19#
DVP16SM11N - Модуль дискретных входов: 16DI, 24V DC Power, SLIM;DVP16SM11N;DVP16SM11N;В наличии;https://intelka-shop.ru/proizvoditeli/delta/?section=19#
DVP08ST11N - Модуль дискретных входов: 8DI (Switch-Type), 24V DC Power, SLIM;DVP08ST11N;DVP08ST11N;В наличии;https://intelka-shop.ru/proizvoditeli/delta/?section=19#
DVP08SP11TS - Модуль дискретных входов/выходов 8 Point, 4DI, 4DO, 24V DC Power, SLIM;DVP08SP11TS;;Под заказ;https://intelka-shop.ru/proizvoditeli/delta/?section=19#
DVP08SP11T - Модуль дискретных входов/выходов: 4DI/4DO (Transistor), 24V DC Power, SLIM;DVP08SP11T;;Под заказ;https://intelka-shop.ru/proizvoditeli/delta/?section=19#
DVP08SP11R - Модуль дискретных входов: 4DI, 4DO (Relay), 24V DC Power, SLIM;DVP08SP11R;;В наличии;https://intelka-shop.ru/proizvoditeli/delta/?section=19#
DVP08SN11T - Модуль дискретных выходов: 8 Point, 8DO (Transistor NPN), 24V DC Power, SLIM;DVP08SN11T;;Под заказ;https://intelka-shop.ru/proizvoditeli/delta/?section=19#
DVP08SN11R - Модуль дискретных выходов: 8DO (Relay), 24V DC Power, SLIM;DVP08SN11R;DVP08SN11R;В наличии;https://intelka-shop.ru/proizvoditeli/delta/?section=19#
DVP08SM11N - Модуль дискретных входов: 8DI, 24V DC Power, SLIM;DVP08SM11N;DVP08SM11N;В наличии;https://intelka-shop.ru/proizvoditeli/delta/?section=19#
DVP08SM10N - Модуль дискретных входов: 8DI, 120V AC Power, SLIM;DVP08SM10N;;Под заказ;https://intelka-shop.ru/proizvoditeli/delta/?section=19#
DVP06XA-S2 - Модуль аналогового входа 4AI, 2 Route AO,12bit, 24V DC Power, RS485;DVP06XA-S2;DVP06XA-S2;В наличии;https://intelka-shop.ru/proizvoditeli/delta/?section=19#
DVP06XA-S - Модуль аналогового ввода/вывода: 4AI/2AO, 12bit, 24V DC Power, with RS485, SLIM;DVP06XA-S;;Под заказ;https://intelka-shop.ru/proizvoditeli/delta/?section=19#
DVP06SN11R - Модуль дискретных выходов: 6DO (Relay), 24V DC Power, SLIM;DVP06SN11R;;Под заказ;https://intelka-shop.ru/proizvoditeli/delta/?section=19#
DVP06PT-S - Модуль измерения температуры;DVP06PT-S;DVP06PT-S;В наличии;https://intelka-shop.ru/proizvoditeli/delta/?section=19#
DVP06AD-S - Модуль аналогового ввода: 6AI, 14bit, 24V DC Power, SLIM;DVP06AD-S;DVP06AD-S;В наличии;https://intelka-shop.ru/proizvoditeli/delta/?section=19#
DVP04TC-S - Модуль измерения температуры;DVP04TC-S;;В наличии;https://intelka-shop.ru/proizvoditeli/delta/?section=19#
DVP04PT-S - Модуль измерения температуры;DVP04PT-S;DVP04PT-S;В наличии;https://intelka-shop.ru/proizvoditeli/delta/?section=19#
DVP04DA-S - Модуль аналогового вывода: 4AO, 12bit, 24V DC , with RS485, SLIM;DVP04DA-S;DVP04DA-S;Под заказ;https://intelka-shop.ru/proizvoditeli/delta/?section=19#
DVP04AD-S2 - Модуль аналогово ввода 4AI, 14bit, 24V DC Power, RS485, повышенная помехозащищенность;DVP04AD-S2;DVP04AD-S2;В наличии;https://intelka-shop.ru/proizvoditeli/delta/?section=19#
DVP04AD-S - Модуль аналогового ввода: 4AI, 14bit, 24V DC Power, with RS485, SLIM;DVP04AD-S;DVP04AD-S;Под заказ;https://intelka-shop.ru/proizvoditeli/delta/?section=19#
DVP02TUR-S - Универсальный модуль аналоговых входов-регулятор, 2 канала, 16 бит;DVP02TUR-S;;Под заказ;https://intelka-shop.ru/proizvoditeli/delta/?section=19#
DVP02TUN-S - Универсальный модуль аналоговых входов-регулятор, 2 канала, 16 бит;DVP02TUN-S;;Под заказ;https://intelka-shop.ru/proizvoditeli/delta/?section=19#
DVP02TUL-S - Универсальный модуль аналоговых входов-регулятор, 2 канала, 16 бит;DVP02TUL-S;;Под заказ;https://intelka-shop.ru/proizvoditeli/delta/?section=19#
DVP02DA-S - Модуль аналогового вывода: 2AO, 12bit, 24V DC , with RS485, SLIM;DVP02DA-S;DVP02DA-S;В наличии;https://intelka-shop.ru/proizvoditeli/delta/?section=19#
DVP01PU-S - Модуль позиционирования (1 shift), max pulse: 200KPPS;DVP01PU-S;;Под заказ;https://intelka-shop.ru/proizvoditeli/delta/?section=19#
UC-ET010-33B - Кабель соединительный с разъемами DB37, 1 м (аналог DVPACAB7C10);UC-ET010-33B;;Под заказ;https://intelka-shop.ru/proizvoditeli/delta/?section=19#
UC-ET010-15B - Кабель соединительный для AH10PM/AH15PM, длина 1 м (аналог DVPACAB7E10);UC-ET010-15B;;Под заказ;https://intelka-shop.ru/proizvoditeli/delta/?section=19#
UC-ET010-13B - Кабель соединительный для AH04HC-5A и AH20MC-5, 1 м (аналог DVPACAB7D10);UC-ET010-13B;;Под заказ;https://intelka-shop.ru/proizvoditeli/delta/?section=19#
HASP-20-OPC01 - Лицензионный ключ (USB) для OPC-сервера Delta;HASP-20-OPC01;;Под заказ;https://intelka-shop.ru/proizvoditeli/delta/?section=19#
FMC-SD001G - MicroSD карта на 1 Гб;FMC-SD001G;;Под заказ;https://intelka-shop.ru/proizvoditeli/delta/?section=19#
DVPAETB-OT32B - Клеммный интерфейсный модуль на ДИН-рейку с разъёмом DB37;DVPAETB-OT32B;;Под заказ;https://intelka-shop.ru/proizvoditeli/delta/?section=19#
DVPAETB-OT32A - Клеммный интерфейсный модуль на ДИН-рейку с разъёмом IDC-40 для DVP32SN11TN;DVPAETB-OT32A;;Под заказ;https://intelka-shop.ru/proizvoditeli/delta/?section=19#
DVPAETB-OR32B - Клеммный интерфейсный модуль на ДИН-рейку с разъёмом DB37 для AH32AN02P-5B;DVPAETB-OR32B;;Под заказ;https://intelka-shop.ru/proizvoditeli/delta/?section=19#
DVPAETB-OR32A - Клеммный интерфейсный модуль на ДИН-рейку с разъёмом DB37 для AH32AN02T-5B;DVPAETB-OR32A;;Под заказ;https://intelka-shop.ru/proizvoditeli/delta/?section=19#
DVPAETB-OR16B - Клеммный интерфейсный модуль на ДИН-рейку с разъёмом;DVPAETB-OR16B;;Под заказ;https://intelka-shop.ru/proizvoditeli/delta/?section=19#
DVPAETB-IO34C - Клеммный интерфейсный модуль на ДИН-рейку для AH15PM-5A;DVPAETB-IO34C;;Под заказ;https://intelka-shop.ru/proizvoditeli/delta/?section=19#
DVPAETB-IO24C - Клеммный интерфейсный модуль на ДИН-рейку для AH10PM-5A;DVPAETB-IO24C;;Под заказ;https://intelka-shop.ru/proizvoditeli/delta/?section=19#
DVPAETB-IO16C - Клеммный интерфейсный модуль на ДИН-рейку для AH04HC-5A и AH20MC-5;DVPAETB-IO16C;;Под заказ;https://intelka-shop.ru/proizvoditeli/delta/?section=19#
DVPAETB-ID32B - Клеммный интерфейсный модуль на ДИН-рейку с разъёмом DB37 для AH32AM10N-5B;DVPAETB-ID32B;;Под заказ;https://intelka-shop.ru/proizvoditeli/delta/?section=19#
DVPACAB7E10 - Кабель соединительный для AH10PM-5A, длина 1 м;DVPACAB7E10;;Под заказ;https://intelka-shop.ru/proizvoditeli/delta/?section=19#
DVPACAB7D10 - Кабель соединительный для AH04HC-5A и AH20MC-5, длина 1 м;DVPACAB7D10;;Под заказ;https://intelka-shop.ru/proizvoditeli/delta/?section=19#
DVPACAB7C10 - Кабель соединительный с разъемами DB37, длина 1 м;DVPACAB7C10;;Под заказ;https://intelka-shop.ru/proizvoditeli/delta/?section=19#
AHBP12M1-5A - Базовая несущая рама под CPU/RTU и модули на 12 слотов;AHBP12M1-5A;;Под заказ;https://intelka-shop.ru/proizvoditeli/delta/?section=19#
AHBP08M1-5A - Базовая несущая рама под CPU/RTU и модули на 8 слотов;AHBP08M1-5A;;Под заказ;https://intelka-shop.ru/proizvoditeli/delta/?section=19#
YBACL-5A-EISA-2.8mH - Сетевой дроссель (алюминий): для ПЧ 2,2кВт, 5А, 2,8мГн;YBACL-5A-EISA-2.8mH;;Под заказ;https://intelka-shop.ru/proizvoditeli/delta/?section=19#
YBACL-4A-EISA-3.5mH - Сетевой дроссель (алюминий): для ПЧ 1,5кВт, 4А, 3,5мГн;YBACL-4A-EISA-3.5mH;;Под заказ;https://intelka-shop.ru/proizvoditeli/delta/?section=19#
DT3-V - Дополнительный выход с импульсным напряжением (12В);DT3-V;;Под заказ;https://intelka-shop.ru/proizvoditeli/delta/?section=19#
DT3-RETRANS - Дополнительный выход измерителя текущей температуры;DT3-RETRANS;;Под заказ;https://intelka-shop.ru/proizvoditeli/delta/?section=19#
DT3-REMOTE - Дополнительный вход для удаленного задания уставки;DT3-REMOTE;;Под заказ;https://intelka-shop.ru/proizvoditeli/delta/?section=19#
DT3-R - Дополнительный релейный выход;DT3-R;;Под заказ;https://intelka-shop.ru/proizvoditeli/delta/?section=19#
DT3-L - Дополнительный аналоговый выход (0...10В);DT3-L;;Под заказ;https://intelka-shop.ru/proizvoditeli/delta/?section=19#
DT3-EVENT - Дополнительный вход EVENT;DT3-EVENT;DT3-EVENT;В наличии;https://intelka-shop.ru/proizvoditeli/delta/?section=19#
DT3-CTI - Дополнительный вход CT (трансформатор тока);DT3-CTI;;Под заказ;https://intelka-shop.ru/proizvoditeli/delta/?section=19#
DT3-CT30A - Дополнительный вход CT (трансформатор тока) 30А;DT3-CT30A;;Под заказ;https://intelka-shop.ru/proizvoditeli/delta/?section=19#
DT3-CT100A - Дополнительный вход CT (трансформатор тока) 100А;DT3-CT100A;;Под заказ;https://intelka-shop.ru/proizvoditeli/delta/?section=19#
DT3-C - Дополнительный аналоговый выход (4…20мА);DT3-C;;Под заказ;https://intelka-shop.ru/proizvoditeli/delta/?section=19#
"DTV9696R - Температурный контроллер (96х96 мм, выход 1: реле; выход 2: реле)";DTV9696R;;Под заказ;https://intelka-shop.ru/proizvoditeli/delta/?section=19#
DTV9696C - Температурный контроллер (96х96 мм, выход аналоговый (4…20мА));DTV9696C;;Под заказ;https://intelka-shop.ru/proizvoditeli/delta/?section=19#
"DTV4896R - Температурный контроллер (48х96 мм, выход 1: реле; выход 2: реле)";DTV4896R;;Под заказ;https://intelka-shop.ru/proizvoditeli/delta/?section=19#
DTV4896C - Температурный контроллер (48х96 мм, выход аналоговый (4…20мА));DTV4896C;;Под заказ;https://intelka-shop.ru/proizvoditeli/delta/?section=19#
"DTC2001R/V Модуль расширения; два выхода: реле/напряжение; вход для трансформатора тока (CT)";DTC2001R/V;;Под заказ;https://intelka-shop.ru/proizvoditeli/delta/?section=19#
DTC2000V - Температурный контроллер (модуль расширения, два выхода: SSR);DTC2000V;;Под заказ;https://intelka-shop.ru/proizvoditeli/delta/?section=19#
DTC2000R - Температурный контроллер (модуль расширения, два выхода: реле);DTC2000R;;Под заказ;https://intelka-shop.ru/proizvoditeli/delta/?section=19#
DTC2000L - Температурный контроллер (модуль расширения, два выхода: 0…10В);DTC2000L;;Под заказ;https://intelka-shop.ru/proizvoditeli/delta/?section=19#
"DTC1001R/V Базовый модуль; два выхода: реле/напряжение; вход для трансформатора тока (CT)";DTC1001R/V;;Под заказ;https://intelka-shop.ru/proizvoditeli/delta/?section=19#
DTC1000V - Температурный контроллер (базовый модуль, два выхода: SSR);DTC1000V;DTC1000V;Под заказ;https://intelka-shop.ru/proizvoditeli/delta/?section=19#
DTC1000R - Температурный контроллер (базовый модуль, два выхода: реле);DTC1000R;;Под заказ;https://intelka-shop.ru/proizvoditeli/delta/?section=19#
DTC1000L - Температурный контроллер (базовый модуль, два выхода: 0…10В);DTC1000L;;Под заказ;https://intelka-shop.ru/proizvoditeli/delta/?section=19#
DTC1000C - Температурный контроллер (базовый модуль, два выхода: 4…20мА);DTC1000C;;Под заказ;https://intelka-shop.ru/proizvoditeli/delta/?section=19#
DTC2000C - Температурный контроллер (модуль расширения, два выхода: 4…20мА);DTC2000C;;Под заказ;https://intelka-shop.ru/proizvoditeli/delta/?section=19#
DTK4848V01 - Температурный контроллер, 48x48 мм, импульсное напряжение на выходе, 1 аварийный выход;DTK4848V01;;Под заказ;https://intelka-shop.ru/proizvoditeli/delta/?section=19#
DTK4848R01 - Температурный контроллер, 48x48 мм, релейный выход, 1 аварийный выход;DTK4848R01;;Под заказ;https://intelka-shop.ru/proizvoditeli/delta/?section=19#
DTK4848C01 - Температурный контроллер, 48x48мм, аналоговый выход (4…20мА), 1 аварийный выход;DTK4848C01;;Под заказ;https://intelka-shop.ru/proizvoditeli/delta/?section=19#
DT360VD-0200 - Температурный контроллер 96x96 мм, импульсное напряжение (12 В) на выходе;DT360VD-0200;;Под заказ;https://intelka-shop.ru/proizvoditeli/delta/?section=19#
DT360VA-V220 - Температурный контроллер 96x96 мм, два выхода импульсного напряжения (12 В);DT360VA-V220;;Под заказ;https://intelka-shop.ru/proizvoditeli/delta/?section=19#
DT360VA-V211 - Температурный контроллер 96x96 мм, два выхода импульсного напряжения (12 В);DT360VA-V211;;Под заказ;https://intelka-shop.ru/proizvoditeli/delta/?section=19#
DT360VA-V200 - Температурный контроллер 96x96 мм, два выхода импульсного напряжения (12 В);DT360VA-V200;;Под заказ;https://intelka-shop.ru/proizvoditeli/delta/?section=19#
DT360VA-R220 - Температурный контроллер 96x96 мм, импульсное напряжение (12 В) на выходе;DT360VA-R220;;Под заказ;https://intelka-shop.ru/proizvoditeli/delta/?section=19#
DT360VA-R211 - Температурный контроллер 96x96 мм, импульсное напряжение (12 В) на выходе;DT360VA-R211;;Под заказ;https://intelka-shop.ru/proizvoditeli/delta/?section=19#
DT360VA-R200 - Температурный контроллер 96x96 мм, импульсное напряжение (12 В) на выходе;DT360VA-R200;;Под заказ;https://intelka-shop.ru/proizvoditeli/delta/?section=19#
DT360VA-0200 - Температурный контроллер 96x96 мм, импульсное напряжение (12 В) на выходе;DT360VA-0200;;Под заказ;https://intelka-shop.ru/proizvoditeli/delta/?section=19#
DT360VA - Температурный контроллер 96x96 мм, импульсное напряжение (12 В) на выходе;DT360VA;;Под заказ;https://intelka-shop.ru/proizvoditeli/delta/?section=19#
DT360RD-0200 - Температурный контроллер 96x96 мм, релейный выход, питание 24 В DC;DT360RD-0200;;Под заказ;https://intelka-shop.ru/proizvoditeli/delta/?section=19#
DT360RA-R220 - Температурный контроллер 96x96 мм, два релейных выхода, питание 80-260 В AC;DT360RA-R220;;Под заказ;https://intelka-shop.ru/proizvoditeli/delta/?section=19#
DT360RA-R211 - Температурный контроллер 96x96 мм, два релейных выхода, питание 80-260 В AC;DT360RA-R211;;Под заказ;https://intelka-shop.ru/proizvoditeli/delta/?section=19#
DT360RA-R200 - Температурный контроллер 96x96 мм, два релейных выхода, питание 80-260 В AC;DT360RA-R200;;Под заказ;https://intelka-shop.ru/proizvoditeli/delta/?section=19#
DT360RA-0200 - Температурный контроллер 96x96 мм, релейный выход, питание 80-260В AC;DT360RA-0200;DT360RA-0200;Под заказ;https://intelka-shop.ru/proizvoditeli/delta/?section=19#
DT360RA - Температурный контроллер 96x96 мм, релейный выход, питание 80-260 В AC;DT360RA;;Под заказ;https://intelka-shop.ru/proizvoditeli/delta/?section=19#
DT360LD-0200 - Температурный контроллер 96x96 мм, аналоговый выход (0...10 В), питание 24 В DC;DT360LD-0200;;Под заказ;https://intelka-shop.ru/proizvoditeli/delta/?section=19#
DT360LA-V220 - Температурный контроллер 96x96 мм, аналоговый выход (0...10 В), питание 80-260 В AC;DT360LA-V220;;Под заказ;https://intelka-shop.ru/proizvoditeli/delta/?section=19#
DT360LA-V211 - Температурный контроллер 96x96 мм, аналоговый выход (0...10 В), питание 80-260 В AC;DT360LA-V211;;Под заказ;https://intelka-shop.ru/proizvoditeli/delta/?section=19#
DT360LA-V200 - Температурный контроллер 96x96 мм, аналоговый выход (0...10 В), питание 80-260 В AC;DT360LA-V200;;Под заказ;https://intelka-shop.ru/proizvoditeli/delta/?section=19#
DT360LA-R220 - Температурный контроллер 96x96 мм, аналоговый выход (0...10 В), питание 80-260 В AC;DT360LA-R220;;Под заказ;https://intelka-shop.ru/proizvoditeli/delta/?section=19#
DT360LA-R211 - Температурный контроллер 96x96 мм, аналоговый выход (0...10 В), питание 80-260 В AC;DT360LA-R211;;Под заказ;https://intelka-shop.ru/proizvoditeli/delta/?section=19#
UC-MS030-06A - Кабель связи ПЛК DVP с HMI (RS-232 штекер DB-9 -> mini-DIN), 3 м;UC-MS030-06A;;Под заказ;https://intelka-shop.ru/proizvoditeli/delta/?section=19#
UC-MS030-03A - Кабель связи TP с AH500 (RS-232 штекер DB-9 -> розетка DB-9), 3 м;UC-MS030-03A;;Под заказ;https://intelka-shop.ru/proizvoditeli/delta/?section=19#
UC-MS030-01A - Кабель связи ПЛК DVP с HMI/ПК (RS-232 розетка DB-9 -> mini-DIN), 3 м;UC-MS030-01A;UC-MS030-01A;Под заказ;https://intelka-shop.ru/proizvoditeli/delta/?section=19#
UC-MS020-06A - Кабель связи ПЛК DVP с HMI/ПК (RS-232 штекер DB-9 -> mini-DIN), 2 м;UC-MS020-06A;;Под заказ;https://intelka-shop.ru/proizvoditeli/delta/?section=19#
UC-MS020-01A - Кабель связи ПЛК DVP с HMI/ПК (RS-232 розетка DB-9 -> mini-DIN), 2 м;UC-MS020-01A;;Под заказ;https://intelka-shop.ru/proizvoditeli/delta/?section=19#
UC-ET030-24D - Экранированный кабель 3 м с разъемами IDC 40p – 2х20p;UC-ET030-24D;;Под заказ;https://intelka-shop.ru/proizvoditeli/delta/?section=19#
UC-ET030-24B - Экранированный кабель 3 м с разъемами IDC 40p – 40p;UC-ET030-24B;;Под заказ;https://intelka-shop.ru/proizvoditeli/delta/?section=19#
UC-ET020-24D - Экранированный кабель 2 м с разъемами IDC 40p – 2х20p;UC-ET020-24D;;Под заказ;https://intelka-shop.ru/proizvoditeli/delta/?section=19#
UC-ET020-24B - Экранированный кабель 2 м с разъемами IDC 40p – 40p;UC-ET020-24B;;Под заказ;https://intelka-shop.ru/proizvoditeli/delta/?section=19#
UC-ET010-24C - Шлейф 1 м с разъемами IDC 40p – 2х20p для соединения DVP32SN11TN и 2-х DVPAETB-OR16A;UC-ET010-24C;;Под заказ;https://intelka-shop.ru/proizvoditeli/delta/?section=19#
UC-ET010-24B - Экранированный кабель 1 м с разъемами IDC 40p – 40p;UC-ET010-24B;;Под заказ;https://intelka-shop.ru/proizvoditeli/delta/?section=19#
UC-ET010-24A - Шлейф 1 м с разъемами IDC 40p – 40p для соединения DVP32SM11N и DVPAETB-ID32A;UC-ET010-24A;UC-ET010-24A;В наличии;https://intelka-shop.ru/proizvoditeli/delta/?section=19#
UC-CMC030-01A - Кабель связи по CANopen, длина 3м (аналог TAP-CB30);UC-CMC030-01A;;Под заказ;https://intelka-shop.ru/proizvoditeli/delta/?section=19#
UC-CMC020-01A - Кабель связи по CANopen, длина 2м (аналог TAP-CB20);UC-CMC020-01A;UC-CMC020-01A;Под заказ;https://intelka-shop.ru/proizvoditeli/delta/?section=19#
UC-CMC010-01A - Кабель связи по CANopen, длина 1м (аналог TAP-CB10);UC-CMC010-01A;;Под заказ;https://intelka-shop.ru/proizvoditeli/delta/?section=19#
UC-CMC005-01A - Кабель связи по CANopen, длина 0,5м (аналог TAP-CB05);UC-CMC005-01A;;Под заказ;https://intelka-shop.ru/proizvoditeli/delta/?section=19#
UC-CMC003-01A - Кабель связи по CANopen, длина 0,3м (аналог TAP-CB03);UC-CMC003-01A;;Под заказ;https://intelka-shop.ru/proizvoditeli/delta/?section=19#
TAP-CB05 - Кабель связи по CANopen, длина 0,5 м;TAP-CB05;;Под заказ;https://intelka-shop.ru/proizvoditeli/delta/?section=19#
TAP-CB04 - Кабель связи по CANopen, длина 1 м, старое обозначение TAP-CB10;TAP-CB04;;Под заказ;https://intelka-shop.ru/proizvoditeli/delta/?section=19#
TAP-CB03 - Кабель связи по CANopen, длина 0,3 м;TAP-CB03;;Под заказ;https://intelka-shop.ru/proizvoditeli/delta/?section=19#
DVPACAB7B10 - Кабель связи DVP32SN11TN с ETB-OR16, 1 м;DVPACAB7B10;;Под заказ;https://intelka-shop.ru/proizvoditeli/delta/?section=19#
UB-10-OR16A - Клеммный модуль (16 реле) с разъемом IDC-40;UB-10-OR16A;;Под заказ;https://intelka-shop.ru/proizvoditeli/delta/?section=19#
UB-10-ID32A - Клеммный модуль для DVP32SM11N (32 дискретных входа 24VDC);UB-10-ID32A;UB-10-ID32A;В наличии;https://intelka-shop.ru/proizvoditeli/delta/?section=19#
TAP-TR01 - Терминальный резистор 120 Ом для CANopen;TAP-TR01;;Под заказ;https://intelka-shop.ru/proizvoditeli/delta/?section=19#
TAP-CP01 - Блок подвода электрического питания к сети DeviceNet;TAP-CP01;;Под заказ;https://intelka-shop.ru/proizvoditeli/delta/?section=19#
Разветвитель интерфейса DeviceNet/CANopen. 5 разъемов (из них 3 RJ)., TAP-CN03;TAP-CN03;;Под заказ;https://intelka-shop.ru/proizvoditeli/delta/?section=19#
Разветвитель интерфейса DeviceNet/CANopen. 5 разъемов., TAP-CN02;TAP-CN02;;Под заказ;https://intelka-shop.ru/proizvoditeli/delta/?section=19#
DVPPCC01 - Карта памяти общего назначения;DVPPCC01;;Под заказ;https://intelka-shop.ru/proizvoditeli/delta/?section=19#
DVPACAB4A18 - Кабель для удаленной связи с модулями расширения DVP-PM, 1.8 м;DVPACAB4A18;;Под заказ;https://intelka-shop.ru/proizvoditeli/delta/?section=19#
DVPACAB4A09 - Кабель для удаленной связи с модулями расширения DVP-PM, 0.9 м;DVPACAB4A09;;Под заказ;https://intelka-shop.ru/proizvoditeli/delta/?section=19#
DVP32HM11N - Модуль дискретного ввода, 17 Point, 32DI, 24V DC Power;DVP32HM11N;;Под заказ;https://intelka-shop.ru/proizvoditeli/delta/?section=19#
DVP16HP11T - Модуль дискретного ввода-вывода 16 Point, 8DI/8DO, Transistor, 24V DC Power;DVP16HP11T;;Под заказ;https://intelka-shop.ru/proizvoditeli/delta/?section=19#
DVP16HP11R - Модуль дискретного ввода 16 Point, 8DI/8DO, Relay, 24V DC Power;DVP16HP11R;;Под заказ;https://intelka-shop.ru/proizvoditeli/delta/?section=19#
DVP16HM11N - Модуль дискретного ввода, 16 Point, 16DI, 24V DC Power;DVP16HM11N;;Под заказ;https://intelka-shop.ru/proizvoditeli/delta/?section=19#
DVP06XA-H2 - Модуль аналогового ввода/вывода: 4AI/2AO, 12bit, 24V DC Power, with RS-485, SLIM;DVP06XA-H2;;Под заказ;https://intelka-shop.ru/proizvoditeli/delta/?section=19#
DVP04TC-H2 - Модуль измерения температуры;DVP04TC-H2;;Под заказ;https://intelka-shop.ru/proizvoditeli/delta/?section=19#
DVP04PT-H2 - Модуль измерения температуры;DVP04PT-H2;;Под заказ;https://intelka-shop.ru/proizvoditeli/delta/?section=19#
DVP04DA-H2 - Модуль аналогового вывода: 4AO, 12bit, 24V DC Power, with RS-485;DVP04DA-H2;;Под заказ;https://intelka-shop.ru/proizvoditeli/delta/?section=19#
DVP04AD-H2 - Модуль аналогового ввода: 4AI, 14bit, 24V DC Power, with RS-485;DVP04AD-H2;;Под заказ;https://intelka-shop.ru/proizvoditeli/delta/?section=19#
DVP01HC-H2 - Модуль высокоскоростного счета, 1 канал;DVP01HC-H2;;Под заказ;https://intelka-shop.ru/proizvoditeli/delta/?section=19#
DVP-FPMC - Коммуникационная карта Ethernet/CANopen для DVP-PM;DVP-FPMC;;Под заказ;https://intelka-shop.ru/proizvoditeli/delta/?section=19#
DVP06PT-E2 - Температурный модуль для DVP-ES2/EX2/ES3 на 6 термосопротивлений PT100, Cu50/100;DVP06PT-E2;;Под заказ;https://intelka-shop.ru/proizvoditeli/delta/?section=19#
DVPAEXT01-E2 - Соединительный набор с кабелем 0,7 м для соединения DVP-ES2/EX2 и модулей расширения;DVPAEXT01-E2;;Под заказ;https://intelka-shop.ru/proizvoditeli/delta/?section=19#
DVP32XP200T - Модуль дискретных входов/выходов: 16DI/16DO, Transistor, 100~240 AC Power;DVP32XP200T;;Под заказ;https://intelka-shop.ru/proizvoditeli/delta/?section=19#
DVP32XP200R - Модуль дискретных входов/выходов: 16DI/16DO, Relay, 100~240 AC Power;DVP32XP200R;;Под заказ;https://intelka-shop.ru/proizvoditeli/delta/?section=19#
DVP24XP200T - Модуль дискретных входов/выходов: 16DI/8DO, Transistor, 100~240 AC Power;DVP24XP200T;;Под заказ;https://intelka-shop.ru/proizvoditeli/delta/?section=19#
DVP24XP200R - Модуль дискретных входов/выходов: 16DI/8DO, Relay, 100~240 AC Power;DVP24XP200R;;Под заказ;https://intelka-shop.ru/proizvoditeli/delta/?section=19#
DVP24XN200T - Модуль дискретных выходов: 24DO, Transistor, 100~240 AC Power;DVP24XN200T;;Под заказ;https://intelka-shop.ru/proizvoditeli/delta/?section=19#
DVP24XN200R - Модуль дискретных выходов: 24DO, Relay, 100~240 AC Power;DVP24XN200R;;Под заказ;https://intelka-shop.ru/proizvoditeli/delta/?section=19#
DVP16XP211T - Модуль дискретных входов/выходов: 8DI/8DO, Transistor, 24V DC Power;DVP16XP211T;;Под заказ;https://intelka-shop.ru/proizvoditeli/delta/?section=19#
DVP16XP211R - Модуль дискретных входов/выходов: 8DI/8DO, Relay, 24V DC Power;DVP16XP211R;;Под заказ;https://intelka-shop.ru/proizvoditeli/delta/?section=19#
DVP16XN211T - Модуль дискретных выходов: 16DO, Transistor, 24V DC Power;DVP16XN211T;;Под заказ;https://intelka-shop.ru/proizvoditeli/delta/?section=19#
DVP16XN211R - Модуль дискретных выходов: 16DO, Relay, 24V DC Power;DVP16XN211R;;Под заказ;https://intelka-shop.ru/proizvoditeli/delta/?section=19#
DVP16XM211N - Модуль дискретных входов: 16DI, 24V DC Power;DVP16XM211N;;Под заказ;https://intelka-shop.ru/proizvoditeli/delta/?section=19#
DVP10RC-E2 - Модуль подключения резольвера, 12-bit;DVP10RC-E2;;Под заказ;https://intelka-shop.ru/proizvoditeli/delta/?section=19#
AH04AD-5A - Модуль для АН500 на 4 AI, потенциальный и токовый режимы, съёмный клеммный блок;AH04AD-5A;;Под заказ;https://intelka-shop.ru/proizvoditeli/delta/?section=19#
AH02HC-5A - Модуль высокоскоростных счётчиков для АН500 на 2 канала;AH02HC-5A;;Под заказ;https://intelka-shop.ru/proizvoditeli/delta/?section=19#
AH64AN02T-5C - Модуль для АН500 на 64 DO (NPN), 2 разъёма IDC-40;AH64AN02T-5C;;Под заказ;https://intelka-shop.ru/proizvoditeli/delta/?section=19#
AH64AN02P-5C - Модуль для АН500 на 64 DO (PNP), 2 разъёма IDC-40;AH64AN02P-5C;;Под заказ;https://intelka-shop.ru/proizvoditeli/delta/?section=19#
AH64AM10N-5C - Модуль для АН500 на 64 DI 24 VDC, 2 разъёма IDC-40;AH64AM10N-5C;;Под заказ;https://intelka-shop.ru/proizvoditeli/delta/?section=19#
AH32AN02T-5C - Модуль для АН500 на 32 DO (NPN), разъём IDC-40;AH32AN02T-5C;;Под заказ;https://intelka-shop.ru/proizvoditeli/delta/?section=19#
AH32AN02T-5B - Модуль для АН500 на 32 DO (NPN), разъём DB37;AH32AN02T-5B;;Под заказ;https://intelka-shop.ru/proizvoditeli/delta/?section=19#
AH32AN02T-5A - Модуль для АН500 на 32 DO (NPN), клеммный блок;AH32AN02T-5A;;Под заказ;https://intelka-shop.ru/proizvoditeli/delta/?section=19#
AH32AN02P-5C - Модуль для АН500 на 32 DO (PNP), разъём IDC-40;AH32AN02P-5C;;Под заказ;https://intelka-shop.ru/proizvoditeli/delta/?section=19#
AH32AN02P-5A - Модуль для АН500 на 32 DO (PNP), клеммный блок;AH32AN02P-5A;;Под заказ;https://intelka-shop.ru/proizvoditeli/delta/?section=19#
AH32AM10N-5C - Модуль для АН500 на 32 DI 24 VDC, разъём IDC-40;AH32AM10N-5C;;Под заказ;https://intelka-shop.ru/proizvoditeli/delta/?section=19#
AH32AM10N-5B - Модуль для АН500 на 32 DI 24 VDC, разъём DB37;AH32AM10N-5B;;Под заказ;https://intelka-shop.ru/proizvoditeli/delta/?section=19#
AH32AM10N-5A - Модуль для АН500 на 32 DI 24 VDC, клеммный блок;AH32AM10N-5A;;Под заказ;https://intelka-shop.ru/proizvoditeli/delta/?section=19#
AH16AR10N-5A - Модуль для АН500 на 16 быстродействующих входов, 24 VDC, съёмный клеммный блок;AH16AR10N-5A;;Под заказ;https://intelka-shop.ru/proizvoditeli/delta/?section=19#
AH16AP11T-5A - Модуль для АН500 на 8 DI 24 VDC/8 DO (NPN), съёмный клеммный блок;AH16AP11T-5A;;Под заказ;https://intelka-shop.ru/proizvoditeli/delta/?section=19#
AH16AP11R-5A - Модуль для АН500 на 8 DI 24 VDC/8 DO (реле), съёмный клеммный блок;AH16AP11R-5A;;Под заказ;https://intelka-shop.ru/proizvoditeli/delta/?section=19#
AH16AP11P-5A - Модуль для АН500 на 8 DI 24 VDC/8 DO (PNP), съёмный клеммный блок;AH16AP11P-5A;;Под заказ;https://intelka-shop.ru/proizvoditeli/delta/?section=19#
AH16AN01T-5A - Модуль для АН500 на 16 DO (NPN), съёмный клеммный блок;AH16AN01T-5A;;Под заказ;https://intelka-shop.ru/proizvoditeli/delta/?section=19#
AH16AN01S-5A - Модуль для АН500 на 16 DO (симистор), AC 110/220V, 0.6A, съёмный клеммный блок;AH16AN01S-5A;;Под заказ;https://intelka-shop.ru/proizvoditeli/delta/?section=19#
AH16AN01R-5A - Модуль для АН500 на 16 DO (реле), съёмный клеммный блок;AH16AN01R-5A;;Под заказ;https://intelka-shop.ru/proizvoditeli/delta/?section=19#
AH16AN01P-5A - Модуль для АН500 на 16 DO (PNP), съёмный клеммный блок;AH16AN01P-5A;;Под заказ;https://intelka-shop.ru/proizvoditeli/delta/?section=19#
AH16AM30N-5A - Модуль для АН500 на 16 DI 100-240 VAC, съёмный клеммный блок;AH16AM30N-5A;;Под заказ;https://intelka-shop.ru/proizvoditeli/delta/?section=19#
AH16AM10N-5A - Модуль для АН500 на 16 DI 24 VDC, съёмный клеммный блок;AH16AM10N-5A;;Под заказ;https://intelka-shop.ru/proizvoditeli/delta/?section=19#
AHPS15-5A - Модуль питания для АН500;AHPS15-5A;;Под заказ;https://intelka-shop.ru/proizvoditeli/delta/?section=19#
AHPS05-5A - Модуль питания для АН500, 100-240 50-60 Гц AC на внутреннюю шину DC;AHPS05-5A;;Под заказ;https://intelka-shop.ru/proizvoditeli/delta/?section=19#
AHCPU521-EN - Промышленный контроллер PLC (ПЛК);AHCPU521-EN;;Под заказ;https://intelka-shop.ru/proizvoditeli/delta/?section=19#
AHCPU511-RS2 - Промышленный контроллер PLC (ПЛК);AHCPU511-RS2;;Под заказ;https://intelka-shop.ru/proizvoditeli/delta/?section=19#
AHBP05M2-5A - Шасси для контроллера движения EtherCAT на 5 слотов;AHBP05M2-5A;;Под заказ;https://intelka-shop.ru/proizvoditeli/delta/?section=19#
AHBP03M2-5A - Шасси для контроллера движения EtherCAT на 3 слота;AHBP03M2-5A;;Под заказ;https://intelka-shop.ru/proizvoditeli/delta/?section=19#
AHBP00M2-5A - Монтажный переходник на ДИН-рейку для контроллеров AH-EMC;AHBP00M2-5A;;Под заказ;https://intelka-shop.ru/proizvoditeli/delta/?section=19#
AH20EMC-5A - ЦПУ, Контроллер движения EtherCAT, 18DI/4DO, 32 осей, PLCOpen FBs, 256К шагов, mini USB;AH20EMC-5A;;Под заказ;https://intelka-shop.ru/proizvoditeli/delta/?section=19#
AH10EMC-5A - ЦПУ, Контроллер движения EtherCAT, 18DI/4DO, 16 осей, PLCOpen FBs, 256К шагов, mini USB;AH10EMC-5A;;Под заказ;https://intelka-shop.ru/proizvoditeli/delta/?section=19#
AH08EMC-5A - ЦПУ, Контроллер движения EtherCAT, 18DI/4DO, 8 осей, PLCOpen FBs, 256К шагов, mini USB;AH08EMC-5A;;Под заказ;https://intelka-shop.ru/proizvoditeli/delta/?section=19#
DVP02TKR-S - Температурный контроллер серии S, базовый модуль, 2 канала, 16 бит;DVP02TKR-S;;Под заказ;https://intelka-shop.ru/proizvoditeli/delta/?section=19#
DVP02TKN-S - Температурный контроллер серии S, базовый модуль, 2 канала, 16 бит;DVP02TKN-S;;Под заказ;https://intelka-shop.ru/proizvoditeli/delta/?section=19#
DVP02TKL-S - Температурный контроллер серии S, базовый модуль, 2 канала, 16 бит;DVP02TKL-S;;Под заказ;https://intelka-shop.ru/proizvoditeli/delta/?section=19#
DVP20SX211T - Промышленный контроллер PLC (ПЛК);DVP20SX211T;;Под заказ;https://intelka-shop.ru/proizvoditeli/delta/?section=19#
DVP20SX211S - Промышленный контроллер PLC (ПЛК);DVP20SX211S;;Под заказ;https://intelka-shop.ru/proizvoditeli/delta/?section=19#
DVP20SX211R - Промышленный контроллер PLC (ПЛК);DVP20SX211R;DVP20SX211R;В наличии;https://intelka-shop.ru/proizvoditeli/delta/?section=19#
DVP24SV11T2 - Промышленный контроллер PLC (ПЛК);DVP24SV11T2;;Под заказ;https://intelka-shop.ru/proizvoditeli/delta/?section=19#
DVP28SV11T2 - Промышленный контроллер PLC (ПЛК);DVP28SV11T2;DVP28SV11T2;В наличии;https://intelka-shop.ru/proizvoditeli/delta/?section=19#
DVP28SV11S2 - Промышленный контроллер PLC (ПЛК);DVP28SV11S2;;Под заказ;https://intelka-shop.ru/proizvoditeli/delta/?section=19#
DVP28SV11R2 - Промышленный контроллер PLC (ПЛК);DVP28SV11R2;;Под заказ;https://intelka-shop.ru/proizvoditeli/delta/?section=19#
DVP28SS211T - Промышленный контроллер PLC (ПЛК), 16DI, 12DO;DVP28SS211T;;Под заказ;https://intelka-shop.ru/proizvoditeli/delta/?section=19#
DVP28SS211R - Промышленный контроллер PLC (ПЛК);DVP28SS211R;;Под заказ;https://intelka-shop.ru/proizvoditeli/delta/?section=19#
DVP14SS211T - Промышленный контроллер PLC (ПЛК);DVP14SS211T;;Под заказ;https://intelka-shop.ru/proizvoditeli/delta/?section=19#
DVP14SS211R - Промышленный контроллер PLC (ПЛК);DVP14SS211R;DVP14SS211R;В наличии;https://intelka-shop.ru/proizvoditeli/delta/?section=19#
DVP12SS211S - Промышленный контроллер PLC (ПЛК);DVP12SS211S;;Под заказ;https://intelka-shop.ru/proizvoditeli/delta/?section=19#
DVP12SE11T - Промышленный контроллер PLC (ПЛК);DVP12SE11T;DVP12SE11T;В наличии;https://intelka-shop.ru/proizvoditeli/delta/?section=19#
DVP12SE11R - Промышленный контроллер PLC (ПЛК);DVP12SE11R;DVP12SE11R;В наличии;https://intelka-shop.ru/proizvoditeli/delta/?section=19#
DVP12SA211T - Промышленный контроллер PLC (ПЛК);DVP12SA211T;DVP12SA211T;Под заказ;https://intelka-shop.ru/proizvoditeli/delta/?section=19#
DVP12SA211R - Промышленный контроллер PLC (ПЛК);DVP12SA211R;DVP12SA211R;В наличии;https://intelka-shop.ru/proizvoditeli/delta/?section=19#
DVP50MC11T-06 - Контроллер управления движением по шине EtherCAT, 6 осей, 16DI/8DO, Ethernet;DVP50MC11T-06;;Под заказ;https://intelka-shop.ru/proizvoditeli/delta/?section=19#
DVP50MC11T - Контроллер управления движением по шине EtherCAT, 24 оси, 16DI/8DO, Ethernet;DVP50MC11T;;Под заказ;https://intelka-shop.ru/proizvoditeli/delta/?section=19#
DVP15MC11T-06 - Контроллер управления движением по шине CAN, 6 осей, 16DI/8DO, 2xEthernet, CANopen;DVP15MC11T-06;;Под заказ;https://intelka-shop.ru/proizvoditeli/delta/?section=19#
DVP15MC11T - Контроллер управления движением по шине CAN, 24 оси, 16DI/8DO, 2xEthernet, CANopen DS30;DVP15MC11T;;Под заказ;https://intelka-shop.ru/proizvoditeli/delta/?section=19#
DVP10MC11T - Контроллер управления движением по шине CAN, 16 осей, 8DI/4DO, Ethernet, RS232, RS485;DVP10MC11T;;Под заказ;https://intelka-shop.ru/proizvoditeli/delta/?section=19#
DVP32ES311T - Промышленный контроллер PLC (ПЛК);DVP32ES311T;;Под заказ;https://intelka-shop.ru/proizvoditeli/delta/?section=19#
DRS-5V50W1NZ Uвх ном = 1х220В AC или 120-375В DC, Uвых = 5В, I нагрузки макс = 5,00 А, 25Вт, в пласт;DRS-5V50W1NZ;;Под заказ;https://intelka-shop.ru/proizvoditeli/delta/?section=19#
DRS-5V50W1NR Uвх ном = 1х220В AC или 120-375В DC, Uвых = 5В, I нагрузки макс = 5,00 А, 25Вт, в пласт;DRS-5V50W1NR;;Под заказ;https://intelka-shop.ru/proizvoditeli/delta/?section=19#
DRS-5V50W1AZ Uвх ном = 1х220В AC или 120-375В DC, Uвых = 5В, I нагрузки макс = 6,00 А, 30Вт, в пласт;DRS-5V50W1AZ;;Под заказ;https://intelka-shop.ru/proizvoditeli/delta/?section=19#
DRS-5V30W1NZ Uвх ном = 1х220В AC или 120-375В DC, Uвых = 5В, I нагрузки макс = 3,00 А, 30Вт, в пласт;DRS-5V30W1NZ;;Под заказ;https://intelka-shop.ru/proizvoditeli/delta/?section=19#
DRS-24V50W1NZ - Блок питания 1х220 В AC или 120-375 В DC, Uвых =24 В, нагрузки максимально = 2,1 А;DRS-24V50W1NZ;;В наличии;https://intelka-shop.ru/proizvoditeli/delta/?section=19#
DRS-24V50W1NR Uвх ном = 1х220В AC или 120-375В DC, Uвых = 24В, I нагрузки макс = 2,1 А, 50Вт, в плас;DRS-24V50W1NR;;Под заказ;https://intelka-shop.ru/proizvoditeli/delta/?section=19#
DRS-24V30W1NZ - Uвх ном = 1х220В AC или 120-375В DC, Uвых = 24В, I нагрузки макс = 1,25А, 30Вт;DRS-24V30W1NZ;;В наличии;https://intelka-shop.ru/proizvoditeli/delta/?section=19#
DRS-24V30W1AZ - Блок питания 1х220 В,24 В, 30 Вт (1,25 А) пластиковый корпус;DRS-24V30W1AZ;;Под заказ;https://intelka-shop.ru/proizvoditeli/delta/?section=19#
DRS-24V100W1NZ Uвх ном = 1х220В AC или 120-375В DC, Uвых = 24В, I нагрузки макс = 4,0 А, 96Вт, в пла;DRS-24V100W1NZ;;Под заказ;https://intelka-shop.ru/proizvoditeli/delta/?section=19#
UC-MS010-02A - Кабель связи ПЛК DVP с HMI/ПК (RS-232 розетка DB-9 -> mini-DIN угловой), 1 м;UC-MS010-02A;;Под заказ;https://intelka-shop.ru/proizvoditeli/delta/?section=19#
AS08TC-A - Модуль расширения AS, 8TC (J, K, R, S, T, E, N);AS08TC-A;AS08TC-A;В наличии;https://intelka-shop.ru/proizvoditeli/delta/?section=19#
"AS06RTD-A - Модуль расширения AS, 6 каналов Cu50/100; PT100/1000; Ni100/Ni1000, 2/3/4 провода";AS06RTD-A;;Под заказ;https://intelka-shop.ru/proizvoditeli/delta/?section=19#
AS04TC-A - Модуль расширения AS, 4TC (J, K, R, S, T, E, N);AS04TC-A;AS04TC-A;В наличии;https://intelka-shop.ru/proizvoditeli/delta/?section=19#
"AS04RTD-A - Модуль расширения AS, 4TI, Cu50/100; PT100/1000; Ni100/Ni1000, 2 и 3 провода";AS04RTD-A;AS04RTD-A;В наличии;https://intelka-shop.ru/proizvoditeli/delta/?section=19#
AS02LC-A - Модуль расширения AS, 2 канала ввода сигналов тензодатчиков;AS02LC-A;AS02LC-A;В наличии;https://intelka-shop.ru/proizvoditeli/delta/?section=19#
AS08AD-C - Модуль расширения AS, 8 AI, токовый режим;AS08AD-C;AS08AD-C;В наличии;https://intelka-shop.ru/proizvoditeli/delta/?section=19#
AS08AD-B - Модуль расширения AS, 8 AI, потенциальный режим;AS08AD-B;AS08AD-B;В наличии;https://intelka-shop.ru/proizvoditeli/delta/?section=19#
AS06XA-A - Модуль расширения AS, 4AI/2AO, потенциальный и токовый режимы;AS06XA-A;AS06XA-A;В наличии;https://intelka-shop.ru/proizvoditeli/delta/?section=19#
AS04DA-A - Модуль расширения AS, 4 AO, потенциальный и токовый режимы;AS04DA-A;AS04DA-A;В наличии;https://intelka-shop.ru/proizvoditeli/delta/?section=19#
AS04AD-A - Модуль расширения AS, 4 AI, потенциальный и токовый режимы;AS04AD-A;AS04AD-A;В наличии;https://intelka-shop.ru/proizvoditeli/delta/?section=19#
AS64AN02T-A - Модуль расширения AS, 64DO (NPN), 2хIDC-40;AS64AN02T-A;;В наличии;https://intelka-shop.ru/proizvoditeli/delta/?section=19#
AS64AM10N-A - Модуль расширения AS, 64DI 24 VDC, 2хIDC-40;AS64AM10N-A;;В наличии;https://intelka-shop.ru/proizvoditeli/delta/?section=19#
AS32AN02T-A - Модуль расширения AS, 32DO (NPN), IDC-40;AS32AN02T-A;AS32AN02T-A;В наличии;https://intelka-shop.ru/proizvoditeli/delta/?section=19#
AS32AM10N-A - Модуль расширения AS, 32DI 24 VDC, IDC-40;AS32AM10N-A;AS32AM10N-A;Под заказ;https://intelka-shop.ru/proizvoditeli/delta/?section=19#
AS16AP11T-A - Модуль расширения AS, 8DI/8DO (NPN);AS16AP11T-A;AS16AP11T-A;В наличии;https://intelka-shop.ru/proizvoditeli/delta/?section=19#
AS16AP11R-A - Модуль расширения AS, 8DI/8DO (реле);AS16AP11R-A;AS16AP11R-A;В наличии;https://intelka-shop.ru/proizvoditeli/delta/?section=19#
AS16AP11P-A - Модуль расширения AS, 8DI/8DO (PNP);AS16AP11P-A;AS16AP11P-A;Под заказ;https://intelka-shop.ru/proizvoditeli/delta/?section=19#
AS16AN01T-A - Модуль расширения AS, 16DO (NPN);AS16AN01T-A;AS16AN01T-A;В наличии;https://intelka-shop.ru/proizvoditeli/delta/?section=19#
AS16AN01R-A - Модуль расширения AS, 16DO (реле);AS16AN01R-A;AS16AN01R-A;В наличии;https://intelka-shop.ru/proizvoditeli/delta/?section=19#
AS16AN01P-A - Модуль расширения AS, 16DO (PNP);AS16AN01P-A;AS16AN01P-A;В наличии;https://intelka-shop.ru/proizvoditeli/delta/?section=19#
AS16AM10N-A - Модуль расширения AS, 16DI 24 VDC;AS16AM10N-A;AS16AM10N-A;В наличии;https://intelka-shop.ru/proizvoditeli/delta/?section=19#
AS08AN01T-A - Модуль расширения AS, 8DO (NPN);AS08AN01T-A;;Под заказ;https://intelka-shop.ru/proizvoditeli/delta/?section=19#
AS08AN01R-A - Модуль расширения AS, 8DO (реле);AS08AN01R-A;AS08AN01R-A;В наличии;https://intelka-shop.ru/proizvoditeli/delta/?section=19#
AS08AN01P-A - Модуль расширения AS, 8DO (PNP);AS08AN01P-A;AS08AN01P-A;В наличии;https://intelka-shop.ru/proizvoditeli/delta/?section=19#
AS08AM10N-A - Модуль расширения AS, 8DI 24 VDC;AS08AM10N-A;AS08AM10N-A;В наличии;https://intelka-shop.ru/proizvoditeli/delta/?section=19#
AS-FCOPM - Дополнительная плата процессорного модуля AS, CANopen;AS-FCOPM;AS-FCOPM;В наличии;https://intelka-shop.ru/proizvoditeli/delta/?section=19#
AS-F485 - Дополнительная плата процессорного модуля AS, 1xRS485;AS-F485;AS-F485;В наличии;https://intelka-shop.ru/proizvoditeli/delta/?section=19#
AS-F422 - Дополнительная плата процессорного модуля AS, 1xRS422;AS-F422;;Под заказ;https://intelka-shop.ru/proizvoditeli/delta/?section=19#
AS-F2DA - Дополнительная плата процессорного модуля AS, 2AO;AS-F2DA;;Под заказ;https://intelka-shop.ru/proizvoditeli/delta/?section=19#
AS-F2AD - Дополнительная плата процессорного модуля AS, 2AI;AS-F2AD;;Под заказ;https://intelka-shop.ru/proizvoditeli/delta/?section=19#
AS-F232 - Дополнительная плата процессорного модуля AS, 1xRS232;AS-F232;AS-F232;В наличии;https://intelka-shop.ru/proizvoditeli/delta/?section=19#
AS-FEN02 - Дополнительная плата процессорного модуля AS300, Ethernet;AS-FEN02;AS-FEN02;В наличии;https://intelka-shop.ru/proizvoditeli/delta/?section=19#
AS-PS02A - Модуль источника питания AS, вход 220 VAC, выход 36Вт на внутреннюю шину ЦПУ AS;AS-PS02A;AS-PS02A;В наличии;https://intelka-shop.ru/proizvoditeli/delta/?section=19#
AS-PS02 - Модуль источника питания AS, вход 220 VAC, выход 48Вт на внутреннюю шину ЦПУ AS;AS-PS02;AS-PS02;В наличии;https://intelka-shop.ru/proizvoditeli/delta/?section=19#
Процессорный модуль AS300, 128K шагов, 16DI/16DO, Ethernet, 2xRS485, mini USB, AS332T-A;AS332T-A;AS332T-A;В наличии;https://intelka-shop.ru/proizvoditeli/delta/?section=19#
Процессорный модуль AS300, 128K шагов, 16DI/16DO, Ethernet, 2xRS485, mini USB, AS332P-A;AS332P-A;AS332P-A;В наличии;https://intelka-shop.ru/proizvoditeli/delta/?section=19#
Процессорный модуль AS300, 128K шагов, 12DI (4 диф.+ 8 24VDC/12DO (4 д.+8 NPN), Ethernet, AS324MT-A;AS324MT-A;;Под заказ;https://intelka-shop.ru/proizvoditeli/delta/?section=19#
Процессорный модуль AS300, 128K шагов, 8DI/12DO, Ethernet, 2xRS485, mini USB, AS320T-B;AS320T-B;AS320T-B;В наличии;https://intelka-shop.ru/proizvoditeli/delta/?section=19#
Процессорный модуль AS300, 128K шагов, 8DI/12DO, Ethernet, 2xRS485, mini USB, AS320P-B;AS320P-B;AS320P-B;В наличии;https://intelka-shop.ru/proizvoditeli/delta/?section=19#
Процессорный модуль AS300, 128K шагов, без встроенных I/O, Ethernet, 2xRS485, mini USB, AS300N-A;AS300N-A;AS300N-A;В наличии;https://intelka-shop.ru/proizvoditeli/delta/?section=19#
Процессорный модуль AS200, 64K шагов, 16DI/12DO, Ethernet, CANopen, 2xRS485, mini USB, AS228T-A;AS228T-A;AS228T-A;В наличии;https://intelka-shop.ru/proizvoditeli/delta/?section=19#
Процессорный модуль AS200, 64K шагов, 16DI/12DO, Ethernet, CANopen, 2xRS485, mini USB, AS228R-A;AS228R-A;AS228R-A;В наличии;https://intelka-shop.ru/proizvoditeli/delta/?section=19#
Процессорный модуль AS200, 64K шагов, 16DI/12DO, Ethernet, CANopen, 2xRS485, mini USB, AS228P-A;AS228P-A;AS228P-A;Под заказ;https://intelka-shop.ru/proizvoditeli/delta/?section=19#
Процессорный модуль AS200, 64K шагов, 8DI/6DO, 2AI/2AO (NPN), Ethernet, CANopen, 2xRS485, AS218TX-A;AS218TX-A;;Под заказ;https://intelka-shop.ru/proizvoditeli/delta/?section=19#
Процессорный модуль AS200, 64K шагов, 8DI/6DO, 2AI/2AO (реле), Ethernet, CANopen, 2xRS485, AS218RX-A;AS218RX-A;AS218RX-A;В наличии;https://intelka-shop.ru/proizvoditeli/delta/?section=19#
Процессорный модуль AS200, 64K шагов, 8DI/6DO, 2AI/2AO (PNP), Ethernet, CANopen, 2xRS485, AS218PX-A;AS218PX-A;;Под заказ;https://intelka-shop.ru/proizvoditeli/delta/?section=19#
AHBP08MR1-5A - Несущая рама под резервируемое ЦПУ AH560 и 8 модулей;AHBP08MR1-5A;;Под заказ;https://intelka-shop.ru/proizvoditeli/delta/?section=19#
AHBP08ER1-5A - Несущая рама под расширение на 8 модулей для резервируемой системы;AHBP08ER1-5A;;Под заказ;https://intelka-shop.ru/proizvoditeli/delta/?section=19#
AHBP06ER1-5A - Несущая рама под расширение на 6 модулей для резервируемой системы;AHBP06ER1-5A;;Под заказ;https://intelka-shop.ru/proizvoditeli/delta/?section=19#
AHBP04MR1-5A - Несущая рама под резервируемое ЦПУ AH560 и 4 модуля;AHBP04MR1-5A;;Под заказ;https://intelka-shop.ru/proizvoditeli/delta/?section=19#
Оптоволоконный кабель мультимодовый 1 м для резервируемых ЦПУ AH560, UC-FB010-02A;UC-FB010-02A;;Под заказ;https://intelka-shop.ru/proizvoditeli/delta/?section=19#
AHCPU560-EN2 - Промышленный контроллер PLC (ПЛК);AHCPU560-EN2;;Под заказ;https://intelka-shop.ru/proizvoditeli/delta/?section=19#
AH15EN-5A - Модуль расширения Ethernet для AH500, протоколы IEC60870-5-104 и Modbus TCP;AH15EN-5A;;Под заказ;https://intelka-shop.ru/proizvoditeli/delta/?section=19#
AH10EN-5A - Модуль расширения Ethernet для AH500, протоколы Ethernet/IP и Modbus TCP;AH10EN-5A;;Под заказ;https://intelka-shop.ru/proizvoditeli/delta/?section=19#
AHRTU-PFBS-5A - Станция удалённого сбора данных для сети ProfiBus;AHRTU-PFBS-5A;;Под заказ;https://intelka-shop.ru/proizvoditeli/delta/?section=19#
AHRTU-DNET-5A - Станция удалённого сбора данных для сети DeviceNet;AHRTU-DNET-5A;;Под заказ;https://intelka-shop.ru/proizvoditeli/delta/?section=19#
AH10SCM-5A - Модуль дополнительных СОМ-портов;AH10SCM-5A;;Под заказ;https://intelka-shop.ru/proizvoditeli/delta/?section=19#
AH10PFBS-5A - Модуль PROFIBUS slave для АН500;AH10PFBS-5A;;Под заказ;https://intelka-shop.ru/proizvoditeli/delta/?section=19#
AH10PFBM-5A - Модуль PROFIBUS Master для АН500;AH10PFBM-5A;;Под заказ;https://intelka-shop.ru/proizvoditeli/delta/?section=19#
AH10DNET-5A - Модуль DeviceNet Master для АН500;AH10DNET-5A;;Под заказ;https://intelka-shop.ru/proizvoditeli/delta/?section=19#
AH10COPM-5A - Модуль CANOpen Master для АН500;AH10COPM-5A;;Под заказ;https://intelka-shop.ru/proizvoditeli/delta/?section=19#
AH10PM-5A - Модуль позиционирования для АН500 на 6 осей, G-коды, импульсные входы/выходы;AH10PM-5A;;Под заказ;https://intelka-shop.ru/proizvoditeli/delta/?section=19#
AH15PM-5A - Модуль позиционирования для АН500 на 2 оси, G-коды, импульсные входы/выходы;AH15PM-5A;;Под заказ;https://intelka-shop.ru/proizvoditeli/delta/?section=19#
AH05PM-5A - Модуль позиционирования для АН500 на 2 оси, G-коды, импульсные входы/выходы;AH05PM-5A;;Под заказ;https://intelka-shop.ru/proizvoditeli/delta/?section=19#
AH08TC-5A - Температурный модуль для АН500 на 8 термопар (J, K, R, S, T, E, N);AH08TC-5A;;Под заказ;https://intelka-shop.ru/proizvoditeli/delta/?section=19#
"AH08PTG-5A - Температурный модуль для АН500 на 8 термосопротивлений PT100/1000; Ni100/Ni1000";AH08PTG-5A;;Под заказ;https://intelka-shop.ru/proizvoditeli/delta/?section=19#
AH04TC-5A - Температурный модуль для АН500 на 4 термопары, съёмный клеммный блок;AH04TC-5A;;Под заказ;https://intelka-shop.ru/proizvoditeli/delta/?section=19#
"AH04PT-5A - Температурный модуль для АН500 на 4 термосопротивления PT100/1000; Ni100/Ni1000";AH04PT-5A;;Под заказ;https://intelka-shop.ru/proizvoditeli/delta/?section=19#
AH08DA-5C - Модуль для АН500 на 8 AO, токовый режим, съёмный клеммный блок;AH08DA-5C;;Под заказ;https://intelka-shop.ru/proizvoditeli/delta/?section=19#
AH08DA-5B - Модуль для АН500 на 8 AO, потенциальный режим, съёмный клеммный блок;AH08DA-5B;;Под заказ;https://intelka-shop.ru/proizvoditeli/delta/?section=19#
AH08AD-5C - Модуль для АН500 на 8 AI, токовый режим, съёмный клеммный блок;AH08AD-5C;;Под заказ;https://intelka-shop.ru/proizvoditeli/delta/?section=19#
AH08AD-5B - Модуль для АН500 на 8 AI, потенциальный режим, съёмный клеммный блок;AH08AD-5B;;Под заказ;https://intelka-shop.ru/proizvoditeli/delta/?section=19#
AH06XA-5A - Модуль для АН500 на 4 AI/2 AO, потенциальный и токовый режимы, съёмный клеммный блок;AH06XA-5A;;Под заказ;https://intelka-shop.ru/proizvoditeli/delta/?section=19#
AH04HC-5A - Модуль высокоскоростных счётчиков для АН500 на 4 канала;AH04HC-5A;;Под заказ;https://intelka-shop.ru/proizvoditeli/delta/?section=19#
AH04DA-5A - Модуль для АН500 на 4 AO, потенциальный и токовый режимы, съёмный клеммный блок;AH04DA-5A;;Под заказ;https://intelka-shop.ru/proizvoditeli/delta/?section=19#
DRS-24V100W1NR Uвх ном = 1х220В AC или 120-375В DC, Uвых = 24В, I нагрузки макс = 3,80 А, 91Вт, в пл;DRS-24V100W1NR;;Под заказ;https://intelka-shop.ru/proizvoditeli/delta/?section=19#
DRS-24V100W1AZ Uвх ном = 1х220В AC или 120-375В DC, Uвых = 24В, I нагрузки макс = 4,00 А, 96Вт, в пл;DRS-24V100W1AZ;;Под заказ;https://intelka-shop.ru/proizvoditeli/delta/?section=19#
DRS-24V100W1AR Uвх ном = 1х220В AC или 120-375В DC, Uвых = 24В, I нагрузки макс = 4,00 А, 96Вт, в пл;DRS-24V100W1AR;;Под заказ;https://intelka-shop.ru/proizvoditeli/delta/?section=19#
DRS-12V50W1NZ Uвх ном = 1х220В AC или 120-375В DC, Uвых = 12В, I нагрузки макс = 4,00 А, 48Вт, в пла;DRS-12V50W1NZ;;Под заказ;https://intelka-shop.ru/proizvoditeli/delta/?section=19#
DRS-12V50W1NR Uвх ном = 1х220В AC или 120-375В DC, Uвых = 12В, I нагрузки макс = 4,00 А, 48Вт, в пла;DRS-12V50W1NR;;Под заказ;https://intelka-shop.ru/proizvoditeli/delta/?section=19#
DRS-5V50W1AR Uвх ном = 1х220В AC или 120-375В DC, Uвых = 5В, I нагрузки макс = 6,00 А, 30Вт, в пласт;DRS-5V50W1AR;;Под заказ;https://intelka-shop.ru/proizvoditeli/delta/?section=19#
P-03 (3468197600) Клипса крепления на DIN-рейку;P-03;;Под заказ;https://intelka-shop.ru/proizvoditeli/delta/?section=19#
L-03A (3460494800) Крепление для PMx, типоразмер 3;L-03A;;Под заказ;https://intelka-shop.ru/proizvoditeli/delta/?section=19#
L-02 (3460495000) Крепление для PMx, типоразмер 2;L-02;;Под заказ;https://intelka-shop.ru/proizvoditeli/delta/?section=19#
L-01 (3460494900) Крепление для PMx, типоразмер 1;L-01;;Под заказ;https://intelka-shop.ru/proizvoditeli/delta/?section=19#
DRU-24V40ABN - Модуль бесперебойного питания (без батарей), 40.0A, крепление на DIN-рейку;DRU-24V40ABN;;В наличии;https://intelka-shop.ru/proizvoditeli/delta/?section=19#
DRU-24V10ACZ - Модуль бесперебойного питания (без батарей), 10.0A, крепление на DIN-рейку;DRU-24V10ACZ;;В наличии;https://intelka-shop.ru/proizvoditeli/delta/?section=19#
DRR - 40N Модуль резервного питания, 40 А, крепление на DIN-рейку, металлический корпус;DRR;;Под заказ;https://intelka-shop.ru/proizvoditeli/delta/?section=19#
DRB-24V040ABN - Буферный модуль для компенсации провалов напряжения, 24 V DC, 40 А;DRB-24V040ABN;;В наличии;https://intelka-shop.ru/proizvoditeli/delta/?section=19#
DRB-24V020ABN - Буферный модуль для компенсации провалов напряжения, 24 В DC, 20 А;DRB-24V020ABN;;Под заказ;https://intelka-shop.ru/proizvoditeli/delta/?section=19#
DRB-24V020ABA Буферный модуль для компенсации провалов напряжения, 24VDC, 20А, крепление на DIN-рейк;DRB-24V020ABA;;Под заказ;https://intelka-shop.ru/proizvoditeli/delta/?section=19#
DRR - 20N Модуль резервного питания, 20 А, крепление на DIN-рейку, металлический корпус;DRR;;Под заказ;https://intelka-shop.ru/proizvoditeli/delta/?section=19#
PMU-27V155WCCA - Блок питания с функцией ИБП, 24 VDC, 5,5 A, сигнальный выход;PMU-27V155WCCA;;Под заказ;https://intelka-shop.ru/proizvoditeli/delta/?section=19#
DVPPS05 - Блок питания, 5 А;DVPPS05;DVPPS05;В наличии;https://intelka-shop.ru/proizvoditeli/delta/?section=19#
DVPPS02 - Блок питания, 2 А;DVPPS02;DVPPS02;В наличии;https://intelka-shop.ru/proizvoditeli/delta/?section=19#
DVPPS01 - Блок питания, 1 А;DVPPS01;;Под заказ;https://intelka-shop.ru/proizvoditeli/delta/?section=19#
PJU-27V60WCBA Uвх = 1х 90~264 В AC, U вых ном =27В DC, P вых макс = 60Вт (1,4А), с встроенным DС-UPS;PJU-27V60WCBA;;Под заказ;https://intelka-shop.ru/proizvoditeli/delta/?section=19#
PJU-13V60WCBA Uвх = 1х 90~264 В AC, U вых ном = 13,8В DC, P вых макс = 60Вт (3,5А), с встроенным DС-;PJU-13V60WCBA;;Под заказ;https://intelka-shop.ru/proizvoditeli/delta/?section=19#
PJT-24V65WBAA Uвх = 1х 85~264 В AC, U вых ном = 24В DC, P вых макс = 65Вт (2,71А), бескорпусное испо;PJT-24V65WBAA;;Под заказ;https://intelka-shop.ru/proizvoditeli/delta/?section=19#
PJT-24V40WBAA Uвх = 1х 85~264 В AC, U вых ном = 24В DC, P вых макс = 40Вт (1,66А), бескорпусное испо;PJT-24V40WBAA;;Под заказ;https://intelka-shop.ru/proizvoditeli/delta/?section=19#
PJT-24V100WBBA Uвх = 1х 85~264 В AC, U вых ном = 24В DC, P вых макс = 100Вт (3,33/4,17А), бескорпусн;PJT-24V100WBBA;;Под заказ;https://intelka-shop.ru/proizvoditeli/delta/?section=19#
PJT-24V100WBAA Uвх = 1х 85~264 В AC, U вых ном = 24В DC, P вых макс = 100Вт (4,17А), бескорпусное ис;PJT-24V100WBAA;;Под заказ;https://intelka-shop.ru/proizvoditeli/delta/?section=19#
PJT-18V65WBAA Uвх = 1х 90~264 В AC, U вых ном = 18В DC, P вых макс = 65Вт (3,6А), бескорпусное испол;PJT-18V65WBAA;;Под заказ;https://intelka-shop.ru/proizvoditeli/delta/?section=19#
PJT-18V100WBBA Uвх = 1х 90~264 В AC, U вых ном = 18В DC, P вых макс = 100Вт (5,5A/4,4А), бескорпусно;PJT-18V100WBBA;;Под заказ;https://intelka-shop.ru/proizvoditeli/delta/?section=19#
PJT-18V100WBAA Uвх = 1х 90~264 В AC, U вых ном = 18В DC, P вых макс = 100Вт (5,5A), бескорпусное исп;PJT-18V100WBAA;;Под заказ;https://intelka-shop.ru/proizvoditeli/delta/?section=19#
PJT-15V65WBAA Uвх = 1х 90~264 В AC, U вых ном = 15В DC, P вых макс = 65Вт (4,2А), бескорпусное испол;PJT-15V65WBAA;;Под заказ;https://intelka-shop.ru/proizvoditeli/delta/?section=19#
PJT-15V40WBAA Uвх = 1х 90~264 В AC, U вых ном = 15В DC, P вых макс = 40Вт (2,7А), бескорпусное испол;PJT-15V40WBAA;;Под заказ;https://intelka-shop.ru/proizvoditeli/delta/?section=19#
PJT-15V100WBBA Uвх = 1х 90~264 В AC, U вых ном = 15В DC, P вых макс = 100Вт (6,7А/5,3А), бескорпусно;PJT-15V100WBBA;;Под заказ;https://intelka-shop.ru/proizvoditeli/delta/?section=19#
PJT-15V100WBAA Uвх = 1х 90~264 В AC, U вых ном = 15В DC, P вых макс = 100Вт (6,7А), бескорпусное исп;PJT-15V100WBAA;;Под заказ;https://intelka-shop.ru/proizvoditeli/delta/?section=19#
PJT-12V65WBAA Uвх = 1х 85~264 В AC, U вых ном = 12В DC, P вых макс = 65Вт (5,0А), бескорпусное испол;PJT-12V65WBAA;;Под заказ;https://intelka-shop.ru/proizvoditeli/delta/?section=19#
PJT-12V40WBAA Uвх = 1х 85~264 В AC, U вых ном = 12В DC, P вых макс = 40Вт (3,33А), бескорпусное испо;PJT-12V40WBAA;;Под заказ;https://intelka-shop.ru/proizvoditeli/delta/?section=19#
PJT-12V100WBBA Uвх = 1х 85~264 В AC, U вых ном = 12В DC, P вых макс = 100Вт (6,67/8,33А), бескорпусн;PJT-12V100WBBA;;Под заказ;https://intelka-shop.ru/proizvoditeli/delta/?section=19#
PJT-12V100WBAA Uвх = 1х 85~264 В AC, U вых ном = 12В DC, P вых макс = 100Вт (8,33А), бескорпусное ис;PJT-12V100WBAA;;Под заказ;https://intelka-shop.ru/proizvoditeli/delta/?section=19#
PJB-24V240WCNA Uвх = 1х 85~264 В AC, U вых ном = 24В DC, P вых макс = 240Вт (10А), буст до 10 сек, и;PJB-24V240WCNA;;Под заказ;https://intelka-shop.ru/proizvoditeli/delta/?section=19#
PJB-24V240WBNA Uвх = 1х 85~264 В AC, U вых ном = 24В DC, P вых макс = 240Вт 10А), буст до 10 сек, бе;PJB-24V240WBNA;;Под заказ;https://intelka-shop.ru/proizvoditeli/delta/?section=19#
PJB-24V150WCNA Uвх = 1х 85~264 В AC, U вых ном = 24В DC, P вых макс = 150Вт (6,3А), буст до 10 сек,;PJB-24V150WCNA;;Под заказ;https://intelka-shop.ru/proizvoditeli/delta/?section=19#
PJB-24V150WBNA Uвх = 1х 85~264 В AC, U вых ном = 24В DC, P вых макс = 150Вт (6,3А), буст до 10 сек,;PJB-24V150WBNA;;Под заказ;https://intelka-shop.ru/proizvoditeli/delta/?section=19#
PJB-24V100WCNA Uвх = 1х 85~264 В AC, U вых ном = 24В DC, P вых макс = 103,2Вт (4,3А), буст до 10 сек;PJB-24V100WCNA;;Под заказ;https://intelka-shop.ru/proizvoditeli/delta/?section=19#
PJB-24V100WBNA Uвх = 1х 85~264 В AC, U вых ном = 24В DC, P вых макс = 103,2Вт (4,3А), буст до 10 сек;PJB-24V100WBNA;;Под заказ;https://intelka-shop.ru/proizvoditeli/delta/?section=19#
PJ-5V15WLNA Блок питания 85~264 В AC, 5В DC, P вых макс = 15Вт (3А), исполнение с кожухом и монтажны;PJ-5V15WLNA;;Под заказ;https://intelka-shop.ru/proizvoditeli/delta/?section=19#
PJ-5V15WCNA Блок питания 85~264 В AC, 5В DC, P вых макс = 15Вт (3А), закрытое исполнение;PJ-5V15WCNA;;Под заказ;https://intelka-shop.ru/proizvoditeli/delta/?section=19#
PJ-5V15WBNA Блок питания 85~264 В AC, 5В DC, P вых макс = 15Вт (3А), бескорпусное исполнение;PJ-5V15WBNA;;Под заказ;https://intelka-shop.ru/proizvoditeli/delta/?section=19#
PJ-48V50WLNA Блок питания 85~264 В AC, 48В DC, P вых макс = 52,8Вт (1,1А), исполнение с кожухом и мо;PJ-48V50WLNA;;Под заказ;https://intelka-shop.ru/proizvoditeli/delta/?section=19#
PJ-48V50WCNA Блок питания 85~264 В AC, 48В DC, P вых макс = 52,8Вт (1,1А), закрытое исполнение;PJ-48V50WCNA;;Под заказ;https://intelka-shop.ru/proizvoditeli/delta/?section=19#
PJ-48V50WBNA Блок питания 85~264 В AC, 48В DC, P вых макс = 52,8Вт (1,1А), бескорпусное исполнение;PJ-48V50WBNA;;Под заказ;https://intelka-shop.ru/proizvoditeli/delta/?section=19#
PJ-24V50WCNA Блок питания 85~264 В AC, 24В DC, P вых макс = 50,4Вт (2,1А), закрытое исполнение;PJ-24V50WCNA;;Под заказ;https://intelka-shop.ru/proizvoditeli/delta/?section=19#
PJ-24V50WLNA Блок питания 85~264 В AC, 24В DC, P вых макс = 50,4Вт (2,1А), исполнение с кожухом и мо;PJ-24V50WLNA;;Под заказ;https://intelka-shop.ru/proizvoditeli/delta/?section=19#
MKC-KPPK - Монтажный комплект для пультов VFD-C(CP)2000;MKC-KPPK;MKC-KPPK;Под заказ;https://intelka-shop.ru/proizvoditeli/delta/?section=19#
EG5010C Кабель для выноса пульта 5 м;EG5010C;;Под заказ;https://intelka-shop.ru/proizvoditeli/delta/?section=19#
EG2010C - Кабель для выноса пульта 2 м;EG2010C;;Под заказ;https://intelka-shop.ru/proizvoditeli/delta/?section=19#
EG0610C - Кабель для выноса пульта 0.6 м;EG0610C;;Под заказ;https://intelka-shop.ru/proizvoditeli/delta/?section=19#
EG5010A - Кабель для выноса пульта 5 м;EG5010A;EG5010A;В наличии;https://intelka-shop.ru/proizvoditeli/delta/?section=19#
EG3010A - Кабель для выноса пульта 3 м;EG3010A;EG3010A;В наличии;https://intelka-shop.ru/proizvoditeli/delta/?section=19#
EG2010A - Кабель для выноса пульта 2 м;EG2010A;EG2010A;Под заказ;https://intelka-shop.ru/proizvoditeli/delta/?section=19#
EG1010A - Кабель для выноса пульта 1 м;EG1010A;EG1010A;Под заказ;https://intelka-shop.ru/proizvoditeli/delta/?section=19#
RJ-01 - Кабель для выносных пультов по RS-485 1 м;RJ-01;;Под заказ;https://intelka-shop.ru/proizvoditeli/delta/?section=19#
KPC-CC01 - Пульт с LCD-дисплеем для VFD-C;KPC-CC01;KPC-CC01;В наличии;https://intelka-shop.ru/proizvoditeli/delta/?section=19#
KPV-CE01 - Пульт копирования настроек для VFD-VE;KPV-CE01;;Под заказ;https://intelka-shop.ru/proizvoditeli/delta/?section=19#
KPC-CE01 - Пульт с LED-дисплеем для VFD-C;KPC-CE01;;Под заказ;https://intelka-shop.ru/proizvoditeli/delta/?section=19#
VFD-PU06 - Пульт копирования настроек для VFD-L, -S, -EL, -E, -B, -M, -F;VFD-PU06;;Под заказ;https://intelka-shop.ru/proizvoditeli/delta/?section=19#
RC-01 - Выносной пульт управления RC-01 с аналоговым индикатором и потенциометром;RC-01;;Под заказ;https://intelka-shop.ru/proizvoditeli/delta/?section=19#
Пульт для преобразователей частоты серии VFD-E темносерого цвета KPE-LE02;KPE-LE02;KPE-LE02;В наличии;https://intelka-shop.ru/proizvoditeli/delta/?section=19#
VFD6300CP43C-21 - Частотный преобразователь (630 кВт 3ф 400 В);VFD6300CP43C-21;VFD6300CP43C-21;Под заказ;https://intelka-shop.ru/proizvoditeli/delta/?section=19#
VFD5000CP43C-21 - Частотный преобразователь (500 кВт 3ф 400 В);VFD5000CP43C-21;VFD5000CP43C-21;Под заказ;https://intelka-shop.ru/proizvoditeli/delta/?section=19#
VFD4000CP43C-21 - Частотный преобразователь (400 кВт 3ф 400 В);VFD4000CP43C-21;VFD4000CP43C-21;Под заказ;https://intelka-shop.ru/proizvoditeli/delta/?section=19#
VFD3550CP43C-21 - Частотный преобразователь (355 кВт 3ф 400 В);VFD3550CP43C-21;VFD3550CP43C-21;Под заказ;https://intelka-shop.ru/proizvoditeli/delta/?section=19#
VFD3150CP43C-21 - Частотный преобразователь (315 кВт 3ф 400 В);VFD3150CP43C-21;VFD3150CP43C-21;В наличии;https://intelka-shop.ru/proizvoditeli/delta/?section=19#
VFD2800CP43A-21 - Частотный преобразователь (280 кВт 3ф 400 В);VFD2800CP43A-21;VFD2800CP43A-21;В наличии;https://intelka-shop.ru/proizvoditeli/delta/?section=19#
VFD2200CP43A-21 - Частотный преобразователь (220 кВт 3ф 400 В);VFD2200CP43A-21;VFD2200CP43A-21;В наличии;https://intelka-shop.ru/proizvoditeli/delta/?section=19#
VFD1850CP43B-21 - Частотный преобразователь (185 кВт 3ф 400 В);VFD1850CP43B-21;VFD1850CP43B-21;Под заказ;https://intelka-shop.ru/proizvoditeli/delta/?section=19#
VFD1600CP43A-21 - Частотный преобразователь (160 кВт 3ф 400 В);VFD1600CP43A-21;VFD1600CP43A-21;В наличии;https://intelka-shop.ru/proizvoditeli/delta/?section=19#
VFD1100CP43A-21 - Частотный преобразователь (110 кВт 3ф 400 В);VFD1100CP43A-21;VFD1100CP43A-21;В наличии;https://intelka-shop.ru/proizvoditeli/delta/?section=19#
VFD900CP43A-21 - Частотный преобразователь (90кВт 3ф 400В);VFD900CP43A-21;VFD900CP43A-21;В наличии;https://intelka-shop.ru/proizvoditeli/delta/?section=19#
VFD750CP43B-21 - Частотный преобразователь (75кВт 3ф 400В);VFD750CP43B-21;VFD750CP43B-21;В наличии;https://intelka-shop.ru/proizvoditeli/delta/?section=19#
VFD550CP43S-21 - Частотный преобразователь (55 кВт 3ф 400 В);VFD550CP43S-21;VFD550CP43S-21;В наличии;https://intelka-shop.ru/proizvoditeli/delta/?section=19#
VFD370CP43B-21 - Частотный преобразователь (37 кВт 3ф 400 В), встроенный тормозной ключ;VFD370CP43B-21;VFD370CP43B-21;Под заказ;https://intelka-shop.ru/proizvoditeli/delta/?section=19#
VFD300CP43B-21 - Частотный преобразователь (30 кВт 3ф 400 В), встроенный тормозной ключ;VFD300CP43B-21;VFD300CP43B-21;В наличии;https://intelka-shop.ru/proizvoditeli/delta/?section=19#
VFD220CP4EA-21 - Частотный преобразователь (22 кВт 3ф 400 В), встроенный тормозной ключ;VFD220CP4EA-21;VFD220CP4EA-21;Под заказ;https://intelka-shop.ru/proizvoditeli/delta/?section=19#
VFD220CP43A-21 - Частотный преобразователь (22 кВт 3ф 400 В), встроенный тормозной ключ;VFD220CP43A-21;VFD220CP43A-21;В наличии;https://intelka-shop.ru/proizvoditeli/delta/?section=19#
VFD185CP4EB-21 - Частотный преобразователь (18.5 кВт 3ф 400 В), встроенный тормозной ключ;VFD185CP4EB-21;VFD185CP4EB-21;Под заказ;https://intelka-shop.ru/proizvoditeli/delta/?section=19#
VFD185CP43B-21 - Частотный преобразователь (18.5 кВт 3ф 400 В), встроенный тормозной ключ;VFD185CP43B-21;VFD185CP43B-21;В наличии;https://intelka-shop.ru/proizvoditeli/delta/?section=19#
VFD150CP4EB-21 - Частотный преобразователь (15 кВт 3ф 400 В), встроенный тормозной ключ;VFD150CP4EB-21;VFD150CP4EB-21;В наличии;https://intelka-shop.ru/proizvoditeli/delta/?section=19#
VFD150CP43B-21 - Частотный преобразователь (15 кВт 3ф 400 В), встроенный тормозной ключ;VFD150CP43B-21;VFD150CP43B-21;Под заказ;https://intelka-shop.ru/proizvoditeli/delta/?section=19#
VFD110CP4EB-21 - Частотный преобразователь (11 кВт 3ф 400 В), встроенный тормозной ключ;VFD110CP4EB-21;;Под заказ;https://intelka-shop.ru/proizvoditeli/delta/?section=19#
VFD110CP43B-21 - Частотный преобразователь (11 кВт 3ф 400 В), встроенный тормозной ключ;VFD110CP43B-21;VFD110CP43B-21;В наличии;https://intelka-shop.ru/proizvoditeli/delta/?section=19#
VFD075CP4EB-21 - Частотный преобразователь (7.5 кВт 3ф 400 В), встроенный тормозной ключ;VFD075CP4EB-21;;Под заказ;https://intelka-shop.ru/proizvoditeli/delta/?section=19#
VFD075CP43B-21 - Частотный преобразователь (7.5 кВт 3ф 400 В), встроенный тормозной ключ;VFD075CP43B-21;VFD075CP43B-21;В наличии;https://intelka-shop.ru/proizvoditeli/delta/?section=19#
VFD055CP4EB-21 - Частотный преобразователь (5.5 кВт 3ф 400 В), встроенный тормозной ключ;VFD055CP4EB-21;VFD055CP4EB-21;Под заказ;https://intelka-shop.ru/proizvoditeli/delta/?section=19#
VFD055CP43B-21 - Частотный преобразователь (5.5 кВт 3ф 400 В), встроенный тормозной ключ;VFD055CP43B-21;VFD055CP43B-21;В наличии;https://intelka-shop.ru/proizvoditeli/delta/?section=19#
VFD040CP4EA-21 - Частотный преобразователь (4.0 кВт 3ф 400 В), встроенный тормозной ключ;VFD040CP4EA-21;VFD040CP4EA-21;Под заказ;https://intelka-shop.ru/proizvoditeli/delta/?section=19#
VFD040CP43A-21 - Частотный преобразователь (4.0 кВт 3ф 400 В), встроенный тормозной ключ;VFD040CP43A-21;VFD040CP43A-21;В наличии;https://intelka-shop.ru/proizvoditeli/delta/?section=19#
VFD037CP4EB-21 - Частотный преобразователь (3.7 кВт 3ф 400 В), встроенный тормозной ключ;VFD037CP4EB-21;VFD037CP4EB-21;Под заказ;https://intelka-shop.ru/proizvoditeli/delta/?section=19#
VFD037CP43B-21 - Частотный преобразователь (3.7 кВт 3ф 400 В), встроенный тормозной ключ;VFD037CP43B-21;VFD037CP43B-21;В наличии;https://intelka-shop.ru/proizvoditeli/delta/?section=19#
VFD022CP4EB-21 - Частотный преобразователь (2.2 кВт 3ф 400 В), встроенный тормозной ключ;VFD022CP4EB-21;VFD022CP4EB-21;Под заказ;https://intelka-shop.ru/proizvoditeli/delta/?section=19#
VFD022CP43B-21 - Частотный преобразователь (2.2 кВт 3ф 400 В), встроенный тормозной ключ;VFD022CP43B-21;VFD022CP43B-21;Под заказ;https://intelka-shop.ru/proizvoditeli/delta/?section=19#
VFD015CP4EB-21 - Частотный преобразователь (1.5 кВт 3ф 400 В), встроенный тормозной ключ;VFD015CP4EB-21;VFD015CP4EB-21;Под заказ;https://intelka-shop.ru/proizvoditeli/delta/?section=19#
VFD015CP43B-21 - Частотный преобразователь (1.5 кВт 3ф 400 В), встроенный тормозной ключ;VFD015CP43B-21;VFD015CP43B-21;В наличии;https://intelka-shop.ru/proizvoditeli/delta/?section=19#
VFD007CP4EA-21 - Частотный преобразователь (0.75 кВт 3ф 400 В), встроенный тормозной ключ;VFD007CP4EA-21;VFD007CP4EA-21;Под заказ;https://intelka-shop.ru/proizvoditeli/delta/?section=19#
VFD007CP43A-21 - Частотный преобразователь (0.75 кВт 3ф 400 В), встроенный тормозной ключ;VFD007CP43A-21;VFD007CP43A-21;В наличии;https://intelka-shop.ru/proizvoditeli/delta/?section=19#
VFD900FP4EA-52S - Частотный преобразователь (90кВт 3ф 400В), встроенный фильтр ЭМС;VFD900FP4EA-52S;VFD900FP4EA-52S;Под заказ;https://intelka-shop.ru/proizvoditeli/delta/?section=19#
VFD900FP4EA-52 - Частотный преобразователь (90кВт 3ф 400В), встроенный фильтр ЭМС;VFD900FP4EA-52;VFD900FP4EA-52;Под заказ;https://intelka-shop.ru/proizvoditeli/delta/?section=19#
EMF039A43A - Радиочастотный фильтр 3Ф, 400 В/39 А;EMF039A43A;;Под заказ;https://intelka-shop.ru/proizvoditeli/delta/?section=19#
EMF033A43A - Радиочастотный фильтр 3Ф, 400 В/33 А;EMF033A43A;;Под заказ;https://intelka-shop.ru/proizvoditeli/delta/?section=19#
RF110B43CA - Радиочастотный фильтр 3Ф, 400В/11 кВт;RF110B43CA;;Под заказ;https://intelka-shop.ru/proizvoditeli/delta/?section=19#
EMF018A43A - Радиочастотный фильтр 3Ф, 400 В/18 А;EMF018A43A;;Под заказ;https://intelka-shop.ru/proizvoditeli/delta/?section=19#
EMF014A43A - Радиочастотный фильтр 3Ф, 400 В/14 А;EMF014A43A;;Под заказ;https://intelka-shop.ru/proizvoditeli/delta/?section=19#
EMF023A21A - Радиочастотный фильтр 1Ф, 220 В/23 A;EMF023A21A;;Под заказ;https://intelka-shop.ru/proizvoditeli/delta/?section=19#
RF037B43BA - Радиочастотный фильтр 3Ф, 400В/3,7 кВт;RF037B43BA;;Под заказ;https://intelka-shop.ru/proizvoditeli/delta/?section=19#
EMF008A43A - Радиочастотный фильтр 3Ф, 400 В/8 А;EMF008A43A;;Под заказ;https://intelka-shop.ru/proizvoditeli/delta/?section=19#
EMF011A21A - Радиочастотный фильтр 1Ф, 220 В/11 A;EMF011A21A;;Под заказ;https://intelka-shop.ru/proizvoditeli/delta/?section=19#
RF004X00A - CORE 73.66*45.72*20(4AWG);RF004X00A;;Под заказ;https://intelka-shop.ru/proizvoditeli/delta/?section=19#
RF008X00A - CORE 63*38*25(8AWG);RF008X00A;;Под заказ;https://intelka-shop.ru/proizvoditeli/delta/?section=19#
RF220X00A - Zero Phase Reactor;RF220X00A;;Под заказ;https://intelka-shop.ru/proizvoditeli/delta/?section=19#
100TDS84C - Радиочастотный фильтр 3Ф, 400В/100А;100TDS84C;;Под заказ;https://intelka-shop.ru/proizvoditeli/delta/?section=19#
EMVL-PGS01 - Плата для подключения энкодера к VFD-VL;EMVL-PGS01;;Под заказ;https://intelka-shop.ru/proizvoditeli/delta/?section=19#
EMVL-PGABL-1 - Плата энкодера для VFD-VL12V/5V;EMVL-PGABL-1;;Под заказ;https://intelka-shop.ru/proizvoditeli/delta/?section=19#
CMM-PD01 - Profibus DP для VFD-MS/MH300;CMM-PD01;;Под заказ;https://intelka-shop.ru/proizvoditeli/delta/?section=19#
CMM-COP01 - CANopen для VFD-MS300;CMM-COP01;;Под заказ;https://intelka-shop.ru/proizvoditeli/delta/?section=19#
EMM-BPS01 - Плата резервного питания для VFD-MS/MH;EMM-BPS01;;Под заказ;https://intelka-shop.ru/proizvoditeli/delta/?section=19#
CMM-EIP01 - Modbus TCP/EtherNet IP для VFD-MS/MH300;CMM-EIP01;;Под заказ;https://intelka-shop.ru/proizvoditeli/delta/?section=19#
CMM-MOD01 - Modbus TCP для VFD-MS/MH300;CMM-MOD01;;Под заказ;https://intelka-shop.ru/proizvoditeli/delta/?section=19#
MKM-DRC - Крепление на DIN-рейку для VFD-Mx300, типоразмер C;MKM-DRC;;Под заказ;https://intelka-shop.ru/proizvoditeli/delta/?section=19#
MKM-DRB - Крепление на DIN-рейку для VFD-Mx300, типоразмер A/B;MKM-DRB;;Под заказ;https://intelka-shop.ru/proizvoditeli/delta/?section=19#
EMED-PGHSD-2 - Плата энкодера для VFD-ED-S;EMED-PGHSD-2;;Под заказ;https://intelka-shop.ru/proizvoditeli/delta/?section=19#
EMED-PGHSD-1 - Плата энкодера для VFD-ED-S;EMED-PGHSD-1;;Под заказ;https://intelka-shop.ru/proizvoditeli/delta/?section=19#
EMED-PGABD-1 - Плата энкодера для VFD-ED-S;EMED-PGABD-1;;Под заказ;https://intelka-shop.ru/proizvoditeli/delta/?section=19#
CMC-DN01 Коммуникационная плата для серий C/CP/CPF/CH, интерфейс DeviceNet;CMC-DN01;;Под заказ;https://intelka-shop.ru/proizvoditeli/delta/?section=19#
EMC-PG01U - Плата энкодера для серий С/CH;EMC-PG01U;;Под заказ;https://intelka-shop.ru/proizvoditeli/delta/?section=19#
EMC-PG01R - Плата энкодера для серий С/CH;EMC-PG01R;;Под заказ;https://intelka-shop.ru/proizvoditeli/delta/?section=19#
EMVL-IODA01 - Модуль расширения VFD-VL 2 аналоговых выхода/ 8 дискретных выходов;EMVL-IODA01;;Под заказ;https://intelka-shop.ru/proizvoditeli/delta/?section=19#
EMC-BPS01 - Модуль питания процессорной платы для частотных преобразователей серий С/CP/CFP/CH;EMC-BPS01;;Под заказ;https://intelka-shop.ru/proizvoditeli/delta/?section=19#
CMC-PD01 - Коммуникационная плата для серий C/CP/CPF/CH, интерфейс Profibus DP;CMC-PD01;CMC-PD01;В наличии;https://intelka-shop.ru/proizvoditeli/delta/?section=19#
CME-PD01 - Адаптер интерфейса ProfiBus DP для серии VFD-E/EL;CME-PD01;;Под заказ;https://intelka-shop.ru/proizvoditeli/delta/?section=19#
Плата энкодера для VFD-C EMC-PG01L;EMC-PG01L;EMC-PG01L;В наличии;https://intelka-shop.ru/proizvoditeli/delta/?section=19#
CME-COP01 - Адаптер интерфейса CANopen для серии VFD-E/EL;CME-COP01;;Под заказ;https://intelka-shop.ru/proizvoditeli/delta/?section=19#
Плата энкодера для частотных преобразователей серий C/CH, открытый коллектор EMC-PG01O;EMC-PG01O;EMC-PG01O;В наличии;https://intelka-shop.ru/proizvoditeli/delta/?section=19#
CMC-EIP01 Коммуникационная плата для серий C/CP/CPF/CH, интерфейс Ethernet/IP;CMC-EIP01;;Под заказ;https://intelka-shop.ru/proizvoditeli/delta/?section=19#
EMC-COP01 - Коммуникационная плата для серий C/CP/CPF/CH, интерфейс CANopen;EMC-COP01;;Под заказ;https://intelka-shop.ru/proizvoditeli/delta/?section=19#
Плата релейных выходов EMC-R6AA (6 нормально-разомкнутых контактов) для серий С/CP/CFP/CH EMC-R6AA;EMC-R6AA;EMC-R6AA;В наличии;https://intelka-shop.ru/proizvoditeli/delta/?section=19#
CME-USB01 - Плата расширения USB для серии VFD-E/EL;CME-USB01;;Под заказ;https://intelka-shop.ru/proizvoditeli/delta/?section=19#
EME-A22A - Плата расширения для серии VFD-E - вход энкодера;EME-A22A;;Под заказ;https://intelka-shop.ru/proizvoditeli/delta/?section=19#
EME-PG01 - Плата расширения для серии VFD-E - вход энкодера;EME-PG01;;Под заказ;https://intelka-shop.ru/proizvoditeli/delta/?section=19#
Плата расширения входов-выходов (4DI, 2DO) для серий С/CP/CFP/CH EMC-D42A;EMC-D42A;EMC-D42A;В наличии;https://intelka-shop.ru/proizvoditeli/delta/?section=19#
EME-R3AA - Плата расширения для серии VFD-E/EL - релейный выход;EME-R3AA;;Под заказ;https://intelka-shop.ru/proizvoditeli/delta/?section=19#
EME-R2CA - Плата расширения для серии VFD-E/EL - релейный выход;EME-R2CA;;Под заказ;https://intelka-shop.ru/proizvoditeli/delta/?section=19#
EME-D33A - Плата расширения для VFD-E/EL - 3 дискретных входа и 3 дискретных выхода;EME-D33A;;Под заказ;https://intelka-shop.ru/proizvoditeli/delta/?section=19#
DRP-24V48W1AZ - Блок питания 1х220 В, 48 Вт (2,0 А) пластиковый корпус;DRP-24V48W1AZ;;Под заказ;https://intelka-shop.ru/proizvoditeli/delta/?section=19#
DRP-24V240W2BN Uвх ном = 2 x 180-550В или 1х180-305В, Uвых = 24В, I нагрузки макс = 10 А, 240Вт, в м;DRP-24V240W2BN;;Под заказ;https://intelka-shop.ru/proizvoditeli/delta/?section=19#
DRP-24V120W2BN Uвх ном = 2 x 180-550В или 1х180-305В, Uвых = 24В, I нагрузки макс = 5 А, 120Вт, в ме;DRP-24V120W2BN;;Под заказ;https://intelka-shop.ru/proizvoditeli/delta/?section=19#
DRP-24V100W1NN Блок питания 1х220В, Uвых = 24В, I нагрузки макс = 3,8 А, 100Вт, в металлическом корп;DRP-24V100W1NN;;Под заказ;https://intelka-shop.ru/proizvoditeli/delta/?section=19#
DRP048V240W1BN Блок питания 1х220В, Uвых = 48В, I нагрузки макс = 5 А, 240Вт, в металлическом корпус;DRP048V240W1BN;;Под заказ;https://intelka-shop.ru/proizvoditeli/delta/?section=19#
DRM-24V960W1PN 24 VDC, 40А, 960Вт, вх. 1*220В, метал. корпус, буст до 7 сек, функ. APB, реле, LED;DRM-24V960W1PN;;Под заказ;https://intelka-shop.ru/proizvoditeli/delta/?section=19#
DRM-24V80W1PN - Блок питания 1х220 В AC или 88-375 В DC, Uвых =24 В, нагрузки максимально = 3.4 А;DRM-24V80W1PN;;В наличии;https://intelka-shop.ru/proizvoditeli/delta/?section=19#
DRM-24V240W1PN - Блок питания 1х220 В AC или 88-375 В DC, Uвых =24 В, нагрузки максимально = 10 А;DRM-24V240W1PN;;Под заказ;https://intelka-shop.ru/proizvoditeli/delta/?section=19#
DRM-24V120W1PN - Блок питания 1х220 В AC или 88-375 В DC, Uвых =24 В, нагрузки максимально = 5 А;DRM-24V120W1PN;;Под заказ;https://intelka-shop.ru/proizvoditeli/delta/?section=19#
DRM-24V480W1PN - Блок питания 1х220 В AC или 88-375 В DC, Uвых =24 В, нагрузки максимально = 20 А;DRM-24V480W1PN;;Под заказ;https://intelka-shop.ru/proizvoditeli/delta/?section=19#
DRV-24V480W1PN Источник питания, Uвх ном = 1х220В, I нагрузки макс = 20 А, 480Вт, в металлическом ко;DRV-24V480W1PN;;Под заказ;https://intelka-shop.ru/proizvoditeli/delta/?section=19#
DRV-24V240W1PN - Блок питания, Uвх ном = 1х220 В, I нагрузки макс = 10 А, 240 Вт;DRV-24V240W1PN;;Под заказ;https://intelka-shop.ru/proizvoditeli/delta/?section=19#
DRV-24V120W1PN - Блок питания, Uвх ном = 1х220 В, I нагрузки макс = 5 А, 120 Вт;DRV-24V120W1PN;;Под заказ;https://intelka-shop.ru/proizvoditeli/delta/?section=19#
UC-PRG030-20A - Кабель Ethernet, разъемы RJ45/RJ45, длина 3 м;UC-PRG030-20A;;Под заказ;https://intelka-shop.ru/proizvoditeli/delta/?section=19#
UC-PRG030-10A - Кабель связи TP04 c ПК (DB-9), 3м (аналог DVPACAB530) UC-PRG030-10A;UC-PRG030-10A;;Под заказ;https://intelka-shop.ru/proizvoditeli/delta/?section=19#
UC-PRG015-02A - Кабель связи панелей DOP-B/AS с ПК (ноутбуком) по USB;UC-PRG015-02A;;Под заказ;https://intelka-shop.ru/proizvoditeli/delta/?section=19#
"DVPACAB2A30 - Кабель связи ПЛК DVP с ПК или с панелями DOP-B и TP по RS232; 3,0 м";DVPACAB2A30;;Под заказ;https://intelka-shop.ru/proizvoditeli/delta/?section=19#
Панель оператора TP08G-BT2 (3.8 STN LCD, 240*128 точек, 512K FLASH, порты COM1/COM2, RTC, 24 клав;TP08G-BT2;;Под заказ;https://intelka-shop.ru/proizvoditeli/delta/?section=19#
Панель оператора TP04G-BL-C (4,1 STN LCD, 192*64 точек, 256K FLASH, ОЗУ 10кБ, RS232/RS485, RTC, ц;TP04G-BL-C;;Под заказ;https://intelka-shop.ru/proizvoditeli/delta/?section=19#
Панель оператора с ПЛК TP04P-32TP1R (4,1 STN LCD, 192*64 пикс., цифровые клавиши, 16 диск. вх./16;TP04P-32TP1R;;Под заказ;https://intelka-shop.ru/proizvoditeli/delta/?section=19#
Панель оператора с ПЛК TP04P-22XA1R (4.1 STN LCD, 192*64 пикс., цифровые клавиши, 8 диск. вх./8 д;TP04P-22XA1R;;Под заказ;https://intelka-shop.ru/proizvoditeli/delta/?section=19#
Панель оператора с ПЛК TP04P-21EX1R (4,1 STN LCD, 192*64 пикс., цифровые клавиши, 8 диск. вх./8 д;TP04P-21EX1R;;Под заказ;https://intelka-shop.ru/proizvoditeli/delta/?section=19#
Панель оператора с ПЛК TP04P-20EXL1T (4,1 STN LCD графическая 192*64 точек, 17 кнопок, 9 диск. вх;TP04P-20EXL1T;;Под заказ;https://intelka-shop.ru/proizvoditeli/delta/?section=19#
Панель оператора с ПЛК TP04P-16TP1R (4,1 STN LCD, 192*64 пикс., цифровые клавиши, 8 диск. вх./8 д;TP04P-16TP1R;;Под заказ;https://intelka-shop.ru/proizvoditeli/delta/?section=19#
Панель оператора DOP-115WX 15 TFT LCD 24bit, 1024x768, CPU Dual 1Гц, Flash ROM 8GB, RAM DDR3 1GB;DOP-115WX;;Под заказ;https://intelka-shop.ru/proizvoditeli/delta/?section=19#
Панель оператора DOP-115MX 15 TFT LCD 24bit, 1024x768, CPU Dual 1Гц, Flash ROM 8GB, RAM DDR3 1GB;DOP-115MX;;Под заказ;https://intelka-shop.ru/proizvoditeli/delta/?section=19#
Панель оператора DOP-112WX 12 TFT LCD 24bit, 1024x768, CPU Dual 1Гц, Flash ROM 8GB, RAM DDR3 1GB;DOP-112WX;;В наличии;https://intelka-shop.ru/proizvoditeli/delta/?section=19#
Панель оператора DOP-112MX 12 TFT LCD 24bit, 1024x768, CPU Dual 1Гц, Flash ROM 8GB, RAM DDR3 1GB;DOP-112MX;;Под заказ;https://intelka-shop.ru/proizvoditeli/delta/?section=19#
Панель оператора DOP-110WS LCD дисплей 10.1 1024 x 600, Cortex-A8 800 МГц, flash ROM 256М DOP-110WS;DOP-110WS;DOP-110WS;В наличии;https://intelka-shop.ru/proizvoditeli/delta/?section=19#
Панель оператора DOP-110CS 10.1 LCD, 1024 x 600,Cortex-A8 800 МГц,Flash ROM 256 MB, DOP-110CS;DOP-110CS;DOP-110CS;Под заказ;https://intelka-shop.ru/proizvoditeli/delta/?section=19#
Панель оператора DOP-107WV LCD дисплей 7 800 x 480,Cortex-A8 800 МГц, flash ROM 256Мб DOP-107WV;DOP-107WV;DOP-107WV;В наличии;https://intelka-shop.ru/proizvoditeli/delta/?section=19#
Панель оператора DOP-107EV 7 LCD, 800 x 480,Cortex-A8 800 МГц, Flash ROM 256 MB, Ethernet;DOP-107EV;DOP-107EV;Под заказ;https://intelka-shop.ru/proizvoditeli/delta/?section=19#
Панель оператора DOP-107EG 7 LCD, 800 x 600,Cortex-A8 800 МГц, Flash ROM 256 MB,Ethernet;DOP-107EG;DOP-107EG;Под заказ;https://intelka-shop.ru/proizvoditeli/delta/?section=19#
Панель оператора DOP-107BV LCD дисплей 7, 800 x 480,Cortex-A8 800 МГц, Flash ROM 256 MB DOP-107BV;DOP-107BV;DOP-107BV;В наличии;https://intelka-shop.ru/proizvoditeli/delta/?section=19#
Панель оператора DOP-103WQ LCD дисплей 4.3 480 x 272 пикс.Cortex-A8 800 МГц, flash ROM 256 MB;DOP-103WQ;DOP-103WQ;Под заказ;https://intelka-shop.ru/proizvoditeli/delta/?section=19#
"Панель оператора DOP-103BQ LCD дисплей 4.3"", 480 x 272,Cortex-A8 800 МГц, Flash ROM 256 MB, USB";DOP-103BQ;DOP-103BQ;Под заказ;https://intelka-shop.ru/proizvoditeli/delta/?section=19#
T60006L2160V066 - CORE 166.9*123.9*30.5;T60006L2160V066;;Под заказ;https://intelka-shop.ru/proizvoditeli/delta/?section=19#
B84143B1000S020 - Радиочастотный фильтр 3Ф, 400В/1000А;B84143B1000S020;;Под заказ;https://intelka-shop.ru/proizvoditeli/delta/?section=19#
B84143B0400S020 - Радиочастотный фильтр 3Ф, 400В/400А;B84143B0400S020;;Под заказ;https://intelka-shop.ru/proizvoditeli/delta/?section=19#
B84143D0200R127 - Радиочастотный фильтр 3Ф, 400В/200А;B84143D0200R127;;Под заказ;https://intelka-shop.ru/proizvoditeli/delta/?section=19#
B84143B0250S020 - Радиочастотный фильтр 3Ф, 400В/250А;B84143B0250S020;;Под заказ;https://intelka-shop.ru/proizvoditeli/delta/?section=19#
B84143D0150R127 - Радиочастотный фильтр 3Ф, 400В/150А;B84143D0150R127;;Под заказ;https://intelka-shop.ru/proizvoditeli/delta/?section=19#
200TDDS84C - Радиочастотный фильтр 3Ф, 400В/200А;200TDDS84C;;Под заказ;https://intelka-shop.ru/proizvoditeli/delta/?section=19#
RF300X00A - CORE 204*156*35(300MCM);RF300X00A;;Под заказ;https://intelka-shop.ru/proizvoditeli/delta/?section=19#
150TDS84C - Радиочастотный фильтр 3Ф, 400В/150А;150TDS84C;;Под заказ;https://intelka-shop.ru/proizvoditeli/delta/?section=19#
50TDS4W4C - Радиочастотный фильтр 3Ф, 400В/50А;50TDS4W4C;;Под заказ;https://intelka-shop.ru/proizvoditeli/delta/?section=19#
RF002X00A - CORE 160*90*20(2AWG);RF002X00A;;Под заказ;https://intelka-shop.ru/proizvoditeli/delta/?section=19#
VFD300ED43S - Частотный преобразователь, 30кВт 3ф 400В, встроенный тормозной ключ;VFD300ED43S;VFD300ED43S;Под заказ;https://intelka-shop.ru/proizvoditeli/delta/?section=19#
VFD220ED43S - Частотный преобразователь, 22кВт 3ф 400В, встроенный тормозной ключ;VFD220ED43S;VFD220ED43S;Под заказ;https://intelka-shop.ru/proizvoditeli/delta/?section=19#
VFD185ED43S - Частотный преобразователь, 18.5кВт 3ф 400В, встроенный тормозной ключ;VFD185ED43S;VFD185ED43S;Под заказ;https://intelka-shop.ru/proizvoditeli/delta/?section=19#
VFD150ED43S - Частотный преобразователь, 15кВт 3ф 400В, встроенный тормозной ключ;VFD150ED43S;VFD150ED43S;Под заказ;https://intelka-shop.ru/proizvoditeli/delta/?section=19#
VFD110ED43S - Частотный преобразователь, 11кВт 3ф 400В, встроенный тормозной ключ;VFD110ED43S;VFD110ED43S;Под заказ;https://intelka-shop.ru/proizvoditeli/delta/?section=19#
VFD075ED43S - Частотный преобразователь, 7.5кВт 3ф 400В, встроенный тормозной ключ;VFD075ED43S;VFD075ED43S;Под заказ;https://intelka-shop.ru/proizvoditeli/delta/?section=19#
VFD055ED43S - Частотный преобразователь, 5.5кВт 3ф 400В, встроенный тормозной ключ;VFD055ED43S;VFD055ED43S;Под заказ;https://intelka-shop.ru/proizvoditeli/delta/?section=19#
VFD037EL43A - Частотный преобразователь (3.7 кВт 3ф 400 В), встроенный фильтр ЭМС;VFD037EL43A;VFD037EL43A;В наличии;https://intelka-shop.ru/proizvoditeli/delta/?section=19#
VFD022EL43A - Частотный преобразователь (2.2 кВт 3ф 400 В), встроенный фильтр;VFD022EL43A;VFD022EL43A;В наличии;https://intelka-shop.ru/proizvoditeli/delta/?section=19#
VFD022EL21A - Частотный преобразователь (2.2 кВт 1ф 230 В);VFD022EL21A;VFD022EL21A;В наличии;https://intelka-shop.ru/proizvoditeli/delta/?section=19#
VFD015EL21A - Частотный преобразователь (1.5 кВт 1ф 230 В), встроенный фильтр ЭМС;VFD015EL21A;VFD015EL21A;В наличии;https://intelka-shop.ru/proizvoditeli/delta/?section=19#
VFD007EL21A - Частотный преобразователь (0.75 кВт 1ф 230 В), встроенный фильтр ЭМС;VFD007EL21A;VFD007EL21A;Под заказ;https://intelka-shop.ru/proizvoditeli/delta/?section=19#
VFD004EL21A - Частотный преобразователь (0.4 кВт 1ф 230 В), встроенный фильтр ЭМС;VFD004EL21A;VFD004EL21A;Под заказ;https://intelka-shop.ru/proizvoditeli/delta/?section=19#
VFD002EL21A - Частотный преобразователь (0.2 кВт 1ф 230 В), встроенный фильтр ЭМС;VFD002EL21A;VFD002EL21A;Под заказ;https://intelka-shop.ru/proizvoditeli/delta/?section=19#
VFD5600C43A-00 - Частотный преобразователь (560 кВт 3ф 400 В);VFD5600C43A-00;VFD5600C43A-00;Под заказ;https://intelka-shop.ru/proizvoditeli/delta/?section=19#
VFD5000C43A-00 - Частотный преобразователь (500 кВт 3ф 400 В);VFD5000C43A-00;VFD5000C43A-00;Под заказ;https://intelka-shop.ru/proizvoditeli/delta/?section=19#
VFD4500C43A-00 - Частотный преобразователь (450 кВт 3ф 400 В);VFD4500C43A-00;VFD4500C43A-00;Под заказ;https://intelka-shop.ru/proizvoditeli/delta/?section=19#
VFD4000C43A-00 - Частотный преобразователь (400 кВт 3ф 400 В);VFD4000C43A-00;VFD4000C43A-00;Под заказ;https://intelka-shop.ru/proizvoditeli/delta/?section=19#
VFD3550C43A-00 - Частотный преобразователь (355 кВт 3ф 400 В);VFD3550C43A-00;VFD3550C43A-00;Под заказ;https://intelka-shop.ru/proizvoditeli/delta/?section=19#
VFD3150C43A-00 - Частотный преобразователь (315 кВт 3ф 400 В);VFD3150C43A-00;VFD3150C43A-00;Под заказ;https://intelka-shop.ru/proizvoditeli/delta/?section=19#
VFD2800C43A-00 - Частотный преобразователь (280 кВт 3ф 400 В);VFD2800C43A-00;VFD2800C43A-00;Под заказ;https://intelka-shop.ru/proizvoditeli/delta/?section=19#
VFD2500C43A-00 - Частотный преобразователь (250 кВт 3ф 400 В;VFD2500C43A-00;VFD2500C43A-00;В наличии;https://intelka-shop.ru/proizvoditeli/delta/?section=19#
VFD2200C43A-00 - Частотный преобразователь (220 кВт 3ф 400 В);VFD2200C43A-00;VFD2200C43A-00;Под заказ;https://intelka-shop.ru/proizvoditeli/delta/?section=19#
VFD2000C43A-00 - Частотный преобразователь (200 кВт 3ф 400 В);VFD2000C43A-00;VFD2000C43A-00;В наличии;https://intelka-shop.ru/proizvoditeli/delta/?section=19#
VFD1850C43A-00 - Частотный преобразователь (185 кВт 3ф 400 В);VFD1850C43A-00;VFD1850C43A-00;Под заказ;https://intelka-shop.ru/proizvoditeli/delta/?section=19#
VFD1600C43A-00 - Частотный преобразователь (160 кВт 3ф 400 В);VFD1600C43A-00;VFD1600C43A-00;В наличии;https://intelka-shop.ru/proizvoditeli/delta/?section=19#
VFD1320C43A-00 - Частотный преобразователь (132 кВт 3ф 400 В);VFD1320C43A-00;VFD1320C43A-00;Под заказ;https://intelka-shop.ru/proizvoditeli/delta/?section=19#
VFD1100C43A-00 - Частотный преобразователь (110 кВт 3ф 400 В);VFD1100C43A-00;VFD1100C43A-00;В наличии;https://intelka-shop.ru/proizvoditeli/delta/?section=19#
VFD900C43A-00 - Частотный преобразователь (90кВт 3ф 400В);VFD900C43A-00;VFD900C43A-00;В наличии;https://intelka-shop.ru/proizvoditeli/delta/?section=19#
VFD750C43A-00 - Частотный преобразователь (75кВт 3ф 400В);VFD750C43A-00;VFD750C43A-00;Под заказ;https://intelka-shop.ru/proizvoditeli/delta/?section=19#
VFD550C43A-00 - Частотный преобразователь (55 кВт 3ф 400 В);VFD550C43A-00;VFD550C43A-00;В наличии;https://intelka-shop.ru/proizvoditeli/delta/?section=19#
VFD450C43S-00 - Частотный преобразователь (45 кВт 3ф 400 В);VFD450C43S-00;VFD450C43S-00;В наличии;https://intelka-shop.ru/proizvoditeli/delta/?section=19#
VFD370C43S-00 - Частотный преобразователь (37 кВт 3ф 400 В);VFD370C43S-00;VFD370C43S-00;В наличии;https://intelka-shop.ru/proizvoditeli/delta/?section=19#
VFD300C43A-21 - Частотный преобразователь (30 кВт 3ф 400 В), встроенный тормозной ключ;VFD300C43A-21;VFD300C43A-21;В наличии;https://intelka-shop.ru/proizvoditeli/delta/?section=19#
VFD220C43A-21 - Частотный преобразователь (22 кВт 3ф 400 В), встроенный тормозной ключ;VFD220C43A-21;VFD220C43A-21;В наличии;https://intelka-shop.ru/proizvoditeli/delta/?section=19#
VFD185C43A-21 - Частотный преобразователь (18.5 кВт 3ф 400 В), встроенный тормозной ключ;VFD185C43A-21;VFD185C43А-21;В наличии;https://intelka-shop.ru/proizvoditeli/delta/?section=19#
VFD150C43A-21 - Частотный преобразователь (15 кВт 3ф 400 В), встроенный тормозной ключ;VFD150C43A-21;VFD150C43А-21;В наличии;https://intelka-shop.ru/proizvoditeli/delta/?section=19#
VFD110C43A-21 - Частотный преобразователь (11 кВт 3ф 400 В), встроенный тормозной ключ;VFD110C43A-21;VFD110C43A-21;В наличии;https://intelka-shop.ru/proizvoditeli/delta/?section=19#
VFD075C43A-21 - Частотный преобразователь (7.5 кВт 3ф 400 В), встроенный тормозной ключ;VFD075C43A-21;VFD075C43A-21;В наличии;https://intelka-shop.ru/proizvoditeli/delta/?section=19#
VFD055C43A-21 - Частотный преобразователь (5.5 кВт 3ф 400 В), встроенный тормозной ключ;VFD055C43A-21;VFD055C43A-21;В наличии;https://intelka-shop.ru/proizvoditeli/delta/?section=19#
VFD040C43A-21 - Частотный преобразователь (4 кВт 3ф 400 В), встроенный тормозной ключ;VFD040C43A-21;VFD040C43A-21;В наличии;https://intelka-shop.ru/proizvoditeli/delta/?section=19#
VFD037C43A-21 - Частотный преобразователь (3.7 кВт 3ф 400 В), встроенный тормозной ключ;VFD037C43A-21;VFD037C43A-21;Под заказ;https://intelka-shop.ru/proizvoditeli/delta/?section=19#
VFD022C43A-21 - Частотный преобразователь (2.2 кВт 3ф 400 В), встроенный тормозной ключ;VFD022C43A-21;VFD022C43A-21;В наличии;https://intelka-shop.ru/proizvoditeli/delta/?section=19#
VFD015C43A-21 - Частотный преобразователь (1.5 кВт 3ф 400 В), встроенный тормозной ключ;VFD015C43A-21;VFD015C43A-21;В наличии;https://intelka-shop.ru/proizvoditeli/delta/?section=19#
VFD007C43A-21 - Частотный преобразователь (0.75 кВт 3ф 400 В), встроенный тормозной ключ;VFD007C43A-21;VFD007C43A-21;Под заказ;https://intelka-shop.ru/proizvoditeli/delta/?section=19#
PJ-24V50WBNA Блок питания 85~264 В AC, 24В DC, P вых макс = 50,4Вт (2,1А), бескорпусное исполнение;PJ-24V50WBNA;;Под заказ;https://intelka-shop.ru/proizvoditeli/delta/?section=19#
PJ-24V30WLNA Блок питания 85~264 В AC, 24В DC, P вых макс = 31,2Вт (1,3А), исполнение с кожухом и мо;PJ-24V30WLNA;;Под заказ;https://intelka-shop.ru/proizvoditeli/delta/?section=19#
PJ-24V30WCNA Блок питания 85~264 В AC, 24В DC, P вых макс = 31,2Вт (1,3А), закрытое исполнение;PJ-24V30WCNA;;Под заказ;https://intelka-shop.ru/proizvoditeli/delta/?section=19#
PJ-24V30WBNA Блок питания 85~264 В AC, 24В DC, P вых макс = 31,2Вт (1,3А), бескорпусное исполнение;PJ-24V30WBNA;;Под заказ;https://intelka-shop.ru/proizvoditeli/delta/?section=19#
PJ-24V150WLNA Блок питания 85~264 В AC, 24В DC, P вых макс = 150Вт (6,3А), исполнение с кожухом и мо;PJ-24V150WLNA;;Под заказ;https://intelka-shop.ru/proizvoditeli/delta/?section=19#
PJ-24V150WCNA Блок питания 85~264 В AC, 24В DC, P вых макс = 150Вт (6,3А), закрытое исполнение;PJ-24V150WCNA;;Под заказ;https://intelka-shop.ru/proizvoditeli/delta/?section=19#
PJ-24V150WBNA Блок питания 85~264 В AC, 24В DC, P вых макс = 150Вт (6,3А), бескорпусное исполнение;PJ-24V150WBNA;;Под заказ;https://intelka-shop.ru/proizvoditeli/delta/?section=19#
PJ-24V100WLNA Блок питания 85~264 В AC, 24В DC, P вых макс = 103,2Вт (4,3А), исполнение с кожухом и;PJ-24V100WLNA;;Под заказ;https://intelka-shop.ru/proizvoditeli/delta/?section=19#
PJ-24V100WCNA Блок питания 85~264 В AC, 24В DC, P вых макс = 103,2Вт (4,3А), закрытое исполнение;PJ-24V100WCNA;;Под заказ;https://intelka-shop.ru/proizvoditeli/delta/?section=19#
PJ-24V100WBNA Блок питания 85~264 В AC, 24В DC, P вых макс = 103,2Вт (4,3А), бескорпусное исполнение;PJ-24V100WBNA;;Под заказ;https://intelka-shop.ru/proizvoditeli/delta/?section=19#
PJ-12V50WLNA Блок питания 85~264 В AC, 12В DC, P вых макс = 51,6Вт (4,3А), исполнение с кожухом и мо;PJ-12V50WLNA;;Под заказ;https://intelka-shop.ru/proizvoditeli/delta/?section=19#
PJ-12V50WCNA Блок питания 85~264 В AC, 12В DC, P вых макс = 51,6Вт (4,3А), закрытое исполнение;PJ-12V50WCNA;;Под заказ;https://intelka-shop.ru/proizvoditeli/delta/?section=19#
PJ-12V50WBNA Блок питания 85~264 В AC, 12В DC, P вых макс = 51,6Вт (4,3А), бескорпусное исполнение;PJ-12V50WBNA;;Под заказ;https://intelka-shop.ru/proizvoditeli/delta/?section=19#
PJ-12V30WLNA Блок питания 85~264 В AC, 12В DC, P вых макс = 30Вт (2,5А), исполнение с кожухом и монт;PJ-12V30WLNA;;Под заказ;https://intelka-shop.ru/proizvoditeli/delta/?section=19#
PJ-12V30WCNA Блок питания 85~264 В AC, 12В DC, P вых макс = 30Вт (2,5А), закрытое исполнение;PJ-12V30WCNA;;Под заказ;https://intelka-shop.ru/proizvoditeli/delta/?section=19#
PJ-12V30WBNA Блок питания 85~264 В AC, 12В DC, P вых макс = 30Вт (2,5А), бескорпусное исполнение;PJ-12V30WBNA;;Под заказ;https://intelka-shop.ru/proizvoditeli/delta/?section=19#
PJ-12V15WBNA Блок питания 85~264 В AC, 12В DC, P вых макс = 15Вт (1,25А), бескорпусное исполнение;PJ-12V15WBNA;;Под заказ;https://intelka-shop.ru/proizvoditeli/delta/?section=19#
PJ-12V15WLNA Блок питания 85~264 В AC, 12В DC, P вых макс = 15Вт (1,25А), исполнение с кожухом и мон;PJ-12V15WLNA;;Под заказ;https://intelka-shop.ru/proizvoditeli/delta/?section=19#
PJ-12V15WCNA Блок питания 85~264 В AC, 12В DC, P вых макс = 15Вт (1,25А), закрытое исполнение;PJ-12V15WCNA;;Под заказ;https://intelka-shop.ru/proizvoditeli/delta/?section=19#
PJ-12V150WLNA Блок питания 85~264 В AC, 12В DC, P вых макс = 150Вт (12,5А), исполнение с кожухом и м;PJ-12V150WLNA;;Под заказ;https://intelka-shop.ru/proizvoditeli/delta/?section=19#
PJ-12V150WCNA Блок питания 85~264 В AC, 12В DC, P вых макс = 150Вт (12,5А), закрытое исполнение;PJ-12V150WCNA;;Под заказ;https://intelka-shop.ru/proizvoditeli/delta/?section=19#
PJ-12V150WBNA Блок питания 85~264 В AC, 12В DC, P вых макс = 150Вт (12,5А), бескорпусное исполнение;PJ-12V150WBNA;;Под заказ;https://intelka-shop.ru/proizvoditeli/delta/?section=19#
PJ-12V100WLNA Блок питания 85~264 В AC, 12В DC, P вых макс = 102Вт (8,5А), исполнение с кожухом и мо;PJ-12V100WLNA;;Под заказ;https://intelka-shop.ru/proizvoditeli/delta/?section=19#
PJ-12V100WCNA Блок питания 85~264 В AC, 12В DC, P вых макс = 102Вт (8,5А), закрытое исполнение;PJ-12V100WCNA;;Под заказ;https://intelka-shop.ru/proizvoditeli/delta/?section=19#
PJ-12V100WBNA Блок питания 85~264 В AC, 12В DC, P вых макс = 102Вт (8,5А), бескорпусное исполнение;PJ-12V100WBNA;;Под заказ;https://intelka-shop.ru/proizvoditeli/delta/?section=19#
DRC-5V10W1AZ - Блок питания 1х220 В 50 Гц, Uвых = 5 В, нагрузки максимально = 1,5 А;DRC-5V10W1AZ;;В наличии;https://intelka-shop.ru/proizvoditeli/delta/?section=19#
DRC-24V60W1AZ - Блок питания 1х220 В 50 Гц, Uвых =24 В, нагрузки максимально = 2,5 А;DRC-24V60W1AZ;;Под заказ;https://intelka-shop.ru/proizvoditeli/delta/?section=19#
DRC-24V30W1AZ - Блок питания 1х220 В 50 Гц, Uвых =24 В, нагрузки максимально = 1,25 А;DRC-24V30W1AZ;;Под заказ;https://intelka-shop.ru/proizvoditeli/delta/?section=19#
DRC-24V10W1HZ Uвх ном = 1х220В 50Гц, Uвых = 24В, I нагрузки макс = 0,4 А, одобрено для бытового прим;DRC-24V10W1HZ;;Под заказ;https://intelka-shop.ru/proizvoditeli/delta/?section=19#
DRC-24V100W1AZ - Блок питания 1х220 В 50 Гц, Uвых =24 В, нагрузки максимально = 4 А;DRC-24V100W1AZ;;Под заказ;https://intelka-shop.ru/proizvoditeli/delta/?section=19#
DRC-12V60W1AZ - Блок питания 1х220 В 50 Гц, Uвых = 12 В, нагрузки максимально = 4,5 А;DRC-12V60W1AZ;DRC-12V60W1AZ;В наличии;https://intelka-shop.ru/proizvoditeli/delta/?section=19#
DRC-12V30W1AZ - Блок питания 1х220 В 50 Гц, Uвых = 12 В, нагрузки максимально = 2,1 А;DRC-12V30W1AZ;;Под заказ;https://intelka-shop.ru/proizvoditeli/delta/?section=19#
DRC-12V10W1AZ - Блок питания 1х220 В 50 Гц, Uвых = 12 В, нагрузки максимально = 0,83 А;DRC-12V10W1AZ;;Под заказ;https://intelka-shop.ru/proizvoditeli/delta/?section=19#
DRC-12V100W1AZ Uвх ном = 1х220В 50Гц, Uвых = 12В, I нагрузки макс = 6 А;DRC-12V100W1AZ;;Под заказ;https://intelka-shop.ru/proizvoditeli/delta/?section=19#
DRC-24V10W1AZ - Блок питания 1х220 В 50 Гц, Uвых =24 В, нагрузки максимально = 0,4 А;DRC-24V10W1AZ;;В наличии;https://intelka-shop.ru/proizvoditeli/delta/?section=19#
PMT-24V50W2BA - Блок питания 24 В DC 50 Вт (2,2 А);PMT-24V50W2BA;;В наличии;https://intelka-shop.ru/proizvoditeli/delta/?section=19#
PMT-24V150W2BA - Блок питания 24 В DC 150 Вт (6,25 А);PMT-24V150W2BA;PMT-24V150W2BA;В наличии;https://intelka-shop.ru/proizvoditeli/delta/?section=19#
PMT-24V100W2BA - Блок питания 24 В DC 100 Вт (4,5 А);PMT-24V100W2BA;;В наличии;https://intelka-shop.ru/proizvoditeli/delta/?section=19#
PMT-12V50W2BA - Блок питания 12 В DC 50 Вт (4,2 А);PMT-12V50W2BA;;В наличии;https://intelka-shop.ru/proizvoditeli/delta/?section=19#
PMT-12V150W2BA - Блок питания 12 В DC 150 Вт (12,5А);PMT-12V150W2BA;;В наличии;https://intelka-shop.ru/proizvoditeli/delta/?section=19#
PMT-12V100W2BA - Блок питания 12 В DC 100 Вт (8,5 А);PMT-12V100W2BA;;В наличии;https://intelka-shop.ru/proizvoditeli/delta/?section=19#
DRV-24V480W1PN Uвх ном = 1х220В, I нагрузки макс = 20 А, 480Вт, в металлическом корпусе, буст до 7 с;DRV-24V480W1PN;;Под заказ;https://intelka-shop.ru/proizvoditeli/delta/?section=19#
DRV-24V240W1PN Uвх ном = 1х220В, I нагрузки макс = 10 А, 240Вт, в металлическом корпусе, буст до 7 с;DRV-24V240W1PN;;Под заказ;https://intelka-shop.ru/proizvoditeli/delta/?section=19#
DRV-24V120W1PN Uвх ном = 1х220В, I нагрузки макс = 5 А, 120Вт, в металлическом корпусе, буст до 7 се;DRV-24V120W1PN;;Под заказ;https://intelka-shop.ru/proizvoditeli/delta/?section=19#
DRP048V480W1BN - Блок питания 1х220 В, Uвых = 48 В, I нагрузки максимально = 10 А, 480 Вт;DRP048V480W1BN;;В наличии;https://intelka-shop.ru/proizvoditeli/delta/?section=19#
DRP048V120W1BN Блок питания 1х220В, Uвых = 48В, I нагрузки макс = 2,5 А, 120Вт, в металлическом корп;DRP048V120W1BN;;Под заказ;https://intelka-shop.ru/proizvoditeli/delta/?section=19#
DRP048V060W1BN Блок питания 1х220В, Uвых = 48В, I нагрузки макс = 1,25 А, 60Вт, в металлическом корп;DRP048V060W1BN;;Под заказ;https://intelka-shop.ru/proizvoditeli/delta/?section=19#
DRP024V960W3BN - Блок питания 3х380 В, Uвых =24 В, I нагрузки макс = 40 А, 960 Вт;DRP024V960W3BN;;Под заказ;https://intelka-shop.ru/proizvoditeli/delta/?section=19#
DRP024V480W3BN - Блок питания 3х380 В, Uвых =24 В, I нагрузки макс = 20 А, 480 Вт;DRP024V480W3BN;;В наличии;https://intelka-shop.ru/proizvoditeli/delta/?section=19#
DRP024V480W1BN - Блок питания 1х220 В, Uвых =24 В, 480 Вт, нагрузки номинально = 20 А;DRP024V480W1BN;;Под заказ;https://intelka-shop.ru/proizvoditeli/delta/?section=19#
DRP024V480W1AA - Блок питания 1х220 В, 480 Вт (20 А) металлический корпус;DRP024V480W1AA;;Под заказ;https://intelka-shop.ru/proizvoditeli/delta/?section=19#
DRP024V240W3BN - Блок питания 3х380 В, Uвых =24 В, I нагрузки макс = 10 А, 240 Вт;DRP024V240W3BN;;Под заказ;https://intelka-shop.ru/proizvoditeli/delta/?section=19#
DRP024V240W1BN - Блок питания 1х220 В, Uвых =24 В, 240 Вт, нагрузки номинально = 10 А;DRP024V240W1BN;;В наличии;https://intelka-shop.ru/proizvoditeli/delta/?section=19#
DRP024V240W1AA - Блок питания 1х220 В, 240 Вт (10 А) металлический корпус;DRP024V240W1AA;;В наличии;https://intelka-shop.ru/proizvoditeli/delta/?section=19#
DRP024V120W3BN - Блок питания 3х380 В, Uвых =24 В, I нагрузки макс = 5 А, 120 Вт;DRP024V120W3BN;;В наличии;https://intelka-shop.ru/proizvoditeli/delta/?section=19#
DRP024V120W1BN - Блок питания 1х220 В, Uвых =24 В, 120 Вт, нагрузки номинально = 5,0 А;DRP024V120W1BN;;Под заказ;https://intelka-shop.ru/proizvoditeli/delta/?section=19#
DRP024V120W1AA - Блок питания 1х220 В, 120 Вт (5 А) металлический корпус;DRP024V120W1AA;;Под заказ;https://intelka-shop.ru/proizvoditeli/delta/?section=19#
DRP024V060W3BN - Блок питания 3х380 В, Uвых =24 В, I нагрузки макс = 2,5 А, 60 Вт;DRP024V060W3BN;;Под заказ;https://intelka-shop.ru/proizvoditeli/delta/?section=19#
DRP024V060W1NZ Блок питания 1х220В, Uвых = 24В, I нагрузки макс = 2,5 А, 60Вт, в пластиковом корпусе;DRP024V060W1NZ;;Под заказ;https://intelka-shop.ru/proizvoditeli/delta/?section=19#
DRP024V060W1BN Блок питания 1х220В, Uвых = 24В, 60Вт, I нагр ном = 2,5А, в металлическом корпусе;DRP024V060W1BN;;Под заказ;https://intelka-shop.ru/proizvoditeli/delta/?section=19#
DRP024V060W1AZ - Блок питания 1х220 В, 60 Вт (2,5 А) пластиковый корпус;DRP024V060W1AZ;;Под заказ;https://intelka-shop.ru/proizvoditeli/delta/?section=19#
DRP024V060W1AA - Блок питания 1х220 В, 60 Вт (2,5 А) металлический корпус;DRP024V060W1AA;;Под заказ;https://intelka-shop.ru/proizvoditeli/delta/?section=19#
DRP024V048V1AZ Блок питания 1х220В, Uвых = 24В, I нагрузки макс = 2,0А, 48Вт, в пластиковом корпусе;DRP024V048V1AZ;;Под заказ;https://intelka-shop.ru/proizvoditeli/delta/?section=19#
DRP012V100W1AA - Блок питания 1х220 В, 12В, 100 Вт (8,4 А) металлический корпус;DRP012V100W1AA;;Под заказ;https://intelka-shop.ru/proizvoditeli/delta/?section=19#
DRP012V060W1AA - Блок питания 1х220 В, 12В , 60 Вт (5 А) металлический корпус;DRP012V060W1AA;;Под заказ;https://intelka-shop.ru/proizvoditeli/delta/?section=19#
DRP012V030W1AZ - Блок питания 1х220 В, 12В, 30 Вт (2,5 А) пластиковый корпус;DRP012V030W1AZ;;Под заказ;https://intelka-shop.ru/proizvoditeli/delta/?section=19#
DRP012V030W1AY Uвх ном = 1х220В, Uвых = 12В, I нагрузки макс = 2,5 А, 30Вт, в пластиковом корпусе, I;DRP012V030W1AY;;Под заказ;https://intelka-shop.ru/proizvoditeli/delta/?section=19#
DRP012V015W1AZ Блок питания 1х220В, 12В, 15Вт (1,25А) пластиковый корпус;DRP012V015W1AZ;;Под заказ;https://intelka-shop.ru/proizvoditeli/delta/?section=19#
DRP012V015W1AY Uвх ном = 1х220В, Uвых = 12В, I нагрузки макс = 1,25 А, 15Вт, в пластиковом корпусе,;DRP012V015W1AY;;Под заказ;https://intelka-shop.ru/proizvoditeli/delta/?section=19#
VFD750FP4EA-52S - Частотный преобразователь (75кВт 3ф 400В), встроенный фильтр ЭМС;VFD750FP4EA-52S;VFD750FP4EA-52S;Под заказ;https://intelka-shop.ru/proizvoditeli/delta/?section=19#
VFD750FP4EA-52 - Частотный преобразователь (75кВт 3ф 400В), встроенный фильтр ЭМС;VFD750FP4EA-52;VFD750FP4EA-52;Под заказ;https://intelka-shop.ru/proizvoditeli/delta/?section=19#
VFD550FP4EA-52S - Частотный преобразователь (55 кВт 3ф 400 В), встроенный фильтр ЭМС;VFD550FP4EA-52S;VFD550FP4EA-52S;Под заказ;https://intelka-shop.ru/proizvoditeli/delta/?section=19#
VFD550FP4EA-52 - Частотный преобразователь (55 кВт 3ф 400 В), встроенный фильтр ЭМС;VFD550FP4EA-52;VFD550FP4EA-52;Под заказ;https://intelka-shop.ru/proizvoditeli/delta/?section=19#
VFD450FP4EA-52S - Частотный преобразователь (45 кВт 3ф 400 В), встроенный фильтр ЭМС;VFD450FP4EA-52S;VFD450FP4EA-52S;Под заказ;https://intelka-shop.ru/proizvoditeli/delta/?section=19#
VFD450FP4EA-52 - Частотный преобразователь (45 кВт 3ф 400 В), встроенный фильтр;VFD450FP4EA-52;VFD450FP4EA-52;Под заказ;https://intelka-shop.ru/proizvoditeli/delta/?section=19#
VFD370FP4EA-52S - Частотный преобразователь (37 кВт 3ф 400 В), встроенный тормозной ключ;VFD370FP4EA-52S;VFD370FP4EA-52S;Под заказ;https://intelka-shop.ru/proizvoditeli/delta/?section=19#
VFD370FP4EA-52 - Частотный преобразователь (37 кВт 3ф 400 В), встроенный тормозной ключ;VFD370FP4EA-52;VFD370FP4EA-52;Под заказ;https://intelka-shop.ru/proizvoditeli/delta/?section=19#
VFD300FP4EA-52S - Частотный преобразователь (30 кВт 3ф 400 В), встроенный тормозной ключ;VFD300FP4EA-52S;VFD300FP4EA-52S;Под заказ;https://intelka-shop.ru/proizvoditeli/delta/?section=19#
VFD300FP4EA-52 - Частотный преобразователь (30 кВт 3ф 400 В), встроенный тормозной ключ;VFD300FP4EA-52;VFD300FP4EA-52;Под заказ;https://intelka-shop.ru/proizvoditeli/delta/?section=19#
VFD220FP4EA-52S - Частотный преобразователь (22 кВт 3ф 400 В), встроенный тормозной ключ;VFD220FP4EA-52S;VFD220FP4EA-52S;Под заказ;https://intelka-shop.ru/proizvoditeli/delta/?section=19#
VFD220FP4EA-52 - Частотный преобразователь (22 кВт 3ф 400 В), встроенный тормозной ключ;VFD220FP4EA-52;VFD220FP4EA-52;Под заказ;https://intelka-shop.ru/proizvoditeli/delta/?section=19#
VFD185FP4EA-52S - Частотный преобразователь (18.5 кВт 3ф 400 В), встроенный тормозной ключ;VFD185FP4EA-52S;VFD185FP4EA-52S;Под заказ;https://intelka-shop.ru/proizvoditeli/delta/?section=19#
VFD185FP4EA-52 - Частотный преобразователь (18.5 кВт 3ф 400 В), встроенный тормозной ключ;VFD185FP4EA-52;VFD185FP4EA-5;Под заказ;https://intelka-shop.ru/proizvoditeli/delta/?section=19#
VFD150FP4EA-52S - Частотный преобразователь (15 кВт 3ф 400 В), встроенный тормозной ключ;VFD150FP4EA-52S;VFD150FP4EA-52S;Под заказ;https://intelka-shop.ru/proizvoditeli/delta/?section=19#
VFD150FP4EA-52 - Частотный преобразователь (15 кВт 3ф 400 В), встроенный тормозной ключ;VFD150FP4EA-52;VFD150FP4EA-52;Под заказ;https://intelka-shop.ru/proizvoditeli/delta/?section=19#
VFD110FP4EA-52S - Частотный преобразователь (11 кВт 3ф 400 В), встроенный тормозной ключ;VFD110FP4EA-52S;VFD110FP4EA-52S;Под заказ;https://intelka-shop.ru/proizvoditeli/delta/?section=19#
VFD110FP4EA-52 - Частотный преобразователь (11 кВт 3ф 400 В), встроенный тормозной ключ;VFD110FP4EA-52;VFD110FP4EA-52;Под заказ;https://intelka-shop.ru/proizvoditeli/delta/?section=19#
VFD075FP4EA-52S - Частотный преобразователь (7.5 кВт 3ф 400 В), встроенный тормозной ключ;VFD075FP4EA-52S;VFD075FP4EA-52S;Под заказ;https://intelka-shop.ru/proizvoditeli/delta/?section=19#
VFD075FP4EA-52 - Частотный преобразователь (7.5 кВт 3ф 400 В), встроенный тормозной ключ;VFD075FP4EA-52;VFD075FP4EA-52;Под заказ;https://intelka-shop.ru/proizvoditeli/delta/?section=19#
VFD055FP4EA-52S - Частотный преобразователь (5.5 кВт 3ф 400 В), встроенный тормозной ключ;VFD055FP4EA-52S;VFD055FP4EA-52S;Под заказ;https://intelka-shop.ru/proizvoditeli/delta/?section=19#
VFD055FP4EA-52 - Частотный преобразователь (5.5 кВт 3ф 400 В), встроенный тормозной ключ;VFD055FP4EA-52;VFD055FP4EA-52;Под заказ;https://intelka-shop.ru/proizvoditeli/delta/?section=19#
VFD040FP4EA-52S - Частотный преобразователь (4 кВт 3ф 400 В), встроенный тормозной ключ;VFD040FP4EA-52S;VFD040FP4EA-52S;Под заказ;https://intelka-shop.ru/proizvoditeli/delta/?section=19#
VFD040FP4EA-52 - Частотный преобразователь (4 кВт 3ф 400 В), встроенный тормозной ключ;VFD040FP4EA-52;VFD040FP4EA-52;Под заказ;https://intelka-shop.ru/proizvoditeli/delta/?section=19#
VFD037FP4EA-52S - Частотный преобразователь (3.7 кВт 3ф 400 В), встроенный тормозной ключ;VFD037FP4EA-52S;VFD037FP4EA-52S;Под заказ;https://intelka-shop.ru/proizvoditeli/delta/?section=19#
VFD037FP4EA-52 - Частотный преобразователь (3.7 кВт 3ф 400 В), встроенный тормозной ключ;VFD037FP4EA-52;VFD037FP4EA-52;Под заказ;https://intelka-shop.ru/proizvoditeli/delta/?section=19#
VFD022FP4EA-52S - Частотный преобразователь (2.2 кВт 3ф 400 В), встроенный тормозной ключ;VFD022FP4EA-52S;VFD022FP4EA-52S;Под заказ;https://intelka-shop.ru/proizvoditeli/delta/?section=19#
VFD022FP4EA-52 - Частотный преобразователь (2.2 кВт 3ф 400 В), встроенный тормозной ключ;VFD022FP4EA-52;VFD022FP4EA-52;В наличии;https://intelka-shop.ru/proizvoditeli/delta/?section=19#
VFD015FP4EA-52S - Частотный преобразователь (1.5 кВт 3ф 400 В), встроенный тормозной ключ;VFD015FP4EA-52S;VFD015FP4EA-52S;Под заказ;https://intelka-shop.ru/proizvoditeli/delta/?section=19#
VFD015FP4EA-52 - Частотный преобразователь (1.5 кВт 3ф 400 В), встроенный тормозной ключ;VFD015FP4EA-52;VFD015FP4EA-52;В наличии;https://intelka-shop.ru/proizvoditeli/delta/?section=19#
VFD007FP4EA-52S - Частотный преобразователь (0.75 кВт 3ф 400 В), встроенный тормозной ключ;VFD007FP4EA-52S;VFD007FP4EA-52S;Под заказ;https://intelka-shop.ru/proizvoditeli/delta/?section=19#
VFD007FP4EA-52 - Частотный преобразователь (0.75 кВт 3ф 400 В), встроенный тормозной ключ;VFD007FP4EA-52;VFD007FP4EA-52;В наличии;https://intelka-shop.ru/proizvoditeli/delta/?section=19#
VFD45AMS43AFSAA - Частотный преобразователь, 22кВт 3ф 400В, встроенный тормозной ключ;VFD45AMS43AFSAA;VFD45AMS43AFSAA;В наличии;https://intelka-shop.ru/proizvoditeli/delta/?section=19#
VFD38AMS43AFSAA - Частотный преобразователь, 18.5кВт 3ф 400В, встроенный тормозной ключ;VFD38AMS43AFSAA;VFD38AMS43AFSAA;В наличии;https://intelka-shop.ru/proizvoditeli/delta/?section=19#
VFD32AMS43AFSAA - Частотный преобразователь, 15кВт 3ф 400В, встроенный тормозной ключ;VFD32AMS43AFSAA;VFD32AMS43AFSAA;В наличии;https://intelka-shop.ru/proizvoditeli/delta/?section=19#
VFD25AMS43AFSAA - Частотный преобразователь, 11кВт 3ф 400В, встроенный тормозной ключ;VFD25AMS43AFSAA;VFD25AMS43AFSAA;Под заказ;https://intelka-shop.ru/proizvoditeli/delta/?section=19#
VFD17AMS43AFSAA - Частотный преобразователь, 7.5кВт 3ф 400В, встроенный тормозной ключ;VFD17AMS43AFSAA;VFD17AMS43AFSAA;В наличии;https://intelka-shop.ru/proizvoditeli/delta/?section=19#
VFD13AMS43AFSAA - Частотный преобразователь, 5.5кВт 3ф 400В, встроенный тормозной ключ;VFD13AMS43AFSAA;VFD13AMS43AFSAA;В наличии;https://intelka-shop.ru/proizvoditeli/delta/?section=19#
VFD9A0MS43AFSAA - Частотный преобразователь, 3.7кВт 3ф 400В, встроенный тормозной ключ;VFD9A0MS43AFSAA;VFD9A0MS43AFSAA;В наличии;https://intelka-shop.ru/proizvoditeli/delta/?section=19#
VFD5A5MS43AFSAA - Частотный преобразователь, 2.2кВт 3ф 400В, встроенный тормозной ключ;VFD5A5MS43AFSAA;VFD5A5MS43AFSAA;В наличии;https://intelka-shop.ru/proizvoditeli/delta/?section=19#
VFD11AMS21AFSAA - Частотный преобразователь, 2.2кВт 1ф 230В, встроенный тормозной ключ;VFD11AMS21AFSAA;VFD11AMS21AFSAA;Под заказ;https://intelka-shop.ru/proizvoditeli/delta/?section=19#
VFD4A2MS43AFSAA - Частотный преобразователь, 1.5кВт 3ф 400В, встроенный тормозной ключ;VFD4A2MS43AFSAA;VFD4A2MS43AFSAA;В наличии;https://intelka-shop.ru/proizvoditeli/delta/?section=19#
VFD7A5MS21AFSAA - Частотный преобразователь, 1.5кВт 1ф 230В, встроенный тормозной ключ;VFD7A5MS21AFSAA;VFD7A5MS21AFSAA;Под заказ;https://intelka-shop.ru/proizvoditeli/delta/?section=19#
VFD2A7MS43AFSAA - Частотный преобразователь, 0.75кВт 3ф 400В, встроенный тормозной ключ;VFD2A7MS43AFSAA;VFD2A7MS43AFSAA;Под заказ;https://intelka-shop.ru/proizvoditeli/delta/?section=19#
VFD4A8MS21AFSAA - Частотный преобразователь, 0.75кВт 1ф 230В, встроенный тормозной ключ;VFD4A8MS21AFSAA;VFD4A8MS21AFSAA;В наличии;https://intelka-shop.ru/proizvoditeli/delta/?section=19#
VFD1A5MS43AFSAA - Частотный преобразователь, 0.37кВт 3ф 400В, встроенный тормозной ключ;VFD1A5MS43AFSAA;VFD1A5MS43AFSAA;Под заказ;https://intelka-shop.ru/proizvoditeli/delta/?section=19#
VFD2A8MS21AFSAA - Частотный преобразователь, 0.37кВт 1ф 230В, встроенный тормозной ключ;VFD2A8MS21AFSAA;VFD2A8MS21AFSAA;Под заказ;https://intelka-shop.ru/proizvoditeli/delta/?section=19#
VFD1A6MS21AFSAA - Частотный преобразователь, 0.2кВт 1ф 230В, встроенный тормозной ключ;VFD1A6MS21AFSAA;VFD1A6MS21AFSAA;Под заказ;https://intelka-shop.ru/proizvoditeli/delta/?section=19#
VFD220E43A - Частотный преобразователь (22 кВт 3ф 400 В), встроенный тормозной ключ;VFD220E43A;VFD220E43A;В наличии;https://intelka-shop.ru/proizvoditeli/delta/?section=19#
VFD185E43A - Частотный преобразователь (18.5 кВт 3ф 400 В), встроенный тормозной ключ;VFD185E43A;VFD185E43A;В наличии;https://intelka-shop.ru/proizvoditeli/delta/?section=19#
VFD150E43A - Частотный преобразователь (15 кВт 3ф 400 В), встроенный тормозной ключ;VFD150E43A;VFD150E43A;В наличии;https://intelka-shop.ru/proizvoditeli/delta/?section=19#
VFD110E43A - Частотный преобразователь (11 кВт 3ф 400 В), встроенный тормозной ключ;VFD110E43A;VFD110E43A;В наличии;https://intelka-shop.ru/proizvoditeli/delta/?section=19#
VFD075E43A - Частотный преобразователь (7.5 кВт 3ф 400 В), встроенный тормозной ключ;VFD075E43A;VFD075E43A;В наличии;https://intelka-shop.ru/proizvoditeli/delta/?section=19#
VFD055E43A - Частотный преобразователь (5.5 кВт 3ф 400 В), встроенный тормозной ключ;VFD055E43A;VFD055E43A;В наличии;https://intelka-shop.ru/proizvoditeli/delta/?section=19#
VFD037E43A - Частотный преобразователь (3.7 кВт 3ф 400 В), встроенный тормозной ключ;VFD037E43A;VFD037E43A;В наличии;https://intelka-shop.ru/proizvoditeli/delta/?section=19#
VFD022E43A - Частотный преобразователь (2.2 кВт 3ф 400 В), встроенный тормозной ключ;VFD022E43A;VFD022E43A;В наличии;https://intelka-shop.ru/proizvoditeli/delta/?section=19#
VFD022E21A - Частотный преобразователь (2.2 кВт 1ф 230 В), встроенный тормозной ключ;VFD022E21A;VFD022E21A;Под заказ;https://intelka-shop.ru/proizvoditeli/delta/?section=19#
VFD015E43T - Частотный преобразователь (1.5 кВт 3ф 400 В), встроенный тормозной ключ;VFD015E43T;VFD015E43T;В наличии;https://intelka-shop.ru/proizvoditeli/delta/?section=19#
VFD015E21A - Частотный преобразователь (1.5 кВт 1ф 230 В), встроенный тормозной ключ;VFD015E21A;VFD015E21A;Под заказ;https://intelka-shop.ru/proizvoditeli/delta/?section=19#
VFD007E43T - Частотный преобразователь (0.75 кВт 3ф 400 В), встроенный тормозной ключ;VFD007E43T;VFD007E43T;В наличии;https://intelka-shop.ru/proizvoditeli/delta/?section=19#
VFD007E21T - Частотный преобразователь (0.75 кВт 1ф 230 В), встроенный тормозной ключ;VFD007E21T;VFD007E21T;Под заказ;https://intelka-shop.ru/proizvoditeli/delta/?section=19#
VFD004E43T - Частотный преобразователь (0.4 кВт 3ф 400 В), встроенный тормозной ключ;VFD004E43T;VFD004E43T;Под заказ;https://intelka-shop.ru/proizvoditeli/delta/?section=19#
VFD004E21T - Частотный преобразователь (0.4 кВт 1ф 230 В), встроенный тормозной ключ;VFD004E21T;VFD004E21T;Под заказ;https://intelka-shop.ru/proizvoditeli/delta/?section=19#
VFD002E21T - Частотный преобразователь (0.2 кВт 1ф 230 В), встроенный тормозной ключ;VFD002E21T;VFD002E21T;Под заказ;https://intelka-shop.ru/proizvoditeli/delta/?section=19#
LCP-155B4MDRTJ Оптический SFP-трансивер (Fast Ethernet) для одногомодового оптоволоконного кабеля (д;LCP-155B4MDRTJ;;Под заказ;https://intelka-shop.ru/proizvoditeli/delta/?section=19#
LCP-155B4MDRJ Оптический SFP-трансивер (Fast Ethernet) для одногомодового оптоволоконного кабеля (до;LCP-155B4MDRJ;;Под заказ;https://intelka-shop.ru/proizvoditeli/delta/?section=19#
LCP-155B4JDRTJ - Оптический SFP-трансивер (Fast Ethernet) для одногомодового оптоволоконного кабеля;LCP-155B4JDRTJ;;Под заказ;https://intelka-shop.ru/proizvoditeli/delta/?section=19#
LCP-155B4JDRJ - Оптический SFP-трансивер (Fast Ethernet) для одногомодового оптоволоконного кабеля;LCP-155B4JDRJ;;Под заказ;https://intelka-shop.ru/proizvoditeli/delta/?section=19#
LCP-155A4HDRTJ - Оптический SFP-трансивер (Fast Ethernet) для многомодового оптоволоконного кабеля;LCP-155A4HDRTJ;;Под заказ;https://intelka-shop.ru/proizvoditeli/delta/?section=19#
LCP-155A4HDRJ - Оптический SFP-трансивер (Fast Ethernet) для многомодового оптоволоконного кабеля;LCP-155A4HDRJ;;Под заказ;https://intelka-shop.ru/proizvoditeli/delta/?section=19#
LCP-1250B4QDRTJ Оптический SFP-трансивер (Gigabit Ethernet) для одногомодового оптоволоконного кабел;LCP-1250B4QDRTJ;;Под заказ;https://intelka-shop.ru/proizvoditeli/delta/?section=19#
LCP-1250B4QDRJ Оптический SFP-трансивер (Gigabit Ethernet) для одногомодового оптоволоконного кабеля;LCP-1250B4QDRJ;;Под заказ;https://intelka-shop.ru/proizvoditeli/delta/?section=19#
LCP-1250B4MDRTJ Оптический SFP-трансивер (Gigabit Ethernet) для одногомодового оптоволоконного кабел;LCP-1250B4MDRTJ;;Под заказ;https://intelka-shop.ru/proizvoditeli/delta/?section=19#
LCP-1250B4MDRJ Оптический SFP-трансивер (Gigabit Ethernet) для одногомодового оптоволоконного кабеля;LCP-1250B4MDRJ;;Под заказ;https://intelka-shop.ru/proizvoditeli/delta/?section=19#
LCP-1250A4FDRTJ Оптический SFP-трансивер (Gigabit Ethernet) для многомодового оптоволоконного кабеля;LCP-1250A4FDRTJ;;Под заказ;https://intelka-shop.ru/proizvoditeli/delta/?section=19#
LCP-1250A4FDRJ Оптический SFP-трансивер (Gigabit Ethernet) для многомодового оптоволоконного кабеля,;LCP-1250A4FDRJ;;Под заказ;https://intelka-shop.ru/proizvoditeli/delta/?section=19#
DVS-G002I00C-TF - Медиа-конвертер Ethernet в оптоволокно;DVS-G002I00C-TF;;Под заказ;https://intelka-shop.ru/proizvoditeli/delta/?section=19#
DX-2300LN-WW - Проводной роутер для облачного сервиса DIACloud;DX-2300LN-WW;;Под заказ;https://intelka-shop.ru/proizvoditeli/delta/?section=19#
DVS-G408W01 - Неуправляемый коммутатор Ethernet, 8 портов Gigabit Ethernet (GbE) с PoE, -40...+70 С;DVS-G408W01;;Под заказ;https://intelka-shop.ru/proizvoditeli/delta/?section=19#
DVS-G406W01-2GF - Неуправляемый коммутатор Ethernet, 4 порта Gigabit Ethernet (GbE) с PoE;DVS-G406W01-2GF;;Под заказ;https://intelka-shop.ru/proizvoditeli/delta/?section=19#
DVS-G402R00-INJ - Инжектор PoE+, 2 порта Gigabit Ethernet (GbE), 2 порта Gigabit Ethernet (GbE);DVS-G402R00-INJ;;Под заказ;https://intelka-shop.ru/proizvoditeli/delta/?section=19#
DVS-G401R00-SPL - PoE-сплиттер, 1 порт Gigabit Ethernet (GbE), 1 порт Gigabit Ethernet (GbE);DVS-G401R00-SPL;;Под заказ;https://intelka-shop.ru/proizvoditeli/delta/?section=19#
DVS-G005I00C - Неуправляемый коммутатор Ethernet, 5 портов Gigabit Ethernet (GbE), -10...+60 С;DVS-G005I00C;;Под заказ;https://intelka-shop.ru/proizvoditeli/delta/?section=19#
DVS-328R02-8SFP - Управляемый промышленный коммутатор Ethernet с 20 портами FE;DVS-328R02-8SFP;;Под заказ;https://intelka-shop.ru/proizvoditeli/delta/?section=19#
DVS-110W02-3SFP - Управляемый коммутатор Ethernet, 7 портов Fast Ethernet + 3 Combo-порта Gigabit;DVS-110W02-3SFP;;Под заказ;https://intelka-shop.ru/proizvoditeli/delta/?section=19#
DVS-109W02-1GE - Управляемый коммутатор Ethernet, 8 портов Fast Ethernet + 1 Gigabit Ethernet;DVS-109W02-1GE;;Под заказ;https://intelka-shop.ru/proizvoditeli/delta/?section=19#
DVS-108W02-2SFP - Управляемый коммутатор Ethernet, 5 портов Fast Ethernet + 2 Combo-порта Gigabit;DVS-108W02-2SFP;;Под заказ;https://intelka-shop.ru/proizvoditeli/delta/?section=19#
DVS-016W01-SC01 - Неуправляемый коммутатор Ethernet, 16 портов, -40...+75 С;DVS-016W01-SC01;;Под заказ;https://intelka-shop.ru/proizvoditeli/delta/?section=19#
DVS-016W01-MC01 - Неуправляемый коммутатор Ethernet, 16 портов, -40...+75 С;DVS-016W01-MC01;;Под заказ;https://intelka-shop.ru/proizvoditeli/delta/?section=19#
DVS-016W01 - Неуправляемый коммутатор Ethernet, 16 портов, -40...+75 С;DVS-016W01;;Под заказ;https://intelka-shop.ru/proizvoditeli/delta/?section=19#
DVS-G008I00A - Неуправляемый коммутатор Ethernet, 8 портов Gigabit Ethernet (GbE), -10...+60 С;DVS-G008I00A;;Под заказ;https://intelka-shop.ru/proizvoditeli/delta/?section=19#
DVS-008W01-SC02 - Неуправляемый коммутатор Ethernet, 8 портов, -40...+75 С;DVS-008W01-SC02;;Под заказ;https://intelka-shop.ru/proizvoditeli/delta/?section=19#
DVS-008W01-SC01 - Неуправляемый коммутатор Ethernet, 8 портов, -40...+75 С;DVS-008W01-SC01;;Под заказ;https://intelka-shop.ru/proizvoditeli/delta/?section=19#
DVS-008W01-MC02 - Неуправляемый коммутатор Ethernet, 8 портов, -40...+75 С;DVS-008W01-MC02;;Под заказ;https://intelka-shop.ru/proizvoditeli/delta/?section=19#
DVS-008W01-MC01 - Неуправляемый коммутатор Ethernet, 8 портов, -40...+75 С;DVS-008W01-MC01;;Под заказ;https://intelka-shop.ru/proizvoditeli/delta/?section=19#
DVS-008W01 - Неуправляемый коммутатор Ethernet, 8 портов, -40...+75 С;DVS-008W01;;Под заказ;https://intelka-shop.ru/proizvoditeli/delta/?section=19#
DVS-008I00 - Неуправляемый коммутатор Ethernet, 8 портов, -10...+60 С;DVS-008I00;DVS-008I00;Под заказ;https://intelka-shop.ru/proizvoditeli/delta/?section=19#
DVS-G005I00A - Неуправляемый коммутатор Ethernet, 5 портов Gigabit Ethernet (GbE), -10...+60 С;DVS-G005I00A;;Под заказ;https://intelka-shop.ru/proizvoditeli/delta/?section=19#
DVS-005W01-SC01 - Неуправляемый коммутатор Ethernet, 5 портов, -40...+75 С;DVS-005W01-SC01;;Под заказ;https://intelka-shop.ru/proizvoditeli/delta/?section=19#
DVS-005W01-MC01 - Неуправляемый коммутатор Ethernet, 5 портов, -40...+75 С;DVS-005W01-MC01;;Под заказ;https://intelka-shop.ru/proizvoditeli/delta/?section=19#
DVS-005W01 - Неуправляемый коммутатор Ethernet, 5 портов, -40...+75 С;DVS-005W01;;Под заказ;https://intelka-shop.ru/proizvoditeli/delta/?section=19#
DVS-005I00 - Неуправляемый коммутатор Ethernet, 5 портов, -10...+60 С;DVS-005I00;;Под заказ;https://intelka-shop.ru/proizvoditeli/delta/?section=19#
USB-RS232 Кабель-переходник USB->COM (9M) STLab «USB-SERIAL-4 (USB-RS232)» (1,5м) (ret) Снят с произ;USB-RS232;;Под заказ;https://intelka-shop.ru/proizvoditeli/delta/?section=19#
UC-PRG020-12A - Кабель-переходник USB -> RS-232 (mini-DIN / DB-9);UC-PRG020-12A;;Под заказ;https://intelka-shop.ru/proizvoditeli/delta/?section=19#
R1-EC9144D0 - Модуль 4 AO, потенциальный/токовый режимы;R1-EC9144D0;;Под заказ;https://intelka-shop.ru/proizvoditeli/delta/?section=19#
R1-EC8124D0 - Модуль 4 AI, потенциальный/токовый режимы;R1-EC8124D0;;Под заказ;https://intelka-shop.ru/proizvoditeli/delta/?section=19#
R1-EC7062D0 - Модуль 16 DO NPN 24 VDC, 1 кГц;R1-EC7062D0;;Под заказ;https://intelka-shop.ru/proizvoditeli/delta/?section=19#
R1-EC6022D0 - Модуль 16 DI 24 VDC, входной фильтр 2 мс;R1-EC6022D0;;Под заказ;https://intelka-shop.ru/proizvoditeli/delta/?section=19#
R1-EC6002D0 - Модуль 16 DI 24 VDC, входной фильтр 100 мкс;R1-EC6002D0;;Под заказ;https://intelka-shop.ru/proizvoditeli/delta/?section=19#
R1-EC5621D0 - Модуль 1 импульсный вход 5 V A/-A, B/-B, Z/-Z, 1 импульсный выход 5 V A/-A, B/-B;R1-EC5621D0;;Под заказ;https://intelka-shop.ru/proizvoditeli/delta/?section=19#
R1-EC5500D0 - Базовая станция для модулей ввода-вывода EtherCat;R1-EC5500D0;;Под заказ;https://intelka-shop.ru/proizvoditeli/delta/?section=19#
RTU-PD01 - Станция удаленного ввода/вывода сети Profibus DP;RTU-PD01;;Под заказ;https://intelka-shop.ru/proizvoditeli/delta/?section=19#
RTU-EN01 - Модуль для удаленного сбора данных (дискретных и аналоговых сигналов);RTU-EN01;;Под заказ;https://intelka-shop.ru/proizvoditeli/delta/?section=19#
RTU-DNET - Станция удаленного ввода/вывода сети DeviceNet;RTU-DNET;;Под заказ;https://intelka-shop.ru/proizvoditeli/delta/?section=19#
RTU-485 - Станция удаленного ввода/вывода RS-485;RTU-485;;Под заказ;https://intelka-shop.ru/proizvoditeli/delta/?section=19#
IFD9507 - IFD9507 Конвертер интерфейса;IFD9507;;Под заказ;https://intelka-shop.ru/proizvoditeli/delta/?section=19#
IFD9506 - IFD9506 Конвертер интерфейса;IFD9506;;Под заказ;https://intelka-shop.ru/proizvoditeli/delta/?section=19#
IFD9503 - IFD9503 Конвертер интерфейса;IFD9503;;Под заказ;https://intelka-shop.ru/proizvoditeli/delta/?section=19#
IFD9502 - IFD9502 Конвертер интерфейса;IFD9502;;Под заказ;https://intelka-shop.ru/proizvoditeli/delta/?section=19#
IFD8520 - IFD8520 Конвертер интерфейса RS485-RS232 адресуемый;IFD8520;;Под заказ;https://intelka-shop.ru/proizvoditeli/delta/?section=19#
IFD8510 - IFD8510 Репитер RS485;IFD8510;;Под заказ;https://intelka-shop.ru/proizvoditeli/delta/?section=19#
IFD8500 - IFD8500 Конвертер интерфейса RS485-RS232;IFD8500;;Под заказ;https://intelka-shop.ru/proizvoditeli/delta/?section=19#
IFD6530 - IFD6530 Конвертер USB/RS-485 (для связи KPC-CC01 с ПК);IFD6530;;Под заказ;https://intelka-shop.ru/proizvoditeli/delta/?section=19#
IFD6500 - IFD6500 Конвертер USB/RS-485;IFD6500;;Под заказ;https://intelka-shop.ru/proizvoditeli/delta/?section=19#
UC-EMC050-02A - Кабель связи по EtherСAT, длина 5м;UC-EMC050-02A;;Под заказ;https://intelka-shop.ru/proizvoditeli/delta/?section=19#
UC-EMC020-02A - Кабель связи по EtherСAT, длина 2м;UC-EMC020-02A;;Под заказ;https://intelka-shop.ru/proizvoditeli/delta/?section=19#
UC-EMC010-02A - Кабель связи по EtherСAT, длина 1м;UC-EMC010-02A;;Под заказ;https://intelka-shop.ru/proizvoditeli/delta/?section=19#
UC-EMC005-02A - Кабель связи по EtherСAT, длина 0,5м;UC-EMC005-02A;;Под заказ;https://intelka-shop.ru/proizvoditeli/delta/?section=19#
UC-EMC003-02A - Кабель связи по EtherСAT, длина 0,3м;UC-EMC003-02A;;Под заказ;https://intelka-shop.ru/proizvoditeli/delta/?section=19#
UC-EMC200-02A - Кабель связи по EtherСAT, длина 20м;UC-EMC200-02A;;Под заказ;https://intelka-shop.ru/proizvoditeli/delta/?section=19#
UC-EMC100-02A - Кабель связи по EtherСAT, длина 10м;UC-EMC100-02A;;Под заказ;https://intelka-shop.ru/proizvoditeli/delta/?section=19#
ASD-CNFS0808 Разъем вх/вых STO (8-конт.);ASD-CNFS0808;;Под заказ;https://intelka-shop.ru/proizvoditeli/delta/?section=19#
ASD-A2TB1E00 Набор клеммников для ASDA-A2-E (3-ф. 220 В): (L1c, L2c, -), (R, S, T), (U, V, W), (P, D;ASD-A2TB1E00;;Под заказ;https://intelka-shop.ru/proizvoditeli/delta/?section=19#
ASD-CNSC0026 - Разъем для управляющих входов/выходов, 26-контактный для ASD-A2-E;ASD-CNSC0026;;Под заказ;https://intelka-shop.ru/proizvoditeli/delta/?section=19#
ASD-A2TB2E00 Набор клеммников для ASDA-A2-E (3-ф. 400 В, 0.4-1.5кВт): (L1c, L2c, -), (R, S, T), (U,;ASD-A2TB2E00;;Под заказ;https://intelka-shop.ru/proizvoditeli/delta/?section=19#
ASD-A2TB0E00 Набор клеммников для ASDA-A2-E (1-ф.): (L1c, L2c, -), (R, S, T), (U, V, W), (P, D, C),;ASD-A2TB0E00;;Под заказ;https://intelka-shop.ru/proizvoditeli/delta/?section=19#
ASD-A2TB3E00 Набор клеммников для ASDA-A2-E (3-ф. 400 В, 2-7.5кВт);ASD-A2TB3E00;;Под заказ;https://intelka-shop.ru/proizvoditeli/delta/?section=19#
ASD-A2TB2U00 Набор клеммников для ASDA-A2-U (3-ф. 400 В): (L1c, L2c, -), (R, S, T), (U, V, W), (P, D;ASD-A2TB2U00;;Под заказ;https://intelka-shop.ru/proizvoditeli/delta/?section=19#
ASD-A2TB2000 Набор клеммников для ASDA-A2 (3-ф. 400В): (L1c, L2c, -), (R, S, T), (U, V, W), (P, D, C;ASD-A2TB2000;;Под заказ;https://intelka-shop.ru/proizvoditeli/delta/?section=19#
ECMA-L11855Q3 AC SERVO MOTOR 5.5kW, 400V, 1500об/мин, с тормозом, без сальников;ECMA-L11855Q3;;Под заказ;https://intelka-shop.ru/proizvoditeli/delta/?section=19#
ECMA-L11855D3 AC SERVO MOTOR 5.5kW, 400V AC, 1500об/мин , с тормозом и сальником, вал цилиндрический;ECMA-L11855D3;;Под заказ;https://intelka-shop.ru/proizvoditeli/delta/?section=19#
ECMA-L11855S3 - Серводвигатель переменного тока 5.5 кВт, 400 В, 1500 об/мин, с тормозом;ECMA-L11855S3;;Под заказ;https://intelka-shop.ru/proizvoditeli/delta/?section=19#
ECMA-L11855P3 AC SERVO MOTOR 5.5kW, 400V , 1500об/мин , без тормоза и сальника;ECMA-L11855P3;;Под заказ;https://intelka-shop.ru/proizvoditeli/delta/?section=19#
ECMA-L11855R3 - Серводвигатель переменного тока 5.5 кВт, 400 В, 1500 об/мин, без тормоза;ECMA-L11855R3;;Под заказ;https://intelka-shop.ru/proizvoditeli/delta/?section=19#
ASD-A2-5543-U - Блок управления 5.5кВт 3x400В, второй вход обратной связи, порт дискретных входов;ASD-A2-5543-U;;Под заказ;https://intelka-shop.ru/proizvoditeli/delta/?section=19#
ASD-A2-5543-M - Блок управления 5.5кВт 3x400В, второй вход обратной связи, CANopen;ASD-A2-5543-M;;Под заказ;https://intelka-shop.ru/proizvoditeli/delta/?section=19#
ECMA-L11845QS AC SERVO MOTOR 4.5kW, 400V , 1500об/мин , с тормозом, без сальника;ECMA-L11845QS;;Под заказ;https://intelka-shop.ru/proizvoditeli/delta/?section=19#
ECMA-L11845SS - Серводвигатель переменного тока 4.5 кВт, 400 В, 1500 об/мин, с тормозом;ECMA-L11845SS;;Под заказ;https://intelka-shop.ru/proizvoditeli/delta/?section=19#
ECMA-L11845PS AC SERVO MOTOR 4.5kW, 400V , 1500об/мин, без тормоза и сальника;ECMA-L11845PS;;Под заказ;https://intelka-shop.ru/proizvoditeli/delta/?section=19#
ECMA-L11845RS - Блок управления 4.5 кВт 3x400 В, второй вход обратной связи;ECMA-L11845RS;;Под заказ;https://intelka-shop.ru/proizvoditeli/delta/?section=19#
ASD-A2-4543-U - Блок управления 4.5кВт 3x400В, второй вход обратной связи, порт дискретных входов;ASD-A2-4543-U;;Под заказ;https://intelka-shop.ru/proizvoditeli/delta/?section=19#
ASD-A2-4543-M - Блок управления 4.5кВт 3x400В, второй вход обратной связи, CANopen;ASD-A2-4543-M;;Под заказ;https://intelka-shop.ru/proizvoditeli/delta/?section=19#
ECMA-L11830QS AC SERVO MOTOR 3.0kW, 400V , 1500об/мин , с тормозом, без сальника;ECMA-L11830QS;;Под заказ;https://intelka-shop.ru/proizvoditeli/delta/?section=19#
ECMA-L11830SS - Серводвигатель переменного тока 3.0 кВт, 400 В, 1500 об/мин, с тормозом;ECMA-L11830SS;;Под заказ;https://intelka-shop.ru/proizvoditeli/delta/?section=19#
ECMA-L11830PS AC SERVO MOTOR 3.0kW, 400V , 1500об/мин , без тормоза и сальника;ECMA-L11830PS;;Под заказ;https://intelka-shop.ru/proizvoditeli/delta/?section=19#
ECMA-J11330S4 - Серводвигатель переменного тока 3.0 кВт, 400 В, 3000 об/мин, с тормозом;ECMA-J11330S4;;Под заказ;https://intelka-shop.ru/proizvoditeli/delta/?section=19#
ECMA-L11830RS - Серводвигатель переменного тока 3.0 кВт, 400 В, 1500 об/мин, без тормоза;ECMA-L11830RS;;Под заказ;https://intelka-shop.ru/proizvoditeli/delta/?section=19#
ECMA-J11330R4 - Серводвигатель переменного тока 3.0 кВт, 400 В, 3000 об/мин, без тормоза;ECMA-J11330R4;;Под заказ;https://intelka-shop.ru/proizvoditeli/delta/?section=19#
ASD-A2-3043-U - Блок управления 3.0кВт 3x400В, второй вход обратной связи, порт дискретных входов;ASD-A2-3043-U;;Под заказ;https://intelka-shop.ru/proizvoditeli/delta/?section=19#
ASD-A2-3043-M - Блок управления 3.0кВт 3x400В, второй вход обратной связи, CANopen;ASD-A2-3043-M;;Под заказ;https://intelka-shop.ru/proizvoditeli/delta/?section=19#
ECMA-K11820SS Серводвигатель переменного тока 2кВт, 400В, 2000об/мин, фланец 180 мм, с тормозом и са;ECMA-K11820SS;;Под заказ;https://intelka-shop.ru/proizvoditeli/delta/?section=19#
ECMA-K11320S4 Серводвигатель переменного тока 2.0кВт, 400В, 2000об/мин, с тормозом и сальником, вал;ECMA-K11320S4;;Под заказ;https://intelka-shop.ru/proizvoditeli/delta/?section=19#
ECMA-K11820RS Серводвигатель переменного тока 2кВт, 400В, 2000об/мин, фланец 180 мм, без тормоза, с;ECMA-K11820RS;;Под заказ;https://intelka-shop.ru/proizvoditeli/delta/?section=19#
ECMA-K11320SS - Серводвигатель переменного тока 2.0 кВт, 400 В, 2000 об/мин, с тормозом;ECMA-K11320SS;;Под заказ;https://intelka-shop.ru/proizvoditeli/delta/?section=19#
ECMA-J11020SS - Серводвигатель переменного тока 2.0 кВт, 400 В, 3000 об/мин, с тормозом;ECMA-J11020SS;;Под заказ;https://intelka-shop.ru/proizvoditeli/delta/?section=19#
ECMA-K11320R4 Серводвигатель переменного тока 2.0кВт, 400В, 2000об/мин, без тормоза, с сальником, ва;ECMA-K11320R4;;Под заказ;https://intelka-shop.ru/proizvoditeli/delta/?section=19#
ECMA-J11020R4 Серводвигатель переменного тока 2.0кВт, 400В, 3000об/мин, без тормоза, с сальником, ва;ECMA-J11020R4;;Под заказ;https://intelka-shop.ru/proizvoditeli/delta/?section=19#
ECMA-K11320RS - Серводвигатель переменного тока 2.0 кВт, 400 В, 2000 об/мин, без тормоза;ECMA-K11320RS;;Под заказ;https://intelka-shop.ru/proizvoditeli/delta/?section=19#
ECMA-J11020RS - Серводвигатель переменного тока 2.0 кВт, 400 В, 3000 об/мин, без тормоза;ECMA-J11020RS;;Под заказ;https://intelka-shop.ru/proizvoditeli/delta/?section=19#
ECMA-L11318SS - Серводвигатель переменного тока 1.8 кВт, 400 В, 1500 об/мин, с тормозом;ECMA-L11318SS;;Под заказ;https://intelka-shop.ru/proizvoditeli/delta/?section=19#
ECMA-L11318RS - Серводвигатель переменного тока 1.8 кВт, 400 В, 1500 об/мин, без тормоза;ECMA-L11318RS;;Под заказ;https://intelka-shop.ru/proizvoditeli/delta/?section=19#
ASD-A2-2043-U - Блок управления 2.0кВт 3x400В, второй вход обратной связи, порт дискретных входов;ASD-A2-2043-U;;Под заказ;https://intelka-shop.ru/proizvoditeli/delta/?section=19#
ASD-A2-2043-M - Блок управления 2.0кВт 3x400В, второй вход обратной связи, CANopen;ASD-A2-2043-M;;Под заказ;https://intelka-shop.ru/proizvoditeli/delta/?section=19#
ECMA-K11315S4 Серводвигатель переменного тока 1.5кВт, 400В, 2000об/мин, с тормозом и сальником, вал;ECMA-K11315S4;;Под заказ;https://intelka-shop.ru/proizvoditeli/delta/?section=19#
ECMA-K11315SS - Серводвигатель переменного тока 1.5 кВт, 400 В, 2000 об/мин, с тормозом;ECMA-K11315SS;;Под заказ;https://intelka-shop.ru/proizvoditeli/delta/?section=19#
ECMA-K11315R4 Серводвигатель переменного тока 1.5кВт, 400В, 2000об/мин, без тормоза, с сальником, ва;ECMA-K11315R4;;Под заказ;https://intelka-shop.ru/proizvoditeli/delta/?section=19#
ECMA-K11315RS - Серводвигатель переменного тока 1.5 кВт, 400 В, 2000 об/мин, без тормоза;ECMA-K11315RS;;Под заказ;https://intelka-shop.ru/proizvoditeli/delta/?section=19#
ECMA-L11313SS Серводвигатель переменного тока 1.3кВт, 400В, 1500об/мин, с тормозом и сальником, вал;ECMA-L11313SS;;Под заказ;https://intelka-shop.ru/proizvoditeli/delta/?section=19#
ECMA-L11313RS Серводвигатель переменного тока 1.3кВт, 400В, 1500об/мин, без тормоза, с сальником, ва;ECMA-L11313RS;;Под заказ;https://intelka-shop.ru/proizvoditeli/delta/?section=19#
ECMA-J11010S9 Серводвигатель переменного тока 1.0кВт, 400В, 3000об/мин, с тормозом и сальником, вал;ECMA-J11010S9;;Под заказ;https://intelka-shop.ru/proizvoditeli/delta/?section=19#
ECMA-J11010SS - Серводвигатель переменного тока 1.0 кВт, 400 В, 3000 об/мин, с тормозом;ECMA-J11010SS;;Под заказ;https://intelka-shop.ru/proizvoditeli/delta/?section=19#
ECMA-J11010R9 Серводвигатель переменного тока 1.0кВт, 400В, 3000об/мин, без тормоза, с сальником, ва;ECMA-J11010R9;;Под заказ;https://intelka-shop.ru/proizvoditeli/delta/?section=19#
ECMA-J11010RS - Серводвигатель переменного тока 1.0 кВт, 400 В, 3000 об/мин, без тормоза;ECMA-J11010RS;;Под заказ;https://intelka-shop.ru/proizvoditeli/delta/?section=19#
ASD-A2-1543-U - Блок управления 1.5кВт 3x400В, второй вход обратной связи, порт дискретных входов;ASD-A2-1543-U;;Под заказ;https://intelka-shop.ru/proizvoditeli/delta/?section=19#
ASD-A2-1543-M - Блок управления 1.5кВт 3x400В, второй вход обратной связи, CANopen;ASD-A2-1543-M;;Под заказ;https://intelka-shop.ru/proizvoditeli/delta/?section=19#
ECMA-K11310S9 Серводвигатель переменного тока 1.0кВт, 400В, 2000об/мин, с тормозом и сальником, вал;ECMA-K11310S9;;Под заказ;https://intelka-shop.ru/proizvoditeli/delta/?section=19#
ECMA-K11310SS - Серводвигатель переменного тока 1.0 кВт, 400 В, 2000 об/мин, с тормозом;ECMA-K11310SS;;Под заказ;https://intelka-shop.ru/proizvoditeli/delta/?section=19#
ECMA-K11310R9 Серводвигатель переменного тока 1.0кВт, 400В, 2000об/мин, без тормоза, с сальником, ва;ECMA-K11310R9;;Под заказ;https://intelka-shop.ru/proizvoditeli/delta/?section=19#
ECMA-K11310RS - Серводвигатель переменного тока 1.0 кВт, 400 В, 2000 об/мин, без тормоза;ECMA-K11310RS;;Под заказ;https://intelka-shop.ru/proizvoditeli/delta/?section=19#
ECMA-M11309SS Серводвигатель переменного тока 0.9кВт, 400В, 1000об/мин, с тормозом и сальником, вал;ECMA-M11309SS;;Под заказ;https://intelka-shop.ru/proizvoditeli/delta/?section=19#
ECMA-M11309RS Серводвигатель переменного тока 0.9кВт, 400В, 1000об/мин, без тормоза, с сальником, ва;ECMA-M11309RS;;Под заказ;https://intelka-shop.ru/proizvoditeli/delta/?section=19#
ECMA-L11308SS Серводвигатель переменного тока 0.85кВт, 400В, 1500об/мин, с тормозом и сальником, вал;ECMA-L11308SS;;Под заказ;https://intelka-shop.ru/proizvoditeli/delta/?section=19#
ECMA-L11308RS Серводвигатель переменного тока 0.85кВт, 400В, 1500об/мин, без тормоза, с сальником, в;ECMA-L11308RS;;Под заказ;https://intelka-shop.ru/proizvoditeli/delta/?section=19#
ASD-A2-1043-U - Блок управления 1кВт 3x400В, второй вход обратной связи, порт дискретных входов;ASD-A2-1043-U;;Под заказ;https://intelka-shop.ru/proizvoditeli/delta/?section=19#
ASD-A2-1043-M - Блок управления 1кВт 3x400В, второй вход обратной связи, CANopen;ASD-A2-1043-M;;Под заказ;https://intelka-shop.ru/proizvoditeli/delta/?section=19#
ECMA-J10807S6 Серводвигатель переменного тока 0.75кВт, 400В, 3000об/мин, с тормозом и сальником, вал;ECMA-J10807S6;;Под заказ;https://intelka-shop.ru/proizvoditeli/delta/?section=19#
ECMA-J10807SS - Серводвигатель переменного тока 0.75 кВт, 400 В, 3000 об/мин, с тормозом;ECMA-J10807SS;;Под заказ;https://intelka-shop.ru/proizvoditeli/delta/?section=19#
ECMA-J10807R6 Серводвигатель переменного тока 0.75кВт, 400В, 3000об/мин, без тормоза, с сальником, в;ECMA-J10807R6;;Под заказ;https://intelka-shop.ru/proizvoditeli/delta/?section=19#
ECMA-J10807RS - Серводвигатель переменного тока 0.75 кВт, 400 В, 3000 об/мин, без тормоза;ECMA-J10807RS;;Под заказ;https://intelka-shop.ru/proizvoditeli/delta/?section=19#
ECMA-K11305SS Серводвигатель переменного тока 0,5кВт, 400В, 2000об/мин, с тормозом и сальником, вал;ECMA-K11305SS;;Под заказ;https://intelka-shop.ru/proizvoditeli/delta/?section=19#
ECMA-K11305S9 Серводвигатель переменного тока 0.5кВт, 400В, 2000об/мин, с тормозом и сальником, вал;ECMA-K11305S9;;Под заказ;https://intelka-shop.ru/proizvoditeli/delta/?section=19#
ECMA-K11305RS Серводвигатель переменного тока 0.5кВт, 400В, 2000об/мин, без тормоза, с сальником, ва;ECMA-K11305RS;;Под заказ;https://intelka-shop.ru/proizvoditeli/delta/?section=19#
ECMA-K11305R9 Серводвигатель переменного тока 0.5кВт, 400В, 2000об/мин, без тормоза, с сальником, ва;ECMA-K11305R9;;Под заказ;https://intelka-shop.ru/proizvoditeli/delta/?section=19#
ECMA-J10604SS Серводвигатель переменного тока 0.4кВт, 400В, 3000об/мин, с тормозом и сальником, вал;ECMA-J10604SS;;Под заказ;https://intelka-shop.ru/proizvoditeli/delta/?section=19#
ECMA-J10604RS Серводвигатель переменного тока 0.4кВт, 400В, 3000об/мин, без тормоза, с сальником, ва;ECMA-J10604RS;;Под заказ;https://intelka-shop.ru/proizvoditeli/delta/?section=19#
YBOCL-80A-EISA-0.088mH - Моторный дроссель (алюминий): для ПЧ 37кВт, 80А, 0,088мГн;YBOCL-80A-EISA-0.088mH;;Под заказ;https://intelka-shop.ru/proizvoditeli/delta/?section=19#
YBOCL-60A-EISA-0.117mH - Моторный дроссель (алюминий): для ПЧ 30кВт, 60А, 0,117мГн;YBOCL-60A-EISA-0.117mH;;Под заказ;https://intelka-shop.ru/proizvoditeli/delta/?section=19#
YBOCL-50A-EISA-0.14mH - Моторный дроссель (алюминий): для ПЧ 22кВт, 50А, 0,14мГн;YBOCL-50A-EISA-0.14mH;;Под заказ;https://intelka-shop.ru/proizvoditeli/delta/?section=19#
YBOCL-40A-EISA-0.175mH - Моторный дроссель (алюминий): для ПЧ 18,5кВт, 40А, 0,175мГн;YBOCL-40A-EISA-0.175mH;;Под заказ;https://intelka-shop.ru/proizvoditeli/delta/?section=19#
YBOCL-30A-EISA-0.234mH - Моторный дроссель (алюминий): для ПЧ 11кВт, 30А, 0,234мГн;YBOCL-30A-EISA-0.234mH;;Под заказ;https://intelka-shop.ru/proizvoditeli/delta/?section=19#
YBOCL-20A-EISA-0.352mH - Моторный дроссель (алюминий): для ПЧ 7,5кВт, 20А, 0,352мГн;YBOCL-20A-EISA-0.352mH;;Под заказ;https://intelka-shop.ru/proizvoditeli/delta/?section=19#
YBOCL-15A-EISA-0.467mH - Моторный дроссель (алюминий): для ПЧ 5,5кВт, 15А, 0,465мГн;YBOCL-15A-EISA-0.467mH;;Под заказ;https://intelka-shop.ru/proizvoditeli/delta/?section=19#
YBOCL-8A-EISA-0.875mH - Моторный дроссель (алюминий): для ПЧ 3,7кВт, 8А, 0,875мГн;YBOCL-8A-EISA-0.875mH;;Под заказ;https://intelka-shop.ru/proizvoditeli/delta/?section=19#
YBOCL-4A-EISA-1.75mH - Моторный дроссель (алюминий): для ПЧ 1,5кВт, 4А, 1,75мГн;YBOCL-4A-EISA-1.75mH;;Под заказ;https://intelka-shop.ru/proizvoditeli/delta/?section=19#
YBOCL-5A-EISA-1.4mH - Моторный дроссель (алюминий): для ПЧ 0,75кВт, 3А, 4,67мГн;YBOCL-5A-EISA-1.4mH;;Под заказ;https://intelka-shop.ru/proizvoditeli/delta/?section=19#
YBOCL-3A-EISA-2.335mH - Моторный дроссель (алюминий): для ПЧ 0,75кВт, 3А, 2,335мГн;YBOCL-3A-EISA-2.335mH;;Под заказ;https://intelka-shop.ru/proizvoditeli/delta/?section=19#
YBOCL-35A-EISA-0.2mH - Моторный дроссель (алюминий): для ПЧ 15кВт, 35А, 0,4мГн;YBOCL-35A-EISA-0.2mH;;Под заказ;https://intelka-shop.ru/proizvoditeli/delta/?section=19#
YBACL-750A-EISA-0.019mH - Сетевой дроссель (алюминий): для ПЧ 355кВт, 750А, 0,019мГн;YBACL-750A-EISA-0.019mH;;Под заказ;https://intelka-shop.ru/proizvoditeli/delta/?section=19#
YBACL-630A-EISA-0.0222mH - Сетевой дроссель (алюминий): для ПЧ 315кВт, 630А, 0,0222мГн;YBACL-630A-EISA-0.0222mH;;Под заказ;https://intelka-shop.ru/proizvoditeli/delta/?section=19#
YBACL-600A-EISA-0.023mH - Сетевой дроссель (алюминий): для ПЧ 280кВт, 600А, 0,023мГн;YBACL-600A-EISA-0.023mH;;Под заказ;https://intelka-shop.ru/proizvoditeli/delta/?section=19#
YBACL-560A-EISA-0.025mH - Сетевой дроссель (алюминий): для ПЧ 250кВт, 560А, 0,025мГн;YBACL-560A-EISA-0.025mH;;Под заказ;https://intelka-shop.ru/proizvoditeli/delta/?section=19#
YBACL-500A-EISA-0.028mH - Сетевой дроссель (алюминий): для ПЧ 220кВт, 500А, 0,028мГн;YBACL-500A-EISA-0.028mH;;Под заказ;https://intelka-shop.ru/proizvoditeli/delta/?section=19#
YBACL-400A-EISA-0.035mH - Сетевой дроссель (алюминий): для ПЧ 185кВт, 400А, 0,035мГн;YBACL-400A-EISA-0.035mH;;Под заказ;https://intelka-shop.ru/proizvoditeli/delta/?section=19#
YBACL-800A-EISA-0.0175mH - Сетевой дроссель (алюминий): для ПЧ 400кВт, 800А, 0,0175мГн;YBACL-800A-EISA-0.0175mH;;Под заказ;https://intelka-shop.ru/proizvoditeli/delta/?section=19#
YBACL-350A-EISA-0.04mH - Сетевой дроссель (алюминий): для ПЧ 160кВт, 350А, 0,04мГн;YBACL-350A-EISA-0.04mH;;Под заказ;https://intelka-shop.ru/proizvoditeli/delta/?section=19#
YBACL-300A-EISA-0.0467mH - Сетевой дроссель (алюминий): для ПЧ 132кВт, 300А, 0,0467мГн;YBACL-300A-EISA-0.0467mH;;Под заказ;https://intelka-shop.ru/proizvoditeli/delta/?section=19#
YBACL-250A-EISA-0.056mH - Сетевой дроссель (алюминий): для ПЧ 110кВт, 250А, 0,056мГн;YBACL-250A-EISA-0.056mH;;Под заказ;https://intelka-shop.ru/proizvoditeli/delta/?section=19#
YBACL-200A-EISA-0.07mH - Сетевой дроссель (алюминий): для ПЧ 90кВт, 200А, 0,07мГн;YBACL-200A-EISA-0.07mH;;Под заказ;https://intelka-shop.ru/proizvoditeli/delta/?section=19#
YBACL-150A-EISA-0.0934mH - Сетевой дроссель (алюминий): для ПЧ 75кВт, 150А, 0,0934мГн;YBACL-150A-EISA-0.0934mH;;Под заказ;https://intelka-shop.ru/proizvoditeli/delta/?section=19#
YBACL-110A-EISA-0.127mH - Сетевой дроссель (алюминий): для ПЧ 55кВт, 110А, 0,127мГн;YBACL-110A-EISA-0.127mH;;Под заказ;https://intelka-shop.ru/proizvoditeli/delta/?section=19#
YBACL-90A-EISA-0.157mH - Сетевой дроссель (алюминий): для ПЧ 45кВт, 90А, 0,157мГн;YBACL-90A-EISA-0.157mH;;Под заказ;https://intelka-shop.ru/proizvoditeli/delta/?section=19#
YBACL-80A-EISA-0.175mH - Сетевой дроссель (алюминий): для ПЧ 37кВт, 80А, 0,175мГн;YBACL-80A-EISA-0.175mH;;Под заказ;https://intelka-shop.ru/proizvoditeli/delta/?section=19#
YBACL-60A-EISA-0.234mH - Сетевой дроссель (алюминий): для ПЧ 30кВт, 60А, 0,234мГн;YBACL-60A-EISA-0.234mH;;Под заказ;https://intelka-shop.ru/proizvoditeli/delta/?section=19#
YBACL-50A-EISA-0.28mH - Сетевой дроссель (алюминий): для ПЧ 22кВт, 50А, 0,28мГн;YBACL-50A-EISA-0.28mH;;Под заказ;https://intelka-shop.ru/proizvoditeli/delta/?section=19#
YBACL-40A-EISA-0.35mH - Сетевой дроссель (алюминий): для ПЧ 18,5кВт, 40А, 0,35мГн;YBACL-40A-EISA-0.35mH;;Под заказ;https://intelka-shop.ru/proizvoditeli/delta/?section=19#
YBACL-30A-EISA-0.465mH - Сетевой дроссель (алюминий): для ПЧ 11кВт, 30А, 0,467мГн;YBACL-30A-EISA-0.465mH;;Под заказ;https://intelka-shop.ru/proizvoditeli/delta/?section=19#
YBACL-20A-EISA-0.7mH - Сетевой дроссель (алюминий): для ПЧ 7,5кВт, 20А, 0,7мГн;YBACL-20A-EISA-0.7mH;;Под заказ;https://intelka-shop.ru/proizvoditeli/delta/?section=19#
YBACL-15A-EISA-0.93mH - Сетевой дроссель (алюминий): для ПЧ 5,5кВт, 15А, 0,93мГн;YBACL-15A-EISA-0.93mH;;Под заказ;https://intelka-shop.ru/proizvoditeli/delta/?section=19#
YBACL-8A-EISA-1.75mH - Сетевой дроссель (алюминий): для ПЧ 3,7кВт, 8А, 1,75мГн;YBACL-8A-EISA-1.75mH;;Под заказ;https://intelka-shop.ru/proizvoditeli/delta/?section=19#
ASD-M-0721-F - Блок управления 3-мя сервомоторами, 3x0.75кВт 1x220В, второй вход обратной связи;ASD-M-0721-F;;Под заказ;https://intelka-shop.ru/proizvoditeli/delta/?section=19#
ECM-B3M-E21315SS1 - Двигатель 1,5 кВт, 2000 об/мин, инкрементальный энкодер 24-бит, с тормозом;ECM-B3M-E21315SS1;;Под заказ;https://intelka-shop.ru/proizvoditeli/delta/?section=19#
ECM-B3M-E21315RS1 - Двигатель 1,5 кВт, 2000 об/мин, инкрементальный энкодер 24-бит, без тормоза;ECM-B3M-E21315RS1;;Под заказ;https://intelka-shop.ru/proizvoditeli/delta/?section=19#
ASD-B3-1521-L - Блок управления 1,5кВт, 1х220В;ASD-B3-1521-L;;Под заказ;https://intelka-shop.ru/proizvoditeli/delta/?section=19#
ECM-B3M-E21310SS1 - Двигатель 1 кВт, 2000 об/мин, инкрементальный энкодер 24-бит, с тормозом;ECM-B3M-E21310SS1;;Под заказ;https://intelka-shop.ru/proizvoditeli/delta/?section=19#
ECM-B3M-E21310RS1 - Двигатель 1 кВт, 2000 об/мин, инкрементальный энкодер 24-бит, без тормоза;ECM-B3M-E21310RS1;;Под заказ;https://intelka-shop.ru/proizvoditeli/delta/?section=19#
ASD-B3-1021-L - Блок управления 1кВт, 1х220В;ASD-B3-1021-L;;Под заказ;https://intelka-shop.ru/proizvoditeli/delta/?section=19#
ECM-B3M-C20807SS1 - Двигатель 0,75 кВт, 3000 об/мин, инкрементальный энкодер 24-бит, с тормозом;ECM-B3M-C20807SS1;;Под заказ;https://intelka-shop.ru/proizvoditeli/delta/?section=19#
ECM-B3M-C20807RS1 - Двигатель 0,75 кВт, 3000 об/мин, инкрементальный энкодер 24-бит, без тормоза;ECM-B3M-C20807RS1;;Под заказ;https://intelka-shop.ru/proizvoditeli/delta/?section=19#
ASD-B3-0721-L - Блок управления 0,75кВт, 1х220В;ASD-B3-0721-L;;В наличии;https://intelka-shop.ru/proizvoditeli/delta/?section=19#
ECM-B3M-C20604SS1 - Двигатель 0,4 кВт, 3000 об/мин, инкрементальный энкодер 24-бит, с тормозом;ECM-B3M-C20604SS1;;Под заказ;https://intelka-shop.ru/proizvoditeli/delta/?section=19#
ECM-B3M-C20604RS1 - Двигатель 0,4 кВт, 3000 об/мин, инкрементальный энкодер 24-бит, без тормоза;ECM-B3M-C20604RS1;;Под заказ;https://intelka-shop.ru/proizvoditeli/delta/?section=19#
ASD-B3-0421-L - Блок управления 0,4кВт, 1х220В;ASD-B3-0421-L;;Под заказ;https://intelka-shop.ru/proizvoditeli/delta/?section=19#
ECM-B3M-C20602SS1 - Двигатель 0,2 кВт, 3000 об/мин, инкрементальный энкодер 24-бит, с тормозом;ECM-B3M-C20602SS1;;Под заказ;https://intelka-shop.ru/proizvoditeli/delta/?section=19#
ECM-B3M-C20602RS1 - Двигатель 0,2 кВт, 3000 об/мин, инкрементальный энкодер 24-бит, без тормоза;ECM-B3M-C20602RS1;;Под заказ;https://intelka-shop.ru/proizvoditeli/delta/?section=19#
ASD-B3-0221-L - Блок управления 0,2кВт, 1х220В;ASD-B3-0221-L;;Под заказ;https://intelka-shop.ru/proizvoditeli/delta/?section=19#
ECM-B3L-C20401SS1 - Двигатель 0,1 кВт, 3000 об/мин, инкрементальный энкодер 24-бит, с тормозом;ECM-B3L-C20401SS1;;Под заказ;https://intelka-shop.ru/proizvoditeli/delta/?section=19#
ECM-B3L-C20401RS1 - Двигатель 0,1 кВт, 3000 об/мин, инкрементальный энкодер 24-бит, без тормоза;ECM-B3L-C20401RS1;;Под заказ;https://intelka-shop.ru/proizvoditeli/delta/?section=19#
ASD-B3-0121-L - Блок управления 0,1кВт, 1х220В;ASD-B3-0121-L;;Под заказ;https://intelka-shop.ru/proizvoditeli/delta/?section=19#
ECMA-C20401RS - Серводвигатель 0.1 кВт, 1х220 В, 3000 об/мин, фланец 40 мм, 160 K имп/об;ECMA-C20401RS;;Под заказ;https://intelka-shop.ru/proizvoditeli/delta/?section=19#
ECMA-G21309SS - Серводвигатель 0.9 кВт, 1х220 В, 1000 об/мин, 160 К имп/об, с тормозом;ECMA-G21309SS;;Под заказ;https://intelka-shop.ru/proizvoditeli/delta/?section=19#
ECMA-E21315SS - Серводвигатель 1.5 кВт, 1х220 В, 2000 об/мин, фланец 130 мм, 160 К имп/об;ECMA-E21315SS;;Под заказ;https://intelka-shop.ru/proizvoditeli/delta/?section=19#
ECMA-G21306SS - Серводвигатель 0.6 кВт, 1х220 В, 1000 об/мин, фланец 130 мм, 160 К имп/об;ECMA-G21306SS;;Под заказ;https://intelka-shop.ru/proizvoditeli/delta/?section=19#
ECMA-E21310SS - Серводвигатель 1.0 кВт, 1х220 В, 2000 об/мин, фланец 130 мм, 160 К имп/об;ECMA-E21310SS;;Под заказ;https://intelka-shop.ru/proizvoditeli/delta/?section=19#
ECMA-E21305SS - Серводвигатель 0.5 кВт, 1х220 В, 2000 об/мин, фланец 60 мм, 160 К имп/об;ECMA-E21305SS;;Под заказ;https://intelka-shop.ru/proizvoditeli/delta/?section=19#
ECMA-G21309RS - Серводвигатель 0.9 кВт, 1х220 В, 1000 об/мин, 160 К имп/об, без тормоза;ECMA-G21309RS;;Под заказ;https://intelka-shop.ru/proizvoditeli/delta/?section=19#
ECMA-C21010SS - Серводвигатель 1.0 кВт, 1х220 В, 3000 об/мин, фланец 100 мм, 160 К имп/об;ECMA-C21010SS;;Под заказ;https://intelka-shop.ru/proizvoditeli/delta/?section=19#
ASD-B2-1521-B - Блок управления 1,5кВт, 1х220В со встроенным пультом управления;ASD-B2-1521-B;;Под заказ;https://intelka-shop.ru/proizvoditeli/delta/?section=19#
ECMA-E21315RS - Серводвигатель 1.5 кВт, 1х220 В, 2000 об/мин, фланец 130 мм, 160 К имп/об;ECMA-E21315RS;;Под заказ;https://intelka-shop.ru/proizvoditeli/delta/?section=19#
ECMA-G21306RS - Серводвигатель 0.6 кВт, 1х220 В, 1000 об/мин, фланец 130 мм, 160 К имп/об;ECMA-G21306RS;;Под заказ;https://intelka-shop.ru/proizvoditeli/delta/?section=19#
ECMA-C20807SS - Серводвигатель 0.75 кВт, 1х220 В, 3000 об/мин, фланец 80 мм, 160 К имп/об;ECMA-C20807SS;;Под заказ;https://intelka-shop.ru/proizvoditeli/delta/?section=19#
ECMA-E21305RS Серводвигатель 0.5кВт, 1х220В, 2000 об/мин, фланец 60мм, 160К имп/об, без тормоза, с с;ECMA-E21305RS;;Под заказ;https://intelka-shop.ru/proizvoditeli/delta/?section=19#
ECMA-E21310RS - Серводвигатель 1.0 кВт, 1х220 В, 2000 об/мин, фланец 130 мм, 160 К имп/об;ECMA-E21310RS;;Под заказ;https://intelka-shop.ru/proizvoditeli/delta/?section=19#
ECMA-C21010RS - Серводвигатель 1.0 кВт, 1х220 В, 3000 об/мин, фланец 100 мм, 160 К имп/об;ECMA-C21010RS;ECMA-C21010RS;Под заказ;https://intelka-shop.ru/proizvoditeli/delta/?section=19#
ASD-B2-1021-B - Блок управления 1,0кВт, 1х220В со встроенным пультом управления;ASD-B2-1021-B;;Под заказ;https://intelka-shop.ru/proizvoditeli/delta/?section=19#
"ECMA-C20804S7 Серводвигатель 0.4кВт, 1х220В, 3000об/мин, фланец 80мм, 160К имп/об; с тормозом и саль";ECMA-C20804S7;;Под заказ;https://intelka-shop.ru/proizvoditeli/delta/?section=19#
ASD-B2-0721-B - Блок управления 0.7кВт, 1х220В со встроенным пультом управления;ASD-B2-0721-B;;Под заказ;https://intelka-shop.ru/proizvoditeli/delta/?section=19#
ECMA-C20604SS - Серводвигатель 0.4 кВт, 1х220 В, 3000 об/мин, фланец 60 мм, 160 К имп/об;ECMA-C20604SS;;Под заказ;https://intelka-shop.ru/proizvoditeli/delta/?section=19#
ECMA-C20602SS - Серводвигатель 0.2 кВт, 1х220 В, 3000 об/мин, фланец 60 мм, 160 К имп/об;ECMA-C20602SS;;Под заказ;https://intelka-shop.ru/proizvoditeli/delta/?section=19#
ECMA-C20602QS Серводвигатель 0.2 кВт, 1х220В, 3000об/мин, фланец 60мм, 160К имп/об, с тормозом, без;ECMA-C20602QS;;Под заказ;https://intelka-shop.ru/proizvoditeli/delta/?section=19#
ECMA-C20401SS - Серводвигатель 0.1 кВт, 1х220 В, 3000 об/мин, фланец 40 мм, 160 К имп/об;ECMA-C20401SS;;Под заказ;https://intelka-shop.ru/proizvoditeli/delta/?section=19#
ASD-B2-0421-B - Блок управления 0.4кВт, 1х220В со встроенным пультом управления;ASD-B2-0421-B;;Под заказ;https://intelka-shop.ru/proizvoditeli/delta/?section=19#
ASD-B2-0221-B - Блок управления 0.2кВт, 1х220В со встроенным пультом управления;ASD-B2-0221-B;;Под заказ;https://intelka-shop.ru/proizvoditeli/delta/?section=19#
ASD-B2-0121-B - Блок управления 0.1кВт, 1х220В со встроенным пультом управления;ASD-B2-0121-B;;Под заказ;https://intelka-shop.ru/proizvoditeli/delta/?section=19#
ECMA-C20807RS - Серводвигатель 0.75 кВт, 1х220 В, 3000 об/мин, фланец 80 мм, 160 К имп/об;ECMA-C20807RS;;Под заказ;https://intelka-shop.ru/proizvoditeli/delta/?section=19#
ECMA-C20807R6 Серводвигатель 0.75кВт, 1х220В, 3000об/мин, фланец 80мм, 160К имп/об, без тормоза, с с;ECMA-C20807R6;;Под заказ;https://intelka-shop.ru/proizvoditeli/delta/?section=19#
"ECMA-C20804R7 Серводвигатель 0.4кВт, 1х220В, 3000об/мин, фланец 80мм, 160К имп/об; без тормоза, с са";ECMA-C20804R7;;Под заказ;https://intelka-shop.ru/proizvoditeli/delta/?section=19#
ECMA-C20604RS - Серводвигатель 0.4 кВт, 1х220 В, 3000 об/мин, фланец 60 мм, 160 К имп/об;ECMA-C20604RS;;Под заказ;https://intelka-shop.ru/proizvoditeli/delta/?section=19#
ECMA-C20602RS - Серводвигатель 0.2 кВт, 1х220 В, 3000 об/мин, фланец 60 мм, 160 К имп/об;ECMA-C20602RS;;Под заказ;https://intelka-shop.ru/proizvoditeli/delta/?section=19#
ECMA-C20602PS Серводвигатель 0.2 кВт, 1х220В, 3000об/мин, фланец 60мм, 160К имп/об, без тормоза и са;ECMA-C20602PS;;Под заказ;https://intelka-shop.ru/proizvoditeli/delta/?section=19#
ECMA-L1221FSS - Серводвигатель переменного тока 15 кВт, 400 В, 1500 об/мин, с тормозом;ECMA-L1221FSS;;Под заказ;https://intelka-shop.ru/proizvoditeli/delta/?section=19#
ECMA-L1221FRS - Серводвигатель переменного тока 15 кВт, 400 В, 1500 об/мин, без тормоза;ECMA-L1221FRS;;Под заказ;https://intelka-shop.ru/proizvoditeli/delta/?section=19#
ECMA-L1221FPS Серводвигатель переменного тока 15кВт, 400В, 1500об/мин, без тормоза и сальника;ECMA-L1221FPS;;Под заказ;https://intelka-shop.ru/proizvoditeli/delta/?section=19#
ASDA-A2-1F43-U Блок управления 15кВт 3x400В, второй вход обратной связи, порт дискретных входов;ASDA-A2-1F43-U;;Под заказ;https://intelka-shop.ru/proizvoditeli/delta/?section=19#
ASDA-A2-1F43-M Блок управления 15кВт 3x400В, второй вход обратной связи, CANopen;ASDA-A2-1F43-M;;Под заказ;https://intelka-shop.ru/proizvoditeli/delta/?section=19#
ECMA-L1221BS3 - Серводвигатель переменного тока 11 кВт, 400 В, 1500 об/мин, с тормозом;ECMA-L1221BS3;;Под заказ;https://intelka-shop.ru/proizvoditeli/delta/?section=19#
ECMA-L1221BR3 - Серводвигатель переменного тока 11 кВт, 400 В, 1500 об/мин, без тормоза;ECMA-L1221BR3;;Под заказ;https://intelka-shop.ru/proizvoditeli/delta/?section=19#
ECMA-L1221BP3 Серводвигатель переменного тока 11кВт, 400В, 1500об/мин, вал 42 мм, без тормоза и саль;ECMA-L1221BP3;;Под заказ;https://intelka-shop.ru/proizvoditeli/delta/?section=19#
ASD-A2R-1B43-U - Блок управления 11кВт 3x400В, для двигателей вращения и линейных двигателей;ASD-A2R-1B43-U;;Под заказ;https://intelka-shop.ru/proizvoditeli/delta/?section=19#
ASD-A2R-1B43-M - Блок управления 11кВт 3x400В, для двигателей вращения и линейных двигателей;ASD-A2R-1B43-M;;Под заказ;https://intelka-shop.ru/proizvoditeli/delta/?section=19#
ECMA-L11875Q3 AC SERVO MOTOR 7.5kW, 400VAC , 1500об/мин, с тормозом, без сальника;ECMA-L11875Q3;;Под заказ;https://intelka-shop.ru/proizvoditeli/delta/?section=19#
ECMA-L11875S3 - Серводвигатель переменного тока 7.5 кВт, 400 В, 1500 об/мин, с тормозом;ECMA-L11875S3;;Под заказ;https://intelka-shop.ru/proizvoditeli/delta/?section=19#
ECMA-L11875P3 AC SERVO MOTOR 7.5kW, 400VAC , 1500об/мин, без тормоза и сальника;ECMA-L11875P3;;Под заказ;https://intelka-shop.ru/proizvoditeli/delta/?section=19#
ECMA-L11875R3 - Серводвигатель переменного тока 7.5 кВт, 400 В, 1500 об/мин, без тормоза;ECMA-L11875R3;;Под заказ;https://intelka-shop.ru/proizvoditeli/delta/?section=19#
ASD-A2-7543-U - Блок управления 7.5кВт 3x400В, второй вход обратной связи, порт дискретных входов;ASD-A2-7543-U;;Под заказ;https://intelka-shop.ru/proizvoditeli/delta/?section=19#
ASD-A2-7543-M - Блок управления 7.5кВт 3x400В, второй вход обратной связи, CANopen;ASD-A2-7543-M;;Под заказ;https://intelka-shop.ru/proizvoditeli/delta/?section=19#
RXLG1.5KW3.3RJ - Тормозной резистор 1,5кВт 3,3 Ом, алюминиевый корпус;RXLG1.5KW3.3RJ;;Под заказ;https://intelka-shop.ru/proizvoditeli/delta/?section=19#
BR1K2W015 - Тормозной резистор 1.2кВт 15 Ом;BR1K2W015;;Под заказ;https://intelka-shop.ru/proizvoditeli/delta/?section=19#
RXLG1.2KW15RJ - Тормозной резистор 1,2кВт 15 Ом, алюминиевый корпус;RXLG1.2KW15RJ;;Под заказ;https://intelka-shop.ru/proizvoditeli/delta/?section=19#
BR1K2W008 - Тормозной резистор 1.2кВт 8 Ом;BR1K2W008;;Под заказ;https://intelka-shop.ru/proizvoditeli/delta/?section=19#
RXLG1.2KW8RJ - Тормозной резистор 1,2кВт 8 Ом, алюминиевый корпус;RXLG1.2KW8RJ;;Под заказ;https://intelka-shop.ru/proizvoditeli/delta/?section=19#
BR1K2W6P8 - Тормозной резистор 1.2кВт 6,8 Ом;BR1K2W6P8;;Под заказ;https://intelka-shop.ru/proizvoditeli/delta/?section=19#
RXLG1.2KW6.8RJ - Тормозной резистор 1,2кВт 6,8 Ом, алюминиевый корпус;RXLG1.2KW6.8RJ;;Под заказ;https://intelka-shop.ru/proizvoditeli/delta/?section=19#
RXLG1.2KW3.9RJ - Тормозной резистор 1,2кВт 3,9 Ом, алюминиевый корпус;RXLG1.2KW3.9RJ;;Под заказ;https://intelka-shop.ru/proizvoditeli/delta/?section=19#
BR1K0W075 - Тормозной резистор 1кВт 75 Ом;BR1K0W075;;Под заказ;https://intelka-shop.ru/proizvoditeli/delta/?section=19#
RXLG1KW75RJ - Тормозной резистор 1кВт 75 Ом, алюминиевый корпус;RXLG1KW75RJ;;Под заказ;https://intelka-shop.ru/proizvoditeli/delta/?section=19#
BR1K0W050 - Тормозной резистор 1кВт 50 Ом;BR1K0W050;;Под заказ;https://intelka-shop.ru/proizvoditeli/delta/?section=19#
RXLG1KW50RJ - Тормозной резистор 1кВт 50 Ом, алюминиевый корпус;RXLG1KW50RJ;;Под заказ;https://intelka-shop.ru/proizvoditeli/delta/?section=19#
RXLG1.5KW5RJ - Тормозной резистор 1,5кВт 5 Ом, алюминиевый корпус;RXLG1.5KW5RJ;;Под заказ;https://intelka-shop.ru/proizvoditeli/delta/?section=19#
BR1K0W020 - Тормозной резистор 1кВт 20 Ом;BR1K0W020;;Под заказ;https://intelka-shop.ru/proizvoditeli/delta/?section=19#
RXLG1KW20RJ - Тормозной резистор 1кВт 20 Ом, алюминиевый корпус;RXLG1KW20RJ;;Под заказ;https://intelka-shop.ru/proizvoditeli/delta/?section=19#
BR1K0W016 - Тормозной резистор 1кВт 16 Ом;BR1K0W016;;Под заказ;https://intelka-shop.ru/proizvoditeli/delta/?section=19#
BR1K0W5P1 - Тормозной резистор 1кВт 5,1 Ом;BR1K0W5P1;;Под заказ;https://intelka-shop.ru/proizvoditeli/delta/?section=19#
RXLG1KW5.1RJ - Тормозной резистор 1кВт 5,1 Ом, алюминиевый корпус;RXLG1KW5.1RJ;;Под заказ;https://intelka-shop.ru/proizvoditeli/delta/?section=19#
RXLG1KW4.3RJ - Тормозной резистор 1кВт 4,3 Ом, алюминиевый корпус;RXLG1KW4.3RJ;;Под заказ;https://intelka-shop.ru/proizvoditeli/delta/?section=19#
BR500W100 - Тормозной резистор 500Вт 100 Ом;BR500W100;;Под заказ;https://intelka-shop.ru/proizvoditeli/delta/?section=19#
RXLG500W100RJ - Тормозной резистор 500Вт 100 Ом, алюминиевый корпус;RXLG500W100RJ;;Под заказ;https://intelka-shop.ru/proizvoditeli/delta/?section=19#
BR500W030 - Тормозной резистор 500Вт 30 Ом;BR500W030;;Под заказ;https://intelka-shop.ru/proizvoditeli/delta/?section=19#
RXLG500W30RJ - Тормозной резистор 500Вт 30 Ом, алюминиевый корпус;RXLG500W30RJ;;Под заказ;https://intelka-shop.ru/proizvoditeli/delta/?section=19#
BR400W150 - Тормозной резистор 400Вт 150 Ом;BR400W150;;Под заказ;https://intelka-shop.ru/proizvoditeli/delta/?section=19#
RXLG400W150RJ - Тормозной резистор 400Вт 150 Ом, алюминиевый корпус;RXLG400W150RJ;;Под заказ;https://intelka-shop.ru/proizvoditeli/delta/?section=19#
BR400W040 - Тормозной резистор 400Вт 40 Ом;BR400W040;;Под заказ;https://intelka-shop.ru/proizvoditeli/delta/?section=19#
RXLG400W40RJ - Тормозной резистор 400Вт 40 Ом, алюминиевый корпус;RXLG400W40RJ;;Под заказ;https://intelka-shop.ru/proizvoditeli/delta/?section=19#
BR300W400 - Тормозной резистор 300Вт 400 Ом;BR300W400;;Под заказ;https://intelka-shop.ru/proizvoditeli/delta/?section=19#
RXLG300W400RJ - Тормозной резистор 300Вт 400 Ом, алюминиевый корпус;RXLG300W400RJ;;Под заказ;https://intelka-shop.ru/proizvoditeli/delta/?section=19#
BR300W250 - Тормозной резистор 300Вт 250 Ом;BR300W250;;Под заказ;https://intelka-shop.ru/proizvoditeli/delta/?section=19#
RXLG300W250RJ - Тормозной резистор 300Вт 250 Ом, алюминиевый корпус;RXLG300W250RJ;;Под заказ;https://intelka-shop.ru/proizvoditeli/delta/?section=19#
RXLG300W110RJ - Тормозной резистор 300Вт 110 Ом, алюминиевый корпус;RXLG300W110RJ;;Под заказ;https://intelka-shop.ru/proizvoditeli/delta/?section=19#
BR300W100 - Тормозной резистор 300Вт 100 Ом;BR300W100;;Под заказ;https://intelka-shop.ru/proizvoditeli/delta/?section=19#
RXLG300W100RJ - Тормозной резистор 300Вт 100 Ом, алюминиевый корпус;RXLG300W100RJ;;Под заказ;https://intelka-shop.ru/proizvoditeli/delta/?section=19#
BR300W070 - Тормозной резистор 300Вт 70 Ом;BR300W070;;Под заказ;https://intelka-shop.ru/proizvoditeli/delta/?section=19#
RXLG300W70RJ - Тормозной резистор 300Вт 70 Ом, алюминиевый корпус;RXLG300W70RJ;;Под заказ;https://intelka-shop.ru/proizvoditeli/delta/?section=19#
RXLG300W25RJ - Тормозной резистор 300Вт 25 Ом, алюминиевый корпус;RXLG300W25RJ;;Под заказ;https://intelka-shop.ru/proizvoditeli/delta/?section=19#
BR200W360 - Тормозной резистор 200Вт 360 Ом;BR200W360;;Под заказ;https://intelka-shop.ru/proizvoditeli/delta/?section=19#
RXLG200W360RJ - Тормозной резистор 200Вт 360 Ом, алюминиевый корпус;RXLG200W360RJ;;Под заказ;https://intelka-shop.ru/proizvoditeli/delta/?section=19#
RXLG200W250RJ - Тормозной резистор 200Вт 250 Ом, алюминиевый корпус;RXLG200W250RJ;;Под заказ;https://intelka-shop.ru/proizvoditeli/delta/?section=19#
RXLG200W150RJ - Тормозной резистор 200Вт 150 Ом, алюминиевый корпус;RXLG200W150RJ;;Под заказ;https://intelka-shop.ru/proizvoditeli/delta/?section=19#
RXLG200W91RJ - Тормозной резистор 200Вт 91 Ом, алюминиевый корпус;RXLG200W91RJ;;Под заказ;https://intelka-shop.ru/proizvoditeli/delta/?section=19#
BR080W750 - Тормозной резистор 80Вт 750 Ом;BR080W750;;Под заказ;https://intelka-shop.ru/proizvoditeli/delta/?section=19#
RXLG80W750RJ - Тормозной резистор 80Вт 750 Ом, алюминиевый корпус;RXLG80W750RJ;;Под заказ;https://intelka-shop.ru/proizvoditeli/delta/?section=19#
BR080W200 - Тормозной резистор 80Вт 200 Ом;BR080W200;;Под заказ;https://intelka-shop.ru/proizvoditeli/delta/?section=19#
RXLG80W200RJ - Тормозной резистор 80Вт 200 Ом, алюминиевый корпус;RXLG80W200RJ;;Под заказ;https://intelka-shop.ru/proizvoditeli/delta/?section=19#
RXLG1KW16RJ - Тормозной резистор 1кВт 16 Ом, алюминиевый корпус;RXLG1KW16RJ;;Под заказ;https://intelka-shop.ru/proizvoditeli/delta/?section=19#
YBOCL-800A-EISA-0.0088mH - Моторный дроссель (алюминий): для ПЧ 400кВт, 800А, 0,0088мГн;YBOCL-800A-EISA-0.0088mH;;Под заказ;https://intelka-shop.ru/proizvoditeli/delta/?section=19#
YBOCL-750A-EISA-0.0095mH - Моторный дроссель (алюминий): для ПЧ 355кВт, 750А, 0,0095мГн;YBOCL-750A-EISA-0.0095mH;;Под заказ;https://intelka-shop.ru/proizvoditeli/delta/?section=19#
YBOCL-630A-EISA-0.0111mH - Моторный дроссель (алюминий): для ПЧ 315кВт, 630А, 0,0111мГн;YBOCL-630A-EISA-0.0111mH;;Под заказ;https://intelka-shop.ru/proizvoditeli/delta/?section=19#
YBOCL-600A-EISA-0.01153mH - Моторный дроссель (алюминий): для ПЧ 280кВт, 600А, 0,0115мГн;YBOCL-600A-EISA-0.01153mH;;Под заказ;https://intelka-shop.ru/proizvoditeli/delta/?section=19#
YBOCL-560A-EISA-0.0125mH - Моторный дроссель (алюминий): для ПЧ 250кВт, 560А, 0,0125мГн;YBOCL-560A-EISA-0.0125mH;;Под заказ;https://intelka-shop.ru/proizvoditeli/delta/?section=19#
YBOCL-500A-EISA-0.014mH - Моторный дроссель (алюминий): для ПЧ 220кВт, 500А, 0,014мГн;YBOCL-500A-EISA-0.014mH;;Под заказ;https://intelka-shop.ru/proizvoditeli/delta/?section=19#
YBOCL-400A-EISA-0.035mH - Моторный дроссель (алюминий): для ПЧ 185кВт, 400А, 0,0175мГн;YBOCL-400A-EISA-0.035mH;;Под заказ;https://intelka-shop.ru/proizvoditeli/delta/?section=19#
YBOCL-350A-EISA-0.02mH - Моторный дроссель (алюминий): для ПЧ 160кВт, 350А, 0,02мГн;YBOCL-350A-EISA-0.02mH;;Под заказ;https://intelka-shop.ru/proizvoditeli/delta/?section=19#
YBOCL-300A-EISA-0.0234mH - Моторный дроссель (алюминий): для ПЧ 132кВт, 300А, 0,0234мГн;YBOCL-300A-EISA-0.0234mH;;Под заказ;https://intelka-shop.ru/proizvoditeli/delta/?section=19#
YBOCL-250A-EISA-0.028mH - Моторный дроссель (алюминий): для ПЧ 110кВт, 250А, 0,028мГн;YBOCL-250A-EISA-0.028mH;;Под заказ;https://intelka-shop.ru/proizvoditeli/delta/?section=19#
YBOCL-200A-EISA-0.035mH - Моторный дроссель (алюминий): для ПЧ 90кВт, 200А, 0,035мГн;YBOCL-200A-EISA-0.035mH;;Под заказ;https://intelka-shop.ru/proizvoditeli/delta/?section=19#
YBOCL-150A-EISA-0.0467mH - Моторный дроссель (алюминий): для ПЧ 75кВт, 150А, 0,0467мГн;YBOCL-150A-EISA-0.0467mH;;Под заказ;https://intelka-shop.ru/proizvoditeli/delta/?section=19#
YBOCL-110A-EISA-0.0635mH - Моторный дроссель (алюминий): для ПЧ 55кВт, 110А, 0,0635мГн;YBOCL-110A-EISA-0.0635mH;;Под заказ;https://intelka-shop.ru/proizvoditeli/delta/?section=19#
YBOCL-90A-EISA-0.078mH - Моторный дроссель (алюминий): для ПЧ 45кВт, 90А, 0,078мГн;YBOCL-90A-EISA-0.078mH;;Под заказ;https://intelka-shop.ru/proizvoditeli/delta/?section=19#
ASD-CAPW1005 - Моторный кабель 5 м (мотор UVW) для двигателя с фланцем 100 и 130 мм;ASD-CAPW1005;;Под заказ;https://intelka-shop.ru/proizvoditeli/delta/?section=19#
ASD-CAPW1103 - Моторный кабель 3 м (мотор UVW с тормозом) для двигателя с фланцем 100 и 130 мм;ASD-CAPW1103;;Под заказ;https://intelka-shop.ru/proizvoditeli/delta/?section=19#
ASD-CAPW1003 - Моторный кабель 3 м (мотор UVW) для двигателя с фланцем 100 и 130 мм;ASD-CAPW1003;;Под заказ;https://intelka-shop.ru/proizvoditeli/delta/?section=19#
ASD-ABPW0105 - Моторный кабель 5 м (мотор UVW с тормозом) для двигателя с фланцем 86 мм и меньше;ASD-ABPW0105;;Под заказ;https://intelka-shop.ru/proizvoditeli/delta/?section=19#
ASD-CAPW2000 - Моторный кабель 0 м (мотор UVW) для двигателя с фланцем 180 мм (набор разъемов);ASD-CAPW2000;;Под заказ;https://intelka-shop.ru/proizvoditeli/delta/?section=19#
ASDBCAPW0305 - Моторный кабель 5 м (мотор UVW с тормозом) для двигателя с фланцем 86 мм и меньше;ASDBCAPW0305;;Под заказ;https://intelka-shop.ru/proizvoditeli/delta/?section=19#
ASD-ABPW0005 - Моторный кабель 5 м (мотор UVW) для двигателя с фланцем 86 мм и меньше;ASD-ABPW0005;;Под заказ;https://intelka-shop.ru/proizvoditeli/delta/?section=19#
ASD-CAPW1000 - Моторный кабель 0 м (мотор UVW) для двигателя с фланцем 100 и 130 мм;ASD-CAPW1000;;Под заказ;https://intelka-shop.ru/proizvoditeli/delta/?section=19#
ASD-CAPW5405 Моторный кабель 5 м (мотор UVW) для двигателя с фланцем 86 мм и меньше, для сервопривод;ASD-CAPW5405;;Под заказ;https://intelka-shop.ru/proizvoditeli/delta/?section=19#
ASD-ABPW0103 - Моторный кабель 3 м (мотор UVW с тормозом) для двигателя с фланцем 86 мм и меньше;ASD-ABPW0103;;Под заказ;https://intelka-shop.ru/proizvoditeli/delta/?section=19#
ASD-ABPW0003 - Моторный кабель 3 м (мотор UVW) для двигателя с фланцем 86 мм и меньше;ASD-ABPW0003;;Под заказ;https://intelka-shop.ru/proizvoditeli/delta/?section=19#
ASDBCAPW0203 - Моторный кабель 3 м ( мотор UVW) для двигателя с фланцем 86 мм и меньше;ASDBCAPW0203;;Под заказ;https://intelka-shop.ru/proizvoditeli/delta/?section=19#
ASDBCAPW0303 - Моторный кабель 3 м (мотор UVW с тормозом) для двигателя с фланцем 86 мм и меньше;ASDBCAPW0303;;Под заказ;https://intelka-shop.ru/proizvoditeli/delta/?section=19#
ASDBCAPW0205 - Моторный кабель 5 м ( мотор UVW) для двигателя с фланцем 86 мм и меньше;ASDBCAPW0205;;Под заказ;https://intelka-shop.ru/proizvoditeli/delta/?section=19#
ASD-CAPW5403 Моторный кабель 3 м (мотор UVW) для двигателя с фланцем 86 мм и меньше, для сервопривод;ASD-CAPW5403;;Под заказ;https://intelka-shop.ru/proizvoditeli/delta/?section=19#
ASDBCAPW0100 - Моторный кабель 0 м ( мотор UVW с тормозом) для двигателя с фланцем 86 мм и меньше;ASDBCAPW0100;;Под заказ;https://intelka-shop.ru/proizvoditeli/delta/?section=19#
ASDBCAPW0000 - Моторный кабель 0 м ( мотор UVW) для двигателя с фланцем 86 мм и меньше;ASDBCAPW0000;;Под заказ;https://intelka-shop.ru/proizvoditeli/delta/?section=19#
"MSL228-18C12EDRF31 Синхронный серводвигатель 3х380В, 120кВт, высота оси 228 мм; 1800 об/мин; резольв";MSL228-18C12EDRF31;;Под заказ;https://intelka-shop.ru/proizvoditeli/delta/?section=19#
"MSL228-18C90DDRF31 Синхронный серводвигатель 3х380В, 90кВт, высота оси 228 мм; 1800 об/мин; резольве";MSL228-18C90DDRF31;;Под заказ;https://intelka-shop.ru/proizvoditeli/delta/?section=19#
"MSL160-18C75DDRF31 - Синхронный серводвигатель 3х380 В, 75 кВт, высота оси 160 мм; 1800 об/мин";MSL160-18C75DDRF31;;Под заказ;https://intelka-shop.ru/proizvoditeli/delta/?section=19#
"MSL160-15C55DDRF31 Синхронный серводвигатель 3х380В, 55кВт, высота оси 160 мм; 1500 об/мин; резольве";MSL160-15C55DDRF31;;Под заказ;https://intelka-shop.ru/proizvoditeli/delta/?section=19#
"MSL160-15C37DDRF31 Синхронный серводвигатель 3х380В, 37кВт, высота оси 160 мм; 1500 об/мин; резольве";MSL160-15C37DDRF31;;Под заказ;https://intelka-shop.ru/proizvoditeli/delta/?section=19#
"MSL160-15C30DDRF31 - Синхронный серводвигатель 3х380 В, 30 кВт, высота оси 160 мм; 1500 об/мин";MSL160-15C30DDRF31;;Под заказ;https://intelka-shop.ru/proizvoditeli/delta/?section=19#
"MSL160-15C22DDRF31 - Синхронный серводвигатель 3х380 В, 22 кВт, высота оси 160 мм; 1500 об/мин";MSL160-15C22DDRF31;;Под заказ;https://intelka-shop.ru/proizvoditeli/delta/?section=19#
"MSL160-15C18DDRF31 - Синхронный серводвигатель 3х380 В, 18.5 кВт, высота оси 160 мм; 1500 об/мин";MSL160-15C18DDRF31;;Под заказ;https://intelka-shop.ru/proizvoditeli/delta/?section=19#
"MSL160-15C15DDRF31 - Синхронный серводвигатель 3х380 В, 15 кВт, высота оси 160 мм; 1500 об/мин";MSL160-15C15DDRF31;;Под заказ;https://intelka-shop.ru/proizvoditeli/delta/?section=19#
"MSL124-15C11DDRF31 - Синхронный серводвигатель 3х380 В, 11 кВт, высота оси 124 мм; 1500 об/мин";MSL124-15C11DDRF31;;Под заказ;https://intelka-shop.ru/proizvoditeli/delta/?section=19#
"MSL124-15C75CDRF31 Синхронный серводвигатель 3х380В, 7.5кВт, высота оси 124 мм; 1500 об/мин; резольв";MSL124-15C75CDRF31;;Под заказ;https://intelka-shop.ru/proizvoditeli/delta/?section=19#
"MSL124-15C55CDRF31 Синхронный серводвигатель 3х380В, 5.5кВт, высота оси 124 мм; 1500 об/мин; резольв";MSL124-15C55CDRF31;;Под заказ;https://intelka-shop.ru/proizvoditeli/delta/?section=19#
ASD-A2-7543-E - Блок управления 7.5кВт 3x400В, EtherCAT, порт дискретных входов, USB;ASD-A2-7543-E;;Под заказ;https://intelka-shop.ru/proizvoditeli/delta/?section=19#
ASD-A2-5543-E - Блок управления 5.5кВт 3x400В, EtherCAT, порт дискретных входов, USB;ASD-A2-5543-E;;Под заказ;https://intelka-shop.ru/proizvoditeli/delta/?section=19#
ASD-A2-4543-E - Блок управления 4.5кВт 3x400В, EtherCAT, порт дискретных входов, USB;ASD-A2-4543-E;;Под заказ;https://intelka-shop.ru/proizvoditeli/delta/?section=19#
ASD-A2-3043-E - Блок управления 3.0кВт 3x400В, EtherCAT, порт дискретных входов, USB;ASD-A2-3043-E;;Под заказ;https://intelka-shop.ru/proizvoditeli/delta/?section=19#
ASD-A2-2043-E - Блок управления 2.2кВт 3x400В, EtherCAT, порт дискретных входов, USB;ASD-A2-2043-E;;Под заказ;https://intelka-shop.ru/proizvoditeli/delta/?section=19#
ASD-A2-1543-E - Блок управления 1.5кВт 3x400В, EtherCAT, порт дискретных входов, USB;ASD-A2-1543-E;;Под заказ;https://intelka-shop.ru/proizvoditeli/delta/?section=19#
ASD-A2-1043-E - Блок управления 1.0кВт 3x400В, EtherCAT, порт дискретных входов, USB;ASD-A2-1043-E;;Под заказ;https://intelka-shop.ru/proizvoditeli/delta/?section=19#
ASD-A2-0743-E Блок управления 0.75кВт 3x400В, EtherCAT, порт дискретных входов, USB;ASD-A2-0743-E;;Под заказ;https://intelka-shop.ru/proizvoditeli/delta/?section=19#
ASD-A2-0443-E Блок управления 0.4кВт 3x400В, EtherCAT, порт дискретных входов, USB;ASD-A2-0443-E;;Под заказ;https://intelka-shop.ru/proizvoditeli/delta/?section=19#
ASD-A2-1521-E - Блок управления 1.5кВт 1x220В, EtherCAT, порт дискретных входов, USB;ASD-A2-1521-E;;Под заказ;https://intelka-shop.ru/proizvoditeli/delta/?section=19#
ASD-A2-1021-E - Блок управления 1.0кВт 1x220В, EtherCAT, порт дискретных входов, USB;ASD-A2-1021-E;;Под заказ;https://intelka-shop.ru/proizvoditeli/delta/?section=19#
ASD-A2-0721-E - Блок управления 0.75кВт 1x220В, EtherCAT, порт дискретных входов, USB;ASD-A2-0721-E;;Под заказ;https://intelka-shop.ru/proizvoditeli/delta/?section=19#
ASD-A2-0421-E - Блок управления 0.4кВт 1x220В, EtherCAT, порт дискретных входов, USB;ASD-A2-0421-E;;Под заказ;https://intelka-shop.ru/proizvoditeli/delta/?section=19#
ASD-A2-0221-E - Блок управления 0.2кВт 1x220В, EtherCAT, порт дискретных входов, USB;ASD-A2-0221-E;;Под заказ;https://intelka-shop.ru/proizvoditeli/delta/?section=19#
ASD-A2-0121-E - Блок управления 0.1кВт 1x220В, EtherCAT, порт дискретных входов, USB;ASD-A2-0121-E;;Под заказ;https://intelka-shop.ru/proizvoditeli/delta/?section=19#
ASD-B3A-1521-E - Блок управления 1,5кВт, 1х220В, EtherCAT;ASD-B3A-1521-E;;Под заказ;https://intelka-shop.ru/proizvoditeli/delta/?section=19#
ASD-B3A-1021-E - Блок управления 1кВт, 1х220В, EtherCAT;ASD-B3A-1021-E;;Под заказ;https://intelka-shop.ru/proizvoditeli/delta/?section=19#
ASD-B3A-0721-E - Блок управления 0,75кВт, 1х220В, EtherCAT;ASD-B3A-0721-E;;Под заказ;https://intelka-shop.ru/proizvoditeli/delta/?section=19#
ASD-B3A-0421-E - Блок управления 0,4кВт, 1х220В, EtherCAT;ASD-B3A-0421-E;;Под заказ;https://intelka-shop.ru/proizvoditeli/delta/?section=19#
ASD-B3A-0221-E - Блок управления 0,2кВт, 1х220В, EtherCAT;ASD-B3A-0221-E;;Под заказ;https://intelka-shop.ru/proizvoditeli/delta/?section=19#
ASD-B3A-0121-E - Блок управления 0,1кВт, 1х220В, EtherCAT;ASD-B3A-0121-E;;Под заказ;https://intelka-shop.ru/proizvoditeli/delta/?section=19#
ASD-M-1521-F* Блок управления 3-мя серводвигателями, 3x1.5кВт 1x220В, второй вход обратной связи, вы;ASD-M-1521-F*;;Под заказ;https://intelka-shop.ru/proizvoditeli/delta/?section=19#
ASD-M-0721-F* Блок управления 3-мя серводвигателями, 3x0.75кВт 1x220В, второй вход обратной связи, в;ASD-M-0721-F*;;Под заказ;https://intelka-shop.ru/proizvoditeli/delta/?section=19#
ASD-A2R-1F43-F - Блок управления 15кВт 3x400В, второй вход обратной связи, DMCNET;ASD-A2R-1F43-F;;Под заказ;https://intelka-shop.ru/proizvoditeli/delta/?section=19#
ASD-A2R-1B43-F - Блок управления 11кВт 3x400В, второй вход обратной связи, DMCNET;ASD-A2R-1B43-F;;Под заказ;https://intelka-shop.ru/proizvoditeli/delta/?section=19#
ASD-A2-7543-F - Блок управления 7.5кВт 3x400В, второй вход обратной связи, DMCNET;ASD-A2-7543-F;;Под заказ;https://intelka-shop.ru/proizvoditeli/delta/?section=19#
ASD-A2-5543-F - Блок управления 5.5кВт 3x400В, второй вход обратной связи, DMCNET;ASD-A2-5543-F;;Под заказ;https://intelka-shop.ru/proizvoditeli/delta/?section=19#
ASD-A2-4543-F - Блок управления 4.5кВт 3x400В, второй вход обратной связи, DMCNET;ASD-A2-4543-F;;Под заказ;https://intelka-shop.ru/proizvoditeli/delta/?section=19#
ASD-A2-3043-F - Блок управления 3.0кВт 3x400В, второй вход обратной связи, DMCNET;ASD-A2-3043-F;;Под заказ;https://intelka-shop.ru/proizvoditeli/delta/?section=19#
ASD-A2-2043-F - Блок управления 2.0кВт 3x400В, второй вход обратной связи, DMCNET;ASD-A2-2043-F;;Под заказ;https://intelka-shop.ru/proizvoditeli/delta/?section=19#
ASD-A2-1521-F - Блок управления 1.5кВт 1x220В, второй вход обратной связи, DMCNET;ASD-A2-1521-F;;Под заказ;https://intelka-shop.ru/proizvoditeli/delta/?section=19#
ASD-A2-1021-F - Блок управления 1.0кВт 1x220В, второй вход обратной связи, DMCNET;ASD-A2-1021-F;;Под заказ;https://intelka-shop.ru/proizvoditeli/delta/?section=19#
ASD-A2-0721-F - Блок управления 0.75кВт 1x220В, второй вход обратной связи, DMCNET;ASD-A2-0721-F;;Под заказ;https://intelka-shop.ru/proizvoditeli/delta/?section=19#
ASD-A2-0421-F - Блок управления 0.4кВт 1x220В, второй вход обратной связи, DMCNET;ASD-A2-0421-F;;Под заказ;https://intelka-shop.ru/proizvoditeli/delta/?section=19#
ASD-A2-0221-F Блок управления 0.2кВт 1x220В, второй вход обратной связи, DMCNET;ASD-A2-0221-F;;Под заказ;https://intelka-shop.ru/proizvoditeli/delta/?section=19#
ASD-A2-0121-F Блок управления 0.1кВт 1x220В, второй вход обратной связи, DMCNET;ASD-A2-0121-F;;Под заказ;https://intelka-shop.ru/proizvoditeli/delta/?section=19#
ASD-M-1521-M Блок управления 3-мя сервомоторами, 3x1.5кВт 1x220В, второй вход обратной связи, CANOPE;ASD-M-1521-M;;Под заказ;https://intelka-shop.ru/proizvoditeli/delta/?section=19#
ASD-M-1521-L Блок управления 3-мя сервомоторами, 3x1.5кВт 1x220В, второй вход обратной связи, без E-;ASD-M-1521-L;;Под заказ;https://intelka-shop.ru/proizvoditeli/delta/?section=19#
ASD-M-0721-M Блок управления 3-мя сервомоторами, 3x0.75кВт 1x220В, второй вход обратной связи, CANOP;ASD-M-0721-M;;Под заказ;https://intelka-shop.ru/proizvoditeli/delta/?section=19#
ASD-M-0721-L Блок управления 3-мя сервомоторами, 3x0.75кВт 1x220В, второй вход обратной связи, без E;ASD-M-0721-L;;Под заказ;https://intelka-shop.ru/proizvoditeli/delta/?section=19#
ASD-M-1521-F - Блок управления 3-мя сервомоторами, 3x1.5кВт 1x220В, второй вход обратной связи;ASD-M-1521-F;;Под заказ;https://intelka-shop.ru/proizvoditeli/delta/?section=19#
ECMA-FA11305RS Серводвигатель переменного тока 0.5кВт, 220В, 1500об/мин, с абсолютным энкодером, без;ECMA-FA11305RS;;Под заказ;https://intelka-shop.ru/proizvoditeli/delta/?section=19#
ECMA-F11305RS Серводвигатель переменного тока 0.5кВт, 220В, 1500об/мин, без тормоза, с сальником, ва;ECMA-F11305RS;;Под заказ;https://intelka-shop.ru/proizvoditeli/delta/?section=19#
ASD-A2-0721-U - Блок управления 0.75кВт 1x220В, второй вход обратной связи, порт дискретных входов;ASD-A2-0721-U;;Под заказ;https://intelka-shop.ru/proizvoditeli/delta/?section=19#
ASD-A2-0721-M - Блок управления 0.75кВт 1x220В, второй вход обратной связи, CANopen;ASD-A2-0721-M;;Под заказ;https://intelka-shop.ru/proizvoditeli/delta/?section=19#
ASD-A2-0721-L - Блок управления 0.75кВт 1x220В, второй вход обратной связи, без E-Cam и порта;ASD-A2-0721-L;;Под заказ;https://intelka-shop.ru/proizvoditeli/delta/?section=19#
ECMA-EA1305SS Серводвигатель переменного тока 0.5кВт, 220В, 2000об/мин, с абсолютным энкодером, с то;ECMA-EA1305SS;;Под заказ;https://intelka-shop.ru/proizvoditeli/delta/?section=19#
ECMA-EA1305RS Серводвигатель переменного тока 0.5кВт, 220В, 2000об/мин, с абсолютным энкодером, без;ECMA-EA1305RS;;Под заказ;https://intelka-shop.ru/proizvoditeli/delta/?section=19#
ECMA-E11305SS - Серводвигатель переменного тока 0.5 кВт, 220 В, 2000 об/мин, с тормозом;ECMA-E11305SS;;Под заказ;https://intelka-shop.ru/proizvoditeli/delta/?section=19#
ECMA-E11305RS - Серводвигатель переменного тока 0.5 кВт, 220 В, 2000 об/мин, без тормоза;ECMA-E11305RS;;Под заказ;https://intelka-shop.ru/proizvoditeli/delta/?section=19#
ECMA-CA0604SS - Серводвигатель переменного тока 0.4 кВт, 220 В, 3000 об/мин, с абсолютным энкодером;ECMA-CA0604SS;;Под заказ;https://intelka-shop.ru/proizvoditeli/delta/?section=19#
ECMA-CA0604QS Серводвигатель переменного тока 0.4кВт, 220В, 3000об/мин, с абсолютным энкодером, с то;ECMA-CA0604QS;;Под заказ;https://intelka-shop.ru/proizvoditeli/delta/?section=19#
ECMA-C10804S7 Серводвигатель переменного тока 0.4кВт, 220В, 3000об/мин, фланец 80 мм, с тормозом и с;ECMA-C10804S7;;Под заказ;https://intelka-shop.ru/proizvoditeli/delta/?section=19#
ECMA-C10604SS - Серводвигатель переменного тока 0.4 кВт, 220 В, 3000 об/мин, с тормозом;ECMA-C10604SS;;Под заказ;https://intelka-shop.ru/proizvoditeli/delta/?section=19#
ECMA-C10604QS Серводвигатель переменного тока 0.4кВт, 220В, 3000об/мин, с тормозом, без сальников, в;ECMA-C10604QS;;Под заказ;https://intelka-shop.ru/proizvoditeli/delta/?section=19#
ECMA-C10604DS Серводвигатель переменного тока 0.4кВт, 220В, 3000об/мин, с тормозом и сальниками, цил;ECMA-C10604DS;;Под заказ;https://intelka-shop.ru/proizvoditeli/delta/?section=19#
ECMA-CA0804P7 серводвигатель переменного тока 0,4 кВт, 220В, 3000об/мин, с абсолютным энкодером, без;ECMA-CA0804P7;;Под заказ;https://intelka-shop.ru/proizvoditeli/delta/?section=19#
ECMA-CA0804R7 Серводвигатель переменного тока 0.4 кВт, 220В, 3000об/мин, фланец 80 мм, с абсолютным;ECMA-CA0804R7;;Под заказ;https://intelka-shop.ru/proizvoditeli/delta/?section=19#
ECMA-CA0604RS - Серводвигатель переменного тока 0.4 кВт, 220 В, 3000 об/мин, с абсолютным энкодером;ECMA-CA0604RS;;Под заказ;https://intelka-shop.ru/proizvoditeli/delta/?section=19#
ECMA-CA0604PS Серводвигатель переменного тока 0.4кВт, 220В, 3000об/мин, с абсолютным энкодером, без;ECMA-CA0604PS;;Под заказ;https://intelka-shop.ru/proizvoditeli/delta/?section=19#
ECMA-C10804R7 Серводвигатель переменного тока 0.4кВт, 220В, 3000об/мин, фланец 80 мм, без тормоза, с;ECMA-C10804R7;;Под заказ;https://intelka-shop.ru/proizvoditeli/delta/?section=19#
ECMA-C10604RS - Серводвигатель переменного тока 0.4 кВт, 220 В, 3000 об/мин, без тормоза;ECMA-C10604RS;;Под заказ;https://intelka-shop.ru/proizvoditeli/delta/?section=19#
ECMA-C10604PS Серводвигатель переменного тока 0.4кВт, 220В, 3000об/мин, без тормоза и сальника, вал;ECMA-C10604PS;;Под заказ;https://intelka-shop.ru/proizvoditeli/delta/?section=19#
ECMA-C10604CS Серводвигатель переменного тока 0.4кВт, 220В, 3000об/мин, без тормоза, с сальником, ци;ECMA-C10604CS;;Под заказ;https://intelka-shop.ru/proizvoditeli/delta/?section=19#
ECMA-GA1303SS Серводвигатель переменного тока 0.3 кВт, 220В, 1000об/мин, с абсолютным энкодером, тор;ECMA-GA1303SS;;Под заказ;https://intelka-shop.ru/proizvoditeli/delta/?section=19#
ECMA-G11303SS - Серводвигатель переменного тока 0.3 кВт, 220 В, 1000 об/мин, с тормозом;ECMA-G11303SS;;Под заказ;https://intelka-shop.ru/proizvoditeli/delta/?section=19#
ECMA-GA1303RS Серводвигатель переменного тока 0.3 кВт, 220В, 1000об/мин, с абсолютным энкодером, без;ECMA-GA1303RS;;Под заказ;https://intelka-shop.ru/proizvoditeli/delta/?section=19#
ECMA-G11303RS - Серводвигатель переменного тока 0.3 кВт, 220 В, 1000 об/мин, без тормоза;ECMA-G11303RS;;Под заказ;https://intelka-shop.ru/proizvoditeli/delta/?section=19#
ASD-A2-0421-U - Блок управления 0.4кВт 1x220В, второй вход обратной связи, порт дискретных входов;ASD-A2-0421-U;;Под заказ;https://intelka-shop.ru/proizvoditeli/delta/?section=19#
ASD-A2-0421-M - Блок управления 0.4кВт 1x220В, второй вход обратной связи, CANopen;ASD-A2-0421-M;;Под заказ;https://intelka-shop.ru/proizvoditeli/delta/?section=19#
ASD-A2-0421-L - Блок управления 0.4кВт 1x220В, второй вход обратной связи, без E-Cam и порта;ASD-A2-0421-L;;Под заказ;https://intelka-shop.ru/proizvoditeli/delta/?section=19#
ECMA-CA0602QS AC SERVO MOTOR 0.2kW, 220VAC, 3000об/мин , с абсолютным энкодером, с тормозом, без сал;ECMA-CA0602QS;;Под заказ;https://intelka-shop.ru/proizvoditeli/delta/?section=19#
ECMA-CA0602SS Серводвигатель переменного тока 0.2кВт, 220В, 3000об/мин, с абсолютным энкодером, торм;ECMA-CA0602SS;;Под заказ;https://intelka-shop.ru/proizvoditeli/delta/?section=19#
ECMA-C10602SS - Серводвигатель переменного тока 0.2 кВт, 220 В, 3000 об/мин, с тормозом;ECMA-C10602SS;;Под заказ;https://intelka-shop.ru/proizvoditeli/delta/?section=19#
ECMA-C10602QS Серводвигатель переменного тока 0.2кВт, 220В, 3000об/мин, с тормозом, без сальника, ва;ECMA-C10602QS;;Под заказ;https://intelka-shop.ru/proizvoditeli/delta/?section=19#
ECMA-CA0602PS AC SERVO MOTOR 0,2kW, 220VAC , 3000об/мин , с абсолютным энкодером, без тормоза и саль;ECMA-CA0602PS;;Под заказ;https://intelka-shop.ru/proizvoditeli/delta/?section=19#
ECMA-CA0602RS - Серводвигатель переменного тока 0.2 кВт, 220 В, 3000 об/мин, с абсолютным энкодером;ECMA-CA0602RS;;Под заказ;https://intelka-shop.ru/proizvoditeli/delta/?section=19#
ECMA-C10602RS - Серводвигатель переменного тока 0.2 кВт, 220 В 3000 об/мин, без тормоза;ECMA-C10602RS;;Под заказ;https://intelka-shop.ru/proizvoditeli/delta/?section=19#
ECMA-C10602PS Серводвигатель переменного тока 0.2кВт, 220В 3000об/мин, без тормоза и сальника, вал с;ECMA-C10602PS;;Под заказ;https://intelka-shop.ru/proizvoditeli/delta/?section=19#
ASD-A2-0221-U - Блок управления 0.2кВт 1x220В, второй вход обратной связи, порт дискретных входов;ASD-A2-0221-U;;Под заказ;https://intelka-shop.ru/proizvoditeli/delta/?section=19#
ASD-A2-0221-M - Блок управления 0.2кВт 1x220В, второй вход обратной связи, CANopen;ASD-A2-0221-M;;Под заказ;https://intelka-shop.ru/proizvoditeli/delta/?section=19#
ASD-A2-0221-L - Блок управления 0.2кВт 1x220В, второй вход обратной связи, без E-Cam и порта;ASD-A2-0221-L;;Под заказ;https://intelka-shop.ru/proizvoditeli/delta/?section=19#
ECMA-CA0401SS - Серводвигатель переменного тока 0,1 кВт, 220 В, 3000 об/мин, с абсолютным энкодером;ECMA-CA0401SS;;Под заказ;https://intelka-shop.ru/proizvoditeli/delta/?section=19#
ECMA-C10401SS - Серводвигатель переменного тока 0,1 кВт, 220 В, 3000 об/мин;ECMA-C10401SS;;Под заказ;https://intelka-shop.ru/proizvoditeli/delta/?section=19#
ECMA-CA0401RS - Серводвигатель переменного тока 0,1 кВт, 220 В, 3000 об/мин, с абсолютным энкодером;ECMA-CA0401RS;;Под заказ;https://intelka-shop.ru/proizvoditeli/delta/?section=19#
ECMA-C10401RS - Серводвигатель переменного тока 0,1 кВт, 220 В, 3000 об/мин, без тормоза;ECMA-C10401RS;;Под заказ;https://intelka-shop.ru/proizvoditeli/delta/?section=19#
ASD-A2-0121-U - Блок управления 0.1кВт 1x220В, второй вход обратной связи, порт дискретных входов;ASD-A2-0121-U;;Под заказ;https://intelka-shop.ru/proizvoditeli/delta/?section=19#
ASD-A2-0121-M - Блок управления 0.1кВт 1x220В, второй вход обратной связи, CANopen;ASD-A2-0121-M;;Под заказ;https://intelka-shop.ru/proizvoditeli/delta/?section=19#
ASD-A2-0121-L - Блок управления 0.1кВт 1x220В, второй вход обратной связи, без E-Cam и порта;ASD-A2-0121-L;;Под заказ;https://intelka-shop.ru/proizvoditeli/delta/?section=19#
VFDB4185 - Тормозной модуль для VFD 400 В до 185 кВт;VFDB4185;;Под заказ;https://intelka-shop.ru/proizvoditeli/delta/?section=19#
VFDB4160 - Тормозной модуль для VFD 400 В до 160 кВт;VFDB4160;;Под заказ;https://intelka-shop.ru/proizvoditeli/delta/?section=19#
VFDB4110 - Тормозной модуль для VFD 400 В до 110 кВт;VFDB4110;;Под заказ;https://intelka-shop.ru/proizvoditeli/delta/?section=19#
VFDB2022 - Тормозной модуль для VFD 400 В до 22 кВт;VFDB2022;VFDB2022;Под заказ;https://intelka-shop.ru/proizvoditeli/delta/?section=19#
VFDB2015 - Тормозной модуль для VFD 400 В до 15 кВт;VFDB2015;VFDB2015;Под заказ;https://intelka-shop.ru/proizvoditeli/delta/?section=19#
VFDB4045 - Тормозной модуль для VFD-B/F/VE;VFDB4045;;Под заказ;https://intelka-shop.ru/proizvoditeli/delta/?section=19#
VFDB4030 - Тормозной модуль для VFD-B/F/VE;VFDB4030;VFDB4030;Под заказ;https://intelka-shop.ru/proizvoditeli/delta/?section=19#
BUE-40037 - BUE-40037 Тормозной модуль для VFD-EL 400B;BUE-40037;;Под заказ;https://intelka-shop.ru/proizvoditeli/delta/?section=19#
BUE-40015 - BUE-40015 Тормозной модуль для VFD-E/EL 400B;BUE-40015;;Под заказ;https://intelka-shop.ru/proizvoditeli/delta/?section=19#
BUE-20037 - BUE-20037 Тормозной модуль для VFD-EL 230B;BUE-20037;;Под заказ;https://intelka-shop.ru/proizvoditeli/delta/?section=19#
BUE-20015 - BUE-20015 Тормозной модуль для VFD-E/EL 230B;BUE-20015;;Под заказ;https://intelka-shop.ru/proizvoditeli/delta/?section=19#
BR1K5W043 - Тормозной резистор 1.5кВт 43 Ом;BR1K5W043;;Под заказ;https://intelka-shop.ru/proizvoditeli/delta/?section=19#
RXLG1.5KW43RJ - Тормозной резистор 1,5кВт 43 Ом, алюминиевый корпус;RXLG1.5KW43RJ;;Под заказ;https://intelka-shop.ru/proizvoditeli/delta/?section=19#
BR1K5W040 - Тормозной резистор 1.5кВт 40 Ом;BR1K5W040;;Под заказ;https://intelka-shop.ru/proizvoditeli/delta/?section=19#
RXLG1.5KW40RJ - Тормозной резистор 1,5кВт 40 Ом, алюминиевый корпус Delta Electronics;RXLG1.5KW40RJ;RXLG1.5KW40RJ;Под заказ;https://intelka-shop.ru/proizvoditeli/delta/?section=19#
RXLG1.5KW13RJ - Тормозной резистор 1,5кВт 13 Ом, алюминиевый корпус;RXLG1.5KW13RJ;;Под заказ;https://intelka-shop.ru/proizvoditeli/delta/?section=19#
BR1K5W012 - Тормозной резистор 1.5кВт 12 Ом;BR1K5W012;;Под заказ;https://intelka-shop.ru/proizvoditeli/delta/?section=19#
RXLG1.5KW12RJ - Тормозной резистор 1,5кВт 12 Ом, алюминиевый корпус;RXLG1.5KW12RJ;;Под заказ;https://intelka-shop.ru/proizvoditeli/delta/?section=19#
BR1K5W013 - Тормозной резистор 1.5кВт 13 Ом;BR1K5W013;;Под заказ;https://intelka-shop.ru/proizvoditeli/delta/?section=19#
BR1K5W005 - Тормозной резистор 1.5кВт 5 Ом;BR1K5W005;;Под заказ;https://intelka-shop.ru/proizvoditeli/delta/?section=19#
ASD-A2TB1U00 Набор клеммников для ASDA-A2-U (3-ф. 220 В): (L1c, L2c, -), (R, S, T), (U, V, W), (P, D;ASD-A2TB1U00;;Под заказ;https://intelka-shop.ru/proizvoditeli/delta/?section=19#
ASD-A2TB1000 Набор клеммников для ASDA-A2 (3-ф. 220В): (L1c, L2c, -), (R, S, T), (U, V, W), (P, D, C;ASD-A2TB1000;;Под заказ;https://intelka-shop.ru/proizvoditeli/delta/?section=19#
ASD-A2TB0U00 Набор клеммников для ASDA-A2-U (1-ф.): (L1c, L2c, -), (R, S, T), (U, V, W), (P, D, C),;ASD-A2TB0U00;;Под заказ;https://intelka-shop.ru/proizvoditeli/delta/?section=19#
ASD-A2TB0000 Набор клеммников для ASDA-A2 (1-ф.): (L1c, L2c, -, R, S, T), (U, V, W), (P, D, C);ASD-A2TB0000;;Под заказ;https://intelka-shop.ru/proizvoditeli/delta/?section=19#
PCI-DMC-A01 Плата PCI для подключения сервопривода к ПК, до 12 ведомых модулей/12 приводов, 8 дискре;PCI-DMC-A01;;Под заказ;https://intelka-shop.ru/proizvoditeli/delta/?section=19#
ASD-MDCP2016 Конденсаторный блок для регенерации энергии при торможении;ASD-MDCP2016;;Под заказ;https://intelka-shop.ru/proizvoditeli/delta/?section=19#
ASD-CAPW2105 кабель 5 м (мотор UVW) для 3.0KW c тормозом, средняя инерция (для ASD-A2);ASD-CAPW2105;;Под заказ;https://intelka-shop.ru/proizvoditeli/delta/?section=19#
ASD-CAPW2103 кабель 3 м (мотор UVW) для 3.0KW c тормозом, средняя инерция (для ASD-A2);ASD-CAPW2103;;Под заказ;https://intelka-shop.ru/proizvoditeli/delta/?section=19#
ASD-A2PW1105 кабель 5 м (мотор UVW) для 2.0KW c тормозом, средняя и низкая инерция (для ASD-A2);ASD-A2PW1105;;Под заказ;https://intelka-shop.ru/proizvoditeli/delta/?section=19#
ASD-BM-50A - Набор: кабель 0,5 м + клеммный блок/разветвитель для ASDA-А2;ASD-BM-50A;;Под заказ;https://intelka-shop.ru/proizvoditeli/delta/?section=19#
ASD-A2PW1005 кабель 5 м (мотор UVW) 2.0KW средняя и низкая инерция (для ASD-A2);ASD-A2PW1005;;Под заказ;https://intelka-shop.ru/proizvoditeli/delta/?section=19#
ASDBCAPW1305 - кабель 5 м (мотор UVW с тормозом) для 0,4 - 0,75 кВт для средней инерции (ASDA-B2);ASDBCAPW1305;;Под заказ;https://intelka-shop.ru/proizvoditeli/delta/?section=19#
ASD-MDDS4444 - Клеммный блок для ASDA-B2;ASD-MDDS4444;;Под заказ;https://intelka-shop.ru/proizvoditeli/delta/?section=19#
ASD-A2PW1103 кабель 3 м (мотор UVW) для 2.0KW c тормозом, средняя и низкая инерция (для ASD-A2);ASD-A2PW1103;;Под заказ;https://intelka-shop.ru/proizvoditeli/delta/?section=19#
ASDBCAPW1303 - кабель 3 м (мотор UVW с тормозом) для 0,4 - 0,75 кВт для средней инерции (ASDA-B2);ASDBCAPW1303;;Под заказ;https://intelka-shop.ru/proizvoditeli/delta/?section=19#
ASD-IF-EN0A20 Модуль конвертирования сигнала энкодера;ASD-IF-EN0A20;;Под заказ;https://intelka-shop.ru/proizvoditeli/delta/?section=19#
ASDBCAPW1205 - кабель 5 м ( мотор UVW) для 0.4 - 0.75 кВт для средней инерции (ASDA-B2);ASDBCAPW1205;;Под заказ;https://intelka-shop.ru/proizvoditeli/delta/?section=19#
ASD-A2PW1003 кабель 3 м (мотор UVW) 2.0KW средняя и низкая инерция (для ASD-A2);ASD-A2PW1003;;Под заказ;https://intelka-shop.ru/proizvoditeli/delta/?section=19#
ASD-PU-01A Опциональный пульт управления (ASDA-B2);ASD-PU-01A;;Под заказ;https://intelka-shop.ru/proizvoditeli/delta/?section=19#
ASD-IF-DS4444 - Клеммный блок для разъема интерфейса ввода-вывода, 44-контактный (для ASDA-B2);ASD-IF-DS4444;;Под заказ;https://intelka-shop.ru/proizvoditeli/delta/?section=19#
ASD-IF-SC5020 - Клеммный блок для разъема интерфейса ввода-вывода, 20-контактный (для ASDA-A2);ASD-IF-SC5020;;Под заказ;https://intelka-shop.ru/proizvoditeli/delta/?section=19#
ASD-MDBT0200 Аккумуляторный модуль для абсолютного энкодера, для двух сервоприводов;ASD-MDBT0200;;Под заказ;https://intelka-shop.ru/proizvoditeli/delta/?section=19#
ASD-CNUS0A08 - Кабель USB для связи c PC (ASDASoft);ASD-CNUS0A08;;Под заказ;https://intelka-shop.ru/proizvoditeli/delta/?section=19#
ASD-PU-01B Опциональный пульт управления (ASDA-B2);ASD-PU-01B;;Под заказ;https://intelka-shop.ru/proizvoditeli/delta/?section=19#
ASD-CNBR1000 - Разъем тормоза для ASDA-A (3x220В);ASD-CNBR1000;;Под заказ;https://intelka-shop.ru/proizvoditeli/delta/?section=19#
ASDBCACK0001 кабель 1 м связи пульта управления с ASDB (ASDA-B2);ASDBCACK0001;;Под заказ;https://intelka-shop.ru/proizvoditeli/delta/?section=19#
ASD-MDBT0100 - Аккумуляторный модуль для абсолютного энкодера, для одного сервопривода;ASD-MDBT0100;;В наличии;https://intelka-shop.ru/proizvoditeli/delta/?section=19#
ASD-CLBT0100 Аккумуляторная батарея для абс. энкодера, 3.6В;ASD-CLBT0100;;Под заказ;https://intelka-shop.ru/proizvoditeli/delta/?section=19#
ASD-CNSC0050 - Разъем для управляющих входов/выходов SCSI 50PIN (для ASDA-A2);ASD-CNSC0050;;Под заказ;https://intelka-shop.ru/proizvoditeli/delta/?section=19#
ASDBCADK0001 кабель 1 м связи пульта управления с PC (ASDA-B2);ASDBCADK0001;;Под заказ;https://intelka-shop.ru/proizvoditeli/delta/?section=19#
ASD-CARS0003 - кабель 3 м для связи сервоусилителя с PC (IEEE1394/RS232);ASD-CARS0003;;Под заказ;https://intelka-shop.ru/proizvoditeli/delta/?section=19#
ASD-ACFC7K00 Ферритовое кольцо;ASD-ACFC7K00;;Под заказ;https://intelka-shop.ru/proizvoditeli/delta/?section=19#
ASDBCNDS029R набор разъемов 2 шт (ASDA-B2);ASDBCNDS029R;;Под заказ;https://intelka-shop.ru/proizvoditeli/delta/?section=19#
ASD-CNIE0B06 - RS485 Адаптер-разветвитель порта RS-485 для (ASDA-A2, B2);ASD-CNIE0B06;;Под заказ;https://intelka-shop.ru/proizvoditeli/delta/?section=19#
ASDBCNDS0044 - Разъем для управляющих входов/выходов D-SUB 44P (для ASDA-B2);ASDBCNDS0044;;Под заказ;https://intelka-shop.ru/proizvoditeli/delta/?section=19#
ASDBCNEP0100 кабель 0 м ( мотор UVW) для 0.2 - 0.75 кВт с тормозом (набор разъемов) (ASDA-B2);ASDBCNEP0100;;Под заказ;https://intelka-shop.ru/proizvoditeli/delta/?section=19#
ASDBCNEP0000 кабель 0 м ( мотор UVW) для 0.2 - 0.75 кВт (набор разъемов) (ASDA-B2);ASDBCNEP0000;;Под заказ;https://intelka-shop.ru/proizvoditeli/delta/?section=19#
ASD-CNIE0A06 Разветвители порта RS-485 для ASDA-A, ASDA-AB, ASDA-A+ (для ASD-A2);ASD-CNIE0A06;;Под заказ;https://intelka-shop.ru/proizvoditeli/delta/?section=19#
ASDBCNDS029Q набор разъемов: 25pin для CN1 и 9pin для CN2 (ASDA-B2);ASDBCNDS029Q;;Под заказ;https://intelka-shop.ru/proizvoditeli/delta/?section=19#
ASDBCNDS0025 разъем для управляющих входов/выходов D-SUB 25P (ASDA-B2);ASDBCNDS0025;;Под заказ;https://intelka-shop.ru/proizvoditeli/delta/?section=19#
ASD-TR-DM0008 - Шунтирующий резистор для CANopen;ASD-TR-DM0008;;Под заказ;https://intelka-shop.ru/proizvoditeli/delta/?section=19#
ASD-A2EB1005 Энкодерный кабель 5 м (для абсолютного энкодера) для 1...7,5 кВт, 3х400В для средней ин;ASD-A2EB1005;;Под заказ;https://intelka-shop.ru/proizvoditeli/delta/?section=19#
ASDBCAEN1005 - Энкодерный кабель 5 м (ENCODER) для 0.75 - 2 кВт для средней и высокой инерции;ASDBCAEN1005;;Под заказ;https://intelka-shop.ru/proizvoditeli/delta/?section=19#
ASDBCAEN1003 - Энкодерный кабель 3 м (ENCODER) для 0.75 - 2 кВт для средней и высокой инерции;ASDBCAEN1003;;Под заказ;https://intelka-shop.ru/proizvoditeli/delta/?section=19#
ASD-CAEN1005 - Энкодерный кабель 5 м (для энкодера) 1~3кВт (для ASD-A2);ASD-CAEN1005;;Под заказ;https://intelka-shop.ru/proizvoditeli/delta/?section=19#
ASD-CAEN1003 - Энкодерный кабель 3 м (для энкодера) 1~3кВт (для ASD-A2);ASD-CAEN1003;;Под заказ;https://intelka-shop.ru/proizvoditeli/delta/?section=19#
ASD-A2EB0005 Энкодерный кабель 5 м (для абсолютного энкодера) для 0.75 кВт, 3х400В для низкой инерци;ASD-A2EB0005;;Под заказ;https://intelka-shop.ru/proizvoditeli/delta/?section=19#
ASD-A2EB1003 Энкодерный кабель 3 м (для абсолютного энкодера) для 1...7,5 кВт, 3х400В для средней ин;ASD-A2EB1003;;Под заказ;https://intelka-shop.ru/proizvoditeli/delta/?section=19#
ASD-A2EB0003 Энкодерный кабель 3 м (для абсолютного энкодера) для 0.75 кВт, 3х400В для низкой инерци;ASD-A2EB0003;;Под заказ;https://intelka-shop.ru/proizvoditeli/delta/?section=19#
ASD-CAEN1000 - Энкодерный кабель 0 м (для энкодера) 1~3кВт (набор разъемов) (для ASD-A2);ASD-CAEN1000;;Под заказ;https://intelka-shop.ru/proizvoditeli/delta/?section=19#
ASDBCAEN1000 - Энкодерный кабель 0 м (ENCODER) для 0.75 - 2 кВт для средней и высокой инерции;ASDBCAEN1000;;Под заказ;https://intelka-shop.ru/proizvoditeli/delta/?section=19#
ASD-ABEN0005 - Энкодерный кабель 5 м (для энкодера) для 0.1 - 0.75 кВт для низкой инерции;ASD-ABEN0005;;Под заказ;https://intelka-shop.ru/proizvoditeli/delta/?section=19#
ASDBCAEN0005 - Энкодерный кабель 5 м (ENCODER) для 0.2 - 0.75 кВт для низкой инерции (для ASD-B2);ASDBCAEN0005;;Под заказ;https://intelka-shop.ru/proizvoditeli/delta/?section=19#
ASD-ABEN0003 - Энкодерный кабель 3 м (для энкодера) для 0.1 - 0.75 кВт для низкой инерции;ASD-ABEN0003;;Под заказ;https://intelka-shop.ru/proizvoditeli/delta/?section=19#
ASDBCAEN0003 - Энкодерный кабель 3 м (ENCODER) для 0.2 - 0.75 кВт для низкой инерции (для ASD-B2);ASDBCAEN0003;;Под заказ;https://intelka-shop.ru/proizvoditeli/delta/?section=19#
ASD-ABEN0000 - Энкодерный кабель 0 м (для энкодера) для 0.1 - 0.75 кВт для низкой инерции;ASD-ABEN0000;;Под заказ;https://intelka-shop.ru/proizvoditeli/delta/?section=19#
ASDBCAEN0000 - Энкодерный кабель 0 м (ENCODER) для 0.2 - 0.75 кВт для низкой инерции;ASDBCAEN0000;;Под заказ;https://intelka-shop.ru/proizvoditeli/delta/?section=19#
ASD-CAPW3305 Моторный кабель 5 м (мотор UVW с тормозом) для двигателя с фланцем 180 мм, для сервопри;ASD-CAPW3305;;Под заказ;https://intelka-shop.ru/proizvoditeli/delta/?section=19#
ASD-CAPW3205 Моторный кабель 5 м (мотор UVW) для двигателя с фланцем 180 мм, для сервоприводов ASDA-;ASD-CAPW3205;;Под заказ;https://intelka-shop.ru/proizvoditeli/delta/?section=19#
ASD-CAPW3303 - Моторный кабель 3 м (мотор UVW с тормозом) для двигателя с фланцем 180 мм;ASD-CAPW3303;;Под заказ;https://intelka-shop.ru/proizvoditeli/delta/?section=19#
ASD-CAPW2305 - Моторный кабель 5 м (мотор UVW с тормозом): для двигателя с фланцем 180 мм;ASD-CAPW2305;;Под заказ;https://intelka-shop.ru/proizvoditeli/delta/?section=19#
ASD-CAPW3203 - Моторный кабель 3 м (мотор UVW) для двигателя с фланцем 180 мм, для сервоприводов;ASD-CAPW3203;;Под заказ;https://intelka-shop.ru/proizvoditeli/delta/?section=19#
ASD-CAPW2303 Моторный кабель 3 м (мотор UVW с тормозом): для двигателя с фланцем 180 мм, для сервопр;ASD-CAPW2303;;Под заказ;https://intelka-shop.ru/proizvoditeli/delta/?section=19#
ASD-CAPW2205 - Моторный кабель 5 м (мотор UVW): для двигателя с фланцем 180 мм;ASD-CAPW2205;;Под заказ;https://intelka-shop.ru/proizvoditeli/delta/?section=19#
ASD-CAPW1305 - Моторный кабель 5 м (мотор UVW с тормозом): для двигателя с фланцем 100 и 130 мм;ASD-CAPW1305;;Под заказ;https://intelka-shop.ru/proizvoditeli/delta/?section=19#
ASD-CAPW2203 - Моторный кабель 3 м (мотор UVW): для двигателя с фланцем 180 мм;ASD-CAPW2203;;Под заказ;https://intelka-shop.ru/proizvoditeli/delta/?section=19#
ASD-CAPW1205 - Моторный кабель 5 м (мотор UVW): для двигателя с фланцем 100 и 130 мм;ASD-CAPW1205;;Под заказ;https://intelka-shop.ru/proizvoditeli/delta/?section=19#
ASD-CAPW1303 - Моторный кабель 3 м (мотор UVW с тормозом): для двигателя с фланцем 100 и 130 мм;ASD-CAPW1303;;Под заказ;https://intelka-shop.ru/proizvoditeli/delta/?section=19#
ASDBCAPW1203 - Моторный кабель 3 м ( мотор UVW) для двигателя с фланцем 100 и 130 мм;ASDBCAPW1203;;Под заказ;https://intelka-shop.ru/proizvoditeli/delta/?section=19#
ASD-CAPW4000 - Моторный кабель 0 м (мотор UVW) для двигателя 11…15 кВт ASDA-A2;ASD-CAPW4000;;Под заказ;https://intelka-shop.ru/proizvoditeli/delta/?section=19#
ASD-CAPW1203 - Моторный кабель 3 м (мотор UVW): для двигателя с фланцем 100 и 130 мм;ASD-CAPW1203;;Под заказ;https://intelka-shop.ru/proizvoditeli/delta/?section=19#
ASD-CAPW1105 - Моторный кабель 5 м (мотор UVW с тормозом) для двигателя с фланцем 100 и 130 мм;ASD-CAPW1105;;Под заказ;https://intelka-shop.ru/proizvoditeli/delta/?section=19#
ASD-A2-0743-U - Блок управления 0.75кВт 3x400В, второй вход обратной связи, порт дискретных входов;ASD-A2-0743-U;;Под заказ;https://intelka-shop.ru/proizvoditeli/delta/?section=19#
ASD-A2-0743-M - Блок управления 0.75кВт 3x400В, второй вход обратной связи, CANopen;ASD-A2-0743-M;;Под заказ;https://intelka-shop.ru/proizvoditeli/delta/?section=19#
ECMA-F1221BS3 Серводвигатель переменного тока 11 кВт, 220В, 1500 об/мин, с тормозом и сальником, вал;ECMA-F1221BS3;;Под заказ;https://intelka-shop.ru/proizvoditeli/delta/?section=19#
ECMA-F1221BR3 Серводвигатель переменного тока 11 кВт, 220В, 1500 об/мин, без тормоза, с сальником, в;ECMA-F1221BR3;;Под заказ;https://intelka-shop.ru/proizvoditeli/delta/?section=19#
ECMA-F1221BP3 Серводвигатель переменного тока 11 кВт, 220В, 1500 об/мин, без тормоза и сальника, вал;ECMA-F1221BP3;;Под заказ;https://intelka-shop.ru/proizvoditeli/delta/?section=19#
ASD-A2-1B23-M Блок управления 11кВт 3x220В, второй вход обратной связи, CANopen;ASD-A2-1B23-M;;Под заказ;https://intelka-shop.ru/proizvoditeli/delta/?section=19#
ECMA-EA1315SS - Серводвигатель переменного тока 1.5 кВт, 220 В, 2000 об/мин, с абсолютным энкодером;ECMA-EA1315SS;;Под заказ;https://intelka-shop.ru/proizvoditeli/delta/?section=19#
ECMA-EA1315QS Серводвигатель переменного тока 1.5кВт, 220В, 2000об/мин, с абсолютным энкодером, с то;ECMA-EA1315QS;;Под заказ;https://intelka-shop.ru/proizvoditeli/delta/?section=19#
ECMA-E11315SS - Серводвигатель переменного тока 1.5 кВт, 220 В, 2000 об/мин, с тормозом;ECMA-E11315SS;;Под заказ;https://intelka-shop.ru/proizvoditeli/delta/?section=19#
ECMA-EA1315RS - Серводвигатель переменного тока 1.5 кВт, 220 В, 2000 об/мин, с абсолютным энкодером;ECMA-EA1315RS;;Под заказ;https://intelka-shop.ru/proizvoditeli/delta/?section=19#
ECMA-EA1315PS Серводвигатель переменного тока 1.5кВт, 220В, 2000об/мин, с абсолютным энкодером, без;ECMA-EA1315PS;;Под заказ;https://intelka-shop.ru/proizvoditeli/delta/?section=19#
ECMA-E11315RS - Серводвигатель переменного тока 1.5 кВт, 220 В, 2000 об/мин, без тормоза;ECMA-E11315RS;;Под заказ;https://intelka-shop.ru/proizvoditeli/delta/?section=19#
ECMA-F11313SS Серводвигатель переменного тока 1.3кВт, 220В, 1500об/мин, с тормозом и сальником, вал;ECMA-F11313SS;;Под заказ;https://intelka-shop.ru/proizvoditeli/delta/?section=19#
ECMA-F11313RS Серводвигатель переменного тока 1.3кВт, 220В, 1500об/мин, без тормоза, с сальником, ва;ECMA-F11313RS;;Под заказ;https://intelka-shop.ru/proizvoditeli/delta/?section=19#
ASD-A2-1521-U - Блок управления 1.5кВт 1x220В, второй вход обратной связи, порт дискретных входов;ASD-A2-1521-U;;Под заказ;https://intelka-shop.ru/proizvoditeli/delta/?section=19#
ASD-A2-1521-M - Блок управления 1.5кВт 1x220В, второй вход обратной связи, CANopen;ASD-A2-1521-M;;Под заказ;https://intelka-shop.ru/proizvoditeli/delta/?section=19#
ASD-A2-1521-L - Блок управления 1.5кВт 1x220В, второй вход обратной связи, без E-Cam и порта;ASD-A2-1521-L;;Под заказ;https://intelka-shop.ru/proizvoditeli/delta/?section=19#
ECMA-G11309SS - Серводвигатель переменного тока 1.0 кВт, 220 В, 1000 об/мин, с тормозом;ECMA-G11309SS;;Под заказ;https://intelka-shop.ru/proizvoditeli/delta/?section=19#
ECMA-F11308SS Серводвигатель переменного тока 0.8кВт, 220В, 1500об/мин, с тормозом и сальником, вал;ECMA-F11308SS;;Под заказ;https://intelka-shop.ru/proizvoditeli/delta/?section=19#
ECMA-EA1310SS - Серводвигатель переменного тока 1.0 кВт, 220 В, 2000 об/мин, с абсолютным энкодером;ECMA-EA1310SS;;Под заказ;https://intelka-shop.ru/proizvoditeli/delta/?section=19#
ECMA-CA0910SS Серводвигатель переменного тока 1,0 кВт, 220В, 3000 об/мин, фланец 86 мм, с абсолютным;ECMA-CA0910SS;;Под заказ;https://intelka-shop.ru/proizvoditeli/delta/?section=19#
ECMA-CA0910QS Серводвигатель переменного тока 1,0 кВт, 220В, 3000 об/мин, фланец 86 мм, с абсолютным;ECMA-CA0910QS;;Под заказ;https://intelka-shop.ru/proizvoditeli/delta/?section=19#
ECMA-CA1010SS - Серводвигатель переменного тока 1,0 кВт, 220 В, 3000 об/мин, фланец 100 мм;ECMA-CA1010SS;;Под заказ;https://intelka-shop.ru/proizvoditeli/delta/?section=19#
ECMA-CA1010QS Серводвигатель переменного тока 1,0 кВт, 220В, 3000 об/мин , фланец 100 мм, с абсолютн;ECMA-CA1010QS;;Под заказ;https://intelka-shop.ru/proizvoditeli/delta/?section=19#
ECMA-E11310SS - Серводвигатель переменного тока 1.0 кВт, 220 В, 2000 об/мин, с тормозом;ECMA-E11310SS;;Под заказ;https://intelka-shop.ru/proizvoditeli/delta/?section=19#
ECMA-C10910SS Серводвигатель переменного тока 1.0кВт, 220В, 3000об/мин, фланец 86 мм, с тормозом и с;ECMA-C10910SS;;Под заказ;https://intelka-shop.ru/proizvoditeli/delta/?section=19#
ECMA-C11010SS - Серводвигатель переменного тока 1.0 кВт, 220 В, 3000 об/мин, фланец 100 мм;ECMA-C11010SS;;Под заказ;https://intelka-shop.ru/proizvoditeli/delta/?section=19#
ECMA-G11309RS - Серводвигатель переменного тока 1.0 кВт, 220 В, 1000 об/мин, без тормоза;ECMA-G11309RS;;Под заказ;https://intelka-shop.ru/proizvoditeli/delta/?section=19#
ECMA-F11308RS Серводвигатель переменного тока 0.8кВт, 220В, 1500об/мин, без тормоза, с сальником, ва;ECMA-F11308RS;;Под заказ;https://intelka-shop.ru/proizvoditeli/delta/?section=19#
ECMA-EA1310RS - Серводвигатель переменного тока 1.0 кВт, 220 В, 2000 об/мин, с абсолютным энкодером;ECMA-EA1310RS;;Под заказ;https://intelka-shop.ru/proizvoditeli/delta/?section=19#
ECMA-CA0910RS Серводвигатель переменного тока 1,0 кВт, 220В, 3000 об/мин, фланец 86 мм, с абсолютным;ECMA-CA0910RS;;Под заказ;https://intelka-shop.ru/proizvoditeli/delta/?section=19#
ECMA-CA0910PS Серводвигатель переменного тока 1,0 кВт, 220В, 3000 об/мин, фланец 86 мм, с абсолютным;ECMA-CA0910PS;;Под заказ;https://intelka-shop.ru/proizvoditeli/delta/?section=19#
ECMA-CA1010RS - Серводвигатель переменного тока 1,0 кВт, 220 В, 3000 об/мин, фланец 100 мм;ECMA-CA1010RS;;Под заказ;https://intelka-shop.ru/proizvoditeli/delta/?section=19#
ECMA-CA1010PS Серводвигатель переменного тока 1,0 кВт, 220В, фланец 100 мм, с абсолютным энкодером,;ECMA-CA1010PS;;Под заказ;https://intelka-shop.ru/proizvoditeli/delta/?section=19#
ECMA-E11310RS - Серводвигатель переменного тока 1.0 кВт, 220 В, 2000 об/мин, без тормоза;ECMA-E11310RS;;Под заказ;https://intelka-shop.ru/proizvoditeli/delta/?section=19#
ECMA-C10910RS Серводвигатель переменного тока 1.0кВт, 220В, 3000об/мин, фланец 86 мм, без тормоза, с;ECMA-C10910RS;;Под заказ;https://intelka-shop.ru/proizvoditeli/delta/?section=19#
ECMA-C10910PS Серводвигатель переменного тока 1.0кВт, 220В, 3000об/мин, фланец 86 мм, без тормоза и;ECMA-C10910PS;;Под заказ;https://intelka-shop.ru/proizvoditeli/delta/?section=19#
ECMA-C11010RS - Серводвигатель переменного тока 1.0 кВт, 220 В, 3000 об/мин, фланец 100 мм;ECMA-C11010RS;;Под заказ;https://intelka-shop.ru/proizvoditeli/delta/?section=19#
ECMA-C10810RS Серводвигатель переменного тока 1.0кВт, 220В, 3000об/мин, фланец 80 мм, без тормоза, с;ECMA-C10810RS;;Под заказ;https://intelka-shop.ru/proizvoditeli/delta/?section=19#
ECMA-GA1309SS Серводвигатель переменного тока 0.9 кВт, 220В, 1000об/мин, с абсолютным энкодером, тор;ECMA-GA1309SS;;Под заказ;https://intelka-shop.ru/proizvoditeli/delta/?section=19#
ECMA-GA1309RS Серводвигатель переменного тока 0.9 кВт, 220В, 1000об/мин, с абсолютным энкодером, без;ECMA-GA1309RS;;Под заказ;https://intelka-shop.ru/proizvoditeli/delta/?section=19#
ECMA-FA1308SS Серводвигатель переменного тока 0.8кВт, 220В, 1500 об/мин, с абсолютным энкодером, с т;ECMA-FA1308SS;;Под заказ;https://intelka-shop.ru/proizvoditeli/delta/?section=19#
ECMA-FA1308RS Серводвигатель переменного тока 0.8кВт, 220В, 1500 об/мин, с абсолютным энкодером, без;ECMA-FA1308RS;;Под заказ;https://intelka-shop.ru/proizvoditeli/delta/?section=19#
ASD-A2-1021-U - Блок управления 1.0кВт 1x220В, второй вход обратной связи, порт дискретных входов;ASD-A2-1021-U;;Под заказ;https://intelka-shop.ru/proizvoditeli/delta/?section=19#
ASD-A2-1021-M - Блок управления 1.0кВт 1x220В, второй вход обратной связи, CANopen;ASD-A2-1021-M;;Под заказ;https://intelka-shop.ru/proizvoditeli/delta/?section=19#
ASD-A2-1021-L - Блок управления 1.0кВт 1x220В, второй вход обратной связи, без E-Cam и порта;ASD-A2-1021-L;;Под заказ;https://intelka-shop.ru/proizvoditeli/delta/?section=19#
ECMA-CA0907SS Серводвигатель переменного тока 0.75 кВт, 220В, 3000об/мин, фланец 86 мм, с абсолютным;ECMA-CA0907SS;;Под заказ;https://intelka-shop.ru/proizvoditeli/delta/?section=19#
ECMA-CA0907QS Серводвигатель переменного тока 0.75 кВт, 220В, 3000об/мин, фланец 86 мм, с абсолютным;ECMA-CA0907QS;;Под заказ;https://intelka-shop.ru/proizvoditeli/delta/?section=19#
ECMA-C10907SS Серводвигатель переменного тока 0.75кВт, 220В, 3000об/мин, фланец 86 мм, с тормозом и;ECMA-C10907SS;;Под заказ;https://intelka-shop.ru/proizvoditeli/delta/?section=19#
ECMA-CA0807QS AC SERVO MOTOR 0,75 kW, 220VAC , 3000об/мин , с абсолютным энкодером, с тормозом, без;ECMA-CA0807QS;;Под заказ;https://intelka-shop.ru/proizvoditeli/delta/?section=19#
ECMA-CA0907RS Серводвигатель переменного тока 0.75 кВт, 220В, 3000об/мин, фланец 86 мм, с абсолютным;ECMA-CA0907RS;;Под заказ;https://intelka-shop.ru/proizvoditeli/delta/?section=19#
ECMA-CA0907PS Серводвигатель переменного тока 0.75 кВт, 220В, 3000об/мин, фланец 86 мм, с абсолютным;ECMA-CA0907PS;;Под заказ;https://intelka-shop.ru/proizvoditeli/delta/?section=19#
ECMA-CA0807SS - Серводвигатель переменного тока 0.75 кВт, 220 В, 3000 об/мин, с абсолютным энкодером;ECMA-CA0807SS;;Под заказ;https://intelka-shop.ru/proizvoditeli/delta/?section=19#
ECMA-C10907RS Серводвигатель переменного тока 0.75кВт, 220В, 3000об/мин, фланец 86 мм, без тормоза,;ECMA-C10907RS;;Под заказ;https://intelka-shop.ru/proizvoditeli/delta/?section=19#
ECMA-C10807SS - Серводвигатель переменного тока 0.75 кВт, 220 В, 3000 об/мин, с тормозом;ECMA-C10807SS;;Под заказ;https://intelka-shop.ru/proizvoditeli/delta/?section=19#
ECMA-CA0807PS AC SERVO MOTOR 0,75 kW, 220VAC , 3000об/мин , с абсолютным энкодером, без тормоза и са;ECMA-CA0807PS;;Под заказ;https://intelka-shop.ru/proizvoditeli/delta/?section=19#
ECMA-CA0807RS - Серводвигатель переменного тока 0.75 кВт, 220 В, 3000 об/мин, с абсолютным энкодером;ECMA-CA0807RS;;Под заказ;https://intelka-shop.ru/proizvoditeli/delta/?section=19#
ECMA-C10807RS - Серводвигатель переменного тока 0.75 кВт, 220 В, 3000 об/мин, без тормоза;ECMA-C10807RS;ECMA-C10807RS;Под заказ;https://intelka-shop.ru/proizvoditeli/delta/?section=19#
ECMA-GA1306SS Серводвигатель переменного тока 0.6 кВт, 220В, 1000об/мин, с абсолютным энкодером, с т;ECMA-GA1306SS;;Под заказ;https://intelka-shop.ru/proizvoditeli/delta/?section=19#
ECMA-G11306SS - Серводвигатель переменного тока 0.6 кВт, 220 В, 1000 об/мин, с тормозом;ECMA-G11306SS;;Под заказ;https://intelka-shop.ru/proizvoditeli/delta/?section=19#
ECMA-GA1306RS Серводвигатель переменного тока 0.6 кВт, 220В, 1000об/мин, с абсолютным энкодером, без;ECMA-GA1306RS;;Под заказ;https://intelka-shop.ru/proizvoditeli/delta/?section=19#
ECMA-G11306RS - Серводвигатель переменного тока 0.6 кВт, 220 В, 1000 об/мин, без тормоза;ECMA-G11306RS;;Под заказ;https://intelka-shop.ru/proizvoditeli/delta/?section=19#
ECMA-FA11305SS Серводвигатель переменного тока 0.5кВт, 220В, 1500об/мин, с абсолютным энкодером, с т;ECMA-FA11305SS;;Под заказ;https://intelka-shop.ru/proizvoditeli/delta/?section=19#
ECMA-F11305SS Серводвигатель переменного тока 0.5кВт, 220В, 1500об/мин, с тормозом и сальником, вал;ECMA-F11305SS;;Под заказ;https://intelka-shop.ru/proizvoditeli/delta/?section=19#
