name;article;product_code;availability;image
367776 - OptiBox G-920х2255х235-F-2-12-Z-IF-IP54-1;367776;367776;В наличии;https://intelka-shop.ru/proizvoditeli/keaz/?section=24#
144508 - Комплект щитовой OptiBox G-87:102-SF111-IU-1-IP54/PMPN-26x26x4/OP;144508;144508;В наличии;https://intelka-shop.ru/proizvoditeli/keaz/?section=24#
332479 - Корпус из полиэстера OptiBox G-920х2255х235-F-1-12-Z-IF-IP54-1;332479;332479;Под заказ;https://intelka-shop.ru/proizvoditeli/keaz/?section=24#
332481 - Корпус из полиэстера OptiBox G-920х2110х235-F-2-12-Z-IF-IP54-1;332481;332481;В наличии;https://intelka-shop.ru/proizvoditeli/keaz/?section=24#
332477 - Корпус из полиэстера OptiBox G-920х1055x235-F-2-12-Z-I-IP54-1;332477;332477;В наличии;https://intelka-shop.ru/proizvoditeli/keaz/?section=24#
332480 - Корпус из полиэстера OptiBox G-750х2110х300-F-1-11-Z-IF-IP54-1;332480;332480;В наличии;https://intelka-shop.ru/proizvoditeli/keaz/?section=24#
332476 - Корпус из полиэстера OptiBox G-750х1055х300-F-1-11-Z-I-IP54-1;332476;332476;В наличии;https://intelka-shop.ru/proizvoditeli/keaz/?section=24#
332474 - Корпус из полиэстера OptiBox G-600х665х235-F-1-11-Z-I-IP54-1;332474;332474;В наличии;https://intelka-shop.ru/proizvoditeli/keaz/?section=24#
332478 - Корпус из полиэстера OptiBox G-600х2255х235-F-1-11-Z-IF-IP54-1;332478;332478;В наличии;https://intelka-shop.ru/proizvoditeli/keaz/?section=24#
332473 - Корпус из полиэстера OptiBox G-510х646х235-F-1-11-Z-I-IP54-1;332473;332473;Под заказ;https://intelka-shop.ru/proizvoditeli/keaz/?section=24#
332471 - Корпус из полиэстера OptiBox G-400х500х235-F-1-11-Z-I-IP54-1;332471;332471;В наличии;https://intelka-shop.ru/proizvoditeli/keaz/?section=24#
332470 - Корпус из полиэстера OptiBox G-320х370х235-F-1-11-Z-I-IP54-1;332470;332470;В наличии;https://intelka-shop.ru/proizvoditeli/keaz/?section=24#
332936 - Окно смотровое OptiBox G-W-175x125;332936;332936;В наличии;https://intelka-shop.ru/proizvoditeli/keaz/?section=24#
332932 - Окно смотровое OptiBox G-W-160;332932;332932;В наличии;https://intelka-shop.ru/proizvoditeli/keaz/?section=24#
332921 - Окно смотровое OptiBox G-W-140;332921;332921;В наличии;https://intelka-shop.ru/proizvoditeli/keaz/?section=24#
332914 - Кронштейн для крепления на опору OptiBox G-FDO-254;332914;332914;В наличии;https://intelka-shop.ru/proizvoditeli/keaz/?section=24#
332916 - Дверца ревизионная OptiBox-DR-180x104;332916;332916;В наличии;https://intelka-shop.ru/proizvoditeli/keaz/?section=24#
303693 - Держатель шин OptiBox P-DS-18-N;303693;303693;В наличии;https://intelka-shop.ru/proizvoditeli/keaz/?section=24#
303692 - Держатель шин OptiBox P-DS-12-N;303692;303692;Под заказ;https://intelka-shop.ru/proizvoditeli/keaz/?section=24#
303691 - Держатель шин OptiBox P-DS-09-N;303691;303691;Под заказ;https://intelka-shop.ru/proizvoditeli/keaz/?section=24#
303689 - Держатель шин OptiBox P-DS-08-N;303689;303689;Под заказ;https://intelka-shop.ru/proizvoditeli/keaz/?section=24#
303688 - Держатель шин OptiBox P-DS-06-N;303688;303688;Под заказ;https://intelka-shop.ru/proizvoditeli/keaz/?section=24#
245397 - Корпус пластиковый для установки счетчика OptiBox P-KNS-4-04-IP66;245397;245397;В наличии;https://intelka-shop.ru/proizvoditeli/keaz/?section=24#
303707 - Шина нулевая OptiBox P-KSN-1-3-6x9-21;303707;303707;Под заказ;https://intelka-shop.ru/proizvoditeli/keaz/?section=24#
303706 - Шина нулевая OptiBox P-KSN-1-3-6x9-17;303706;303706;Под заказ;https://intelka-shop.ru/proizvoditeli/keaz/?section=24#
303705 - Шина нулевая OptiBox P-KSN-1-3-6x9-16;303705;303705;Под заказ;https://intelka-shop.ru/proizvoditeli/keaz/?section=24#
303704 - Шина нулевая OptiBox P-KSN-1-3-6x9-15;303704;303704;Под заказ;https://intelka-shop.ru/proizvoditeli/keaz/?section=24#
303703 - Шина нулевая OptiBox P-KSN-1-3-6x9-13;303703;303703;Под заказ;https://intelka-shop.ru/proizvoditeli/keaz/?section=24#
303702 - Шина нулевая OptiBox P-KSN-1-3-6x9-11;303702;303702;Под заказ;https://intelka-shop.ru/proizvoditeli/keaz/?section=24#
303701 - Шина нулевая OptiBox P-KSN-1-3-6x9-09;303701;303701;В наличии;https://intelka-shop.ru/proizvoditeli/keaz/?section=24#
303700 - Шина нулевая OptiBox P-KSN-1-3-6x9-07;303700;303700;Под заказ;https://intelka-shop.ru/proizvoditeli/keaz/?section=24#
303699 - Шина нулевая OptiBox P-KSN-1-3-6x9-06;303699;303699;Под заказ;https://intelka-shop.ru/proizvoditeli/keaz/?section=24#
303698 - Шина нулевая OptiBox P-KSN-1-3-6x9-05;303698;303698;Под заказ;https://intelka-shop.ru/proizvoditeli/keaz/?section=24#
303697 - Шина нулевая OptiBox P-KSN-1-3-6x9-04;303697;303697;В наличии;https://intelka-shop.ru/proizvoditeli/keaz/?section=24#
303696 - Шина нулевая OptiBox P-KSN-1-3-6x9-03;303696;303696;В наличии;https://intelka-shop.ru/proizvoditeli/keaz/?section=24#
303695 - Шина нулевая OptiBox P-KSN-1-3-6x9-02;303695;303695;В наличии;https://intelka-shop.ru/proizvoditeli/keaz/?section=24#
254016 - Комплект крепления на опору OptiBox P-U-200;254016;254016;В наличии;https://intelka-shop.ru/proizvoditeli/keaz/?section=24#
118052 - Замок для дверцы OptiBox P-ZL-1;118052;118052;В наличии;https://intelka-shop.ru/proizvoditeli/keaz/?section=24#
118035 - Заглушка модульная OptiBox P-ZM-1-WHITE;118035;118035;В наличии;https://intelka-shop.ru/proizvoditeli/keaz/?section=24#
118036 - Заглушка модульная OptiBox P-ZM-1-GREY;118036;118036;Под заказ;https://intelka-shop.ru/proizvoditeli/keaz/?section=24#
279160 - Корпус пластиковый OptiBox P-UNK-1-06-IP41;279160;279160;Под заказ;https://intelka-shop.ru/proizvoditeli/keaz/?section=24#
279154 - Корпус пластиковый OptiBox P-UNK-1-04-IP41;279154;279154;Под заказ;https://intelka-shop.ru/proizvoditeli/keaz/?section=24#
279144 - Корпус пластиковый OptiBox P-UNK-1-02-IP41;279144;279144;Под заказ;https://intelka-shop.ru/proizvoditeli/keaz/?section=24#
145789 - Корпус пластиковый OptiBox P-CVN-1-18-IP40;145789;145789;Под заказ;https://intelka-shop.ru/proizvoditeli/keaz/?section=24#
145788 - Корпус пластиковый OptiBox P-CVN-1-12-IP40;145788;145788;В наличии;https://intelka-shop.ru/proizvoditeli/keaz/?section=24#
145787 - Корпус пластиковый OptiBox P-CVN-1-08-IP40;145787;145787;В наличии;https://intelka-shop.ru/proizvoditeli/keaz/?section=24#
145781 - Корпус пластиковый OptiBox P-CVK-1-18-IP41;145781;145781;Под заказ;https://intelka-shop.ru/proizvoditeli/keaz/?section=24#
145780 - Корпус пластиковый OptiBox P-CVK-1-12-IP40;145780;145780;В наличии;https://intelka-shop.ru/proizvoditeli/keaz/?section=24#
145779 - Корпус пластиковый OptiBox P-CVK-1-08-IP40;145779;145779;В наличии;https://intelka-shop.ru/proizvoditeli/keaz/?section=24#
145778 - Корпус пластиковый OptiBox P-CVK-1-06-IP40;145778;145778;В наличии;https://intelka-shop.ru/proizvoditeli/keaz/?section=24#
145785 - Корпус пластиковый OptiBox P-CNN-1-18-IP40;145785;145785;Под заказ;https://intelka-shop.ru/proizvoditeli/keaz/?section=24#
145784 - Корпус пластиковый OptiBox P-CNN-1-12-IP40;145784;145784;В наличии;https://intelka-shop.ru/proizvoditeli/keaz/?section=24#
145783 - Корпус пластиковый OptiBox P-CNN-1-08-IP40;145783;145783;В наличии;https://intelka-shop.ru/proizvoditeli/keaz/?section=24#
145777 - Корпус пластиковый OptiBox P-CNK-1-18-IP41;145777;145777;В наличии;https://intelka-shop.ru/proizvoditeli/keaz/?section=24#
145776 - Корпус пластиковый OptiBox P-CNK-1-12-IP40;145776;145776;Под заказ;https://intelka-shop.ru/proizvoditeli/keaz/?section=24#
145775 - Корпус пластиковый OptiBox P-CNK-1-08-IP40;145775;145775;В наличии;https://intelka-shop.ru/proizvoditeli/keaz/?section=24#
145774 - Корпус пластиковый OptiBox P-CNK-1-06-IP40;145774;145774;Под заказ;https://intelka-shop.ru/proizvoditeli/keaz/?section=24#
117964 - Корпус пластиковый OptiBox P-BVN-2-54-IP40 встраиваемый/непрозрачная дверь;117964;117964;В наличии;https://intelka-shop.ru/proizvoditeli/keaz/?section=24#
117959 - Корпус пластиковый OptiBox P-BVN-2-36-IP40 встраиваемый/непрозрачная дверь;117959;117959;В наличии;https://intelka-shop.ru/proizvoditeli/keaz/?section=24#
117954 - Корпус пластиковый OptiBox P-BVN-2-24-IP41 встраиваемый/непрозрачная дверь;117954;117954;В наличии;https://intelka-shop.ru/proizvoditeli/keaz/?section=24#
117949 - Корпус пластиковый OptiBox P-BVN-2-12-IP40 встраиваемый/непрозрачная дверь;117949;117949;В наличии;https://intelka-shop.ru/proizvoditeli/keaz/?section=24#
117944 - Корпус пластиковый OptiBox P-BVN-2-08-IP40 встраиваемый/непрозрачная дверь;117944;117944;В наличии;https://intelka-shop.ru/proizvoditeli/keaz/?section=24#
117960 - Корпус пластиковый OptiBox P-BVK-2-54-IP41 встраиваемый/черная дверь;117960;117960;В наличии;https://intelka-shop.ru/proizvoditeli/keaz/?section=24#
117955 - Корпус пластиковый OptiBox P-BVK-2-36-IP41 встраиваемый/черная дверь;117955;117955;В наличии;https://intelka-shop.ru/proizvoditeli/keaz/?section=24#
117950 - Корпус пластиковый OptiBox P-BVK-2-24-IP41 встраиваемый/черная дверь;117950;117950;Под заказ;https://intelka-shop.ru/proizvoditeli/keaz/?section=24#
117945 - Корпус пластиковый OptiBox P-BVK-2-12-IP41 встраиваемый/черная дверь;117945;117945;В наличии;https://intelka-shop.ru/proizvoditeli/keaz/?section=24#
117940 - Корпус пластиковый OptiBox P-BVK-2-08-IP40 встраиваемый/черная дверь;117940;117940;В наличии;https://intelka-shop.ru/proizvoditeli/keaz/?section=24#
117981 - Корпус пластиковый OptiBox P-BNZ-3-54-IP65 наклонный/зеленая дверь;117981;117981;Под заказ;https://intelka-shop.ru/proizvoditeli/keaz/?section=24#
117976 - Корпус пластиковый OptiBox P-BNZ-3-36-IP65 наклонный/зеленая дверь;117976;117976;Под заказ;https://intelka-shop.ru/proizvoditeli/keaz/?section=24#
117971 - Корпус пластиковый OptiBox P-BNZ-3-24-IP65 наклонный/зеленая дверь;117971;117971;Под заказ;https://intelka-shop.ru/proizvoditeli/keaz/?section=24#
117966 - Корпус пластиковый OptiBox P-BNZ-3-18-IP65 наклонный/зеленая дверь;117966;117966;Под заказ;https://intelka-shop.ru/proizvoditeli/keaz/?section=24#
117984 - Корпус пластиковый OptiBox P-BNN-3-54-IP65 наклонный/непрозрачная дверь;117984;117984;В наличии;https://intelka-shop.ru/proizvoditeli/keaz/?section=24#
117979 - Корпус пластиковый OptiBox P-BNN-3-36-IP65 наклонный/непрозрачная дверь;117979;117979;Под заказ;https://intelka-shop.ru/proizvoditeli/keaz/?section=24#
117974 - Корпус пластиковый OptiBox P-BNN-3-24-IP65 наклонный/непрозрачная дверь;117974;117974;Под заказ;https://intelka-shop.ru/proizvoditeli/keaz/?section=24#
117969 - Корпус пластиковый OptiBox P-BNN-3-18-IP65 наклонный/непрозрачная дверь;117969;117969;В наличии;https://intelka-shop.ru/proizvoditeli/keaz/?section=24#
117939 - Корпус пластиковый OptiBox P-BNN-2-54-IP41 наклонный/непрозрачная дверь;117939;117939;В наличии;https://intelka-shop.ru/proizvoditeli/keaz/?section=24#
117934 - Корпус пластиковый OptiBox P-BNN-2-36-IP41 наклонный/непрозрачная дверь;117934;117934;В наличии;https://intelka-shop.ru/proizvoditeli/keaz/?section=24#
117929 - Корпус пластиковый OptiBox P-BNN-2-24-IP41 наклонный/непрозрачная дверь;117929;117929;В наличии;https://intelka-shop.ru/proizvoditeli/keaz/?section=24#
117924 - Корпус пластиковый OptiBox P-BNN-2-12-IP41 наклонный/непрозрачная дверь;117924;117924;В наличии;https://intelka-shop.ru/proizvoditeli/keaz/?section=24#
117919 - Корпус пластиковый OptiBox P-BNN-2-08-IP41 наклонный/непрозрачная дверь;117919;117919;В наличии;https://intelka-shop.ru/proizvoditeli/keaz/?section=24#
117980 - Корпус пластиковый OptiBox P-BNK-3-54-IP65 наклонный/черная дверь;117980;117980;Под заказ;https://intelka-shop.ru/proizvoditeli/keaz/?section=24#
117975 - Корпус пластиковый OptiBox P-BNK-3-36-IP65 наклонный/черная дверь;117975;117975;В наличии;https://intelka-shop.ru/proizvoditeli/keaz/?section=24#
117970 - Корпус пластиковый OptiBox P-BNK-3-24-IP65 наклонный/черная дверь;117970;117970;В наличии;https://intelka-shop.ru/proizvoditeli/keaz/?section=24#
117965 - Корпус пластиковый OptiBox P-BNK-3-18-IP65 наклонный/черная дверь;117965;117965;В наличии;https://intelka-shop.ru/proizvoditeli/keaz/?section=24#
117935 - Корпус пластиковый OptiBox P-BNK-2-54-IP41 наклонный/черная дверь;117935;117935;В наличии;https://intelka-shop.ru/proizvoditeli/keaz/?section=24#
117930 - Корпус пластиковый OptiBox P-BNK-2-36-IP41;117930;117930;Под заказ;https://intelka-shop.ru/proizvoditeli/keaz/?section=24#
117925 - Корпус пластиковый OptiBox P-BNK-2-24-IP41 наклонный/черная дверь;117925;117925;В наличии;https://intelka-shop.ru/proizvoditeli/keaz/?section=24#
117920 - Корпус пластиковый OptiBox P-BNK-2-12-IP41 наклонный/черная дверь;117920;117920;В наличии;https://intelka-shop.ru/proizvoditeli/keaz/?section=24#
117915 - Корпус пластиковый OptiBox P-BNK-2-08-IP41 наклонный/черная дверь;117915;117915;В наличии;https://intelka-shop.ru/proizvoditeli/keaz/?section=24#
243786 - Корпус металлический ЩУРн-3/12-0-540х310х165-IP54-УХЛ2-КЭАЗ;243786;243786;Под заказ;https://intelka-shop.ru/proizvoditeli/keaz/?section=24#
243784 - Корпус металлический ЩУРн-3/12-0-540х310х165-IP31-УХЛ3-КЭАЗ;243784;243784;Под заказ;https://intelka-shop.ru/proizvoditeli/keaz/?section=24#
243785 - Корпус металлический ЩУРн-1/12-0-395х310х165-IP54-УХЛ2-КЭАЗ;243785;243785;Под заказ;https://intelka-shop.ru/proizvoditeli/keaz/?section=24#
243783 - Корпус металлический ЩУРн-1/12-0-395х310х165-IP31-УХЛ3-КЭАЗ;243783;243783;Под заказ;https://intelka-shop.ru/proizvoditeli/keaz/?section=24#
243790 - Корпус металлический ЩУ-3/1-1-445х400х150-IP54-УХЛ2-КЭАЗ;243790;243790;Под заказ;https://intelka-shop.ru/proizvoditeli/keaz/?section=24#
243789 - Корпус металлический ЩУ-3/1-0-395х310х150-IP54-УХЛ2-КЭАЗ;243789;243789;Под заказ;https://intelka-shop.ru/proizvoditeli/keaz/?section=24#
243788 - Корпус металлический ЩУ-1/1-1-310х300х150 IP54-УХЛ2-КЭАЗ;243788;243788;Под заказ;https://intelka-shop.ru/proizvoditeli/keaz/?section=24#
243787 - Корпус металлический ЩУ-1/1-0-310х300х150-IP54-УХЛ2-КЭАЗ;243787;243787;Под заказ;https://intelka-shop.ru/proizvoditeli/keaz/?section=24#
243791 - Комплект монтажа к столбу КМКС-КЭАЗ (комплект 2шт);243791;243791;Под заказ;https://intelka-shop.ru/proizvoditeli/keaz/?section=24#
243773 - Корпус металлический ЩРн-72-540х600х120-IP31-УХЛ3-КЭАЗ;243773;243773;Под заказ;https://intelka-shop.ru/proizvoditeli/keaz/?section=24#
243772 - Корпус металлический ЩРн-54-540х440х120-IP31-УХЛ3-КЭАЗ;243772;243772;Под заказ;https://intelka-shop.ru/proizvoditeli/keaz/?section=24#
243766 - Корпус металлический ЩРн-48-620х330х120-IP54-УХЛ2-КЭАЗ;243766;243766;Под заказ;https://intelka-shop.ru/proizvoditeli/keaz/?section=24#
243771 - Корпус металлический ЩРн-48-620х310х120-IP31-УХЛ3-КЭАЗ;243771;243771;Под заказ;https://intelka-shop.ru/proizvoditeli/keaz/?section=24#
243765 - Корпус металлический ЩРн-36-540х310х120-IP31-УХЛ3-КЭАЗ;243765;243765;Под заказ;https://intelka-shop.ru/proizvoditeli/keaz/?section=24#
243770 - Корпус металлический ЩРн-36-520х330х120-IP54-УХЛ2-КЭАЗ;243770;243770;Под заказ;https://intelka-shop.ru/proizvoditeli/keaz/?section=24#
243764 - Корпус металлический ЩРн-24-395х330х120-IP54-УХЛ2-КЭАЗ;243764;243764;Под заказ;https://intelka-shop.ru/proizvoditeli/keaz/?section=24#
243769 - Корпус металлический ЩРн-24-395х310х120-IP31-УХЛ3-КЭАЗ;243769;243769;Под заказ;https://intelka-shop.ru/proizvoditeli/keaz/?section=24#
243768 - Корпус металлический ЩРн-18-265х440х120-IP31-УХЛ3-КЭАЗ;243768;243768;Под заказ;https://intelka-shop.ru/proizvoditeli/keaz/?section=24#
243763 - Корпус металлический ЩРн-12-265х330х120-IP54-УХЛ2-КЭАЗ;243763;243763;Под заказ;https://intelka-shop.ru/proizvoditeli/keaz/?section=24#
243767 - Корпус металлический ЩРн-12-265х310х120-IP31-УХЛ3-КЭАЗ;243767;243767;Под заказ;https://intelka-shop.ru/proizvoditeli/keaz/?section=24#
243780 - Корпус металлический ЩРв-72-550х610х120-IP31-УХЛ3-КЭАЗ;243780;243780;Под заказ;https://intelka-shop.ru/proizvoditeli/keaz/?section=24#
243779 - Корпус металлический ЩРв-54-550х450х120-IP31-УХЛ3-КЭАЗ;243779;243779;Под заказ;https://intelka-shop.ru/proizvoditeli/keaz/?section=24#
243778 - Корпус металлический ЩРв-48-630х320х120-IP31-УХЛ3-КЭАЗ;243778;243778;Под заказ;https://intelka-shop.ru/proizvoditeli/keaz/?section=24#
243777 - Корпус металлический ЩРв-36-550х320х120-IP31-УХЛ3-КЭАЗ;243777;243777;Под заказ;https://intelka-shop.ru/proizvoditeli/keaz/?section=24#
243776 - Корпус металлический ЩРв-24-405х320х120-IP31-УХЛ3-КЭАЗ;243776;243776;Под заказ;https://intelka-shop.ru/proizvoditeli/keaz/?section=24#
243775 - Корпус металлический ЩРв-18-275х450х120-IP31-УХЛ3-КЭАЗ;243775;243775;Под заказ;https://intelka-shop.ru/proizvoditeli/keaz/?section=24#
243774 - Корпус металлический ЩРв-12-275х320х120-IP31-УХЛ3-КЭАЗ;243774;243774;Под заказ;https://intelka-shop.ru/proizvoditeli/keaz/?section=24#
243760 - Корпус металлический ЩМП-662-600х600х250-IP54-УХЛ2-КЭАЗ;243760;243760;Под заказ;https://intelka-shop.ru/proizvoditeli/keaz/?section=24#
243741 - Корпус металлический ЩМП-662-600х600х250-IP31-УХЛ3-КЭАЗ;243741;243741;Под заказ;https://intelka-shop.ru/proizvoditeli/keaz/?section=24#
243759 - Корпус металлический ЩМП-661-600х600х150-IP54-УХЛ2-КЭАЗ;243759;243759;Под заказ;https://intelka-shop.ru/proizvoditeli/keaz/?section=24#
243740 - Корпус металлический ЩМП-661-600х600х150-IP31-УХЛ3-КЭАЗ;243740;243740;Под заказ;https://intelka-shop.ru/proizvoditeli/keaz/?section=24#
243756 - Корпус металлический ЩМП-462-400х600х250-IP54-УХЛ2-КЭАЗ;243756;243756;Под заказ;https://intelka-shop.ru/proizvoditeli/keaz/?section=24#
243737 - Корпус металлический ЩМП-462-400х600х250-IP31-УХЛ3-КЭАЗ;243737;243737;Под заказ;https://intelka-shop.ru/proizvoditeli/keaz/?section=24#
243755 - Корпус металлический ЩМП-461-400х600х150-IP54-УХЛ2-КЭАЗ;243755;243755;Под заказ;https://intelka-shop.ru/proizvoditeli/keaz/?section=24#
243736 - Корпус металлический ЩМП-461-400х600х150-IP31-УХЛ3-КЭАЗ;243736;243736;Под заказ;https://intelka-shop.ru/proizvoditeli/keaz/?section=24#
243754 - Корпус металлический ЩМП-442-400х400х250-IP54-УХЛ2-КЭАЗ;243754;243754;Под заказ;https://intelka-shop.ru/proizvoditeli/keaz/?section=24#
243735 - Корпус металлический ЩМП-442-400х400х250-IP31-УХЛ3-КЭАЗ;243735;243735;Под заказ;https://intelka-shop.ru/proizvoditeli/keaz/?section=24#
243753 - Корпус металлический ЩМП-441-400х400х150-IP54-УХЛ2-КЭАЗ;243753;243753;Под заказ;https://intelka-shop.ru/proizvoditeli/keaz/?section=24#
243734 - Корпус металлический ЩМП-441-400х400х150-IP31-УХЛ3-КЭАЗ;243734;243734;Под заказ;https://intelka-shop.ru/proizvoditeli/keaz/?section=24#
243752 - Корпус металлический ЩМП-421-400х210х150-IP54-УХЛ2-КЭАЗ;243752;243752;Под заказ;https://intelka-shop.ru/proizvoditeli/keaz/?section=24#
243733 - Корпус металлический ЩМП-421-400х210х150-IP31-УХЛ3-КЭАЗ;243733;243733;Под заказ;https://intelka-shop.ru/proizvoditeli/keaz/?section=24#
243749 - Корпус металлический ЩМП-321-300х210х150-IP54-УХЛ2-КЭАЗ;243749;243749;Под заказ;https://intelka-shop.ru/proizvoditeli/keaz/?section=24#
243730 - Корпус металлический ЩМП-321-300х210х150-IP31-УХЛ3-КЭАЗ;243730;243730;Под заказ;https://intelka-shop.ru/proizvoditeli/keaz/?section=24#
243751 - Корпус металлический ЩМП-3-1-650х500х150-IP54-УХЛ2-КЭАЗ;243751;243751;Под заказ;https://intelka-shop.ru/proizvoditeli/keaz/?section=24#
243732 - Корпус металлический ЩМП-3-1-650х500х150-IP31-УХЛ3-КЭАЗ;243732;243732;Под заказ;https://intelka-shop.ru/proizvoditeli/keaz/?section=24#
243746 - Корпус металлический ЩМП-231-250х300х150-IP54-УХЛ2-КЭАЗ;243746;243746;Под заказ;https://intelka-shop.ru/proizvoditeli/keaz/?section=24#
243727 - Корпус металлический ЩМП-231-250х300х150-IP31-УХЛ3-КЭАЗ;243727;243727;Под заказ;https://intelka-shop.ru/proizvoditeli/keaz/?section=24#
243748 - Корпус металлический ЩМП-2-1-500х400х150-IP54-УХЛ2-КЭАЗ;243748;243748;Под заказ;https://intelka-shop.ru/proizvoditeli/keaz/?section=24#
243729 - Корпус металлический ЩМП-2-1-500х400х150-IP31-УХЛ3-КЭАЗ;243729;243729;Под заказ;https://intelka-shop.ru/proizvoditeli/keaz/?section=24#
243745 - Корпус металлический ЩМП-1-1-395х310х150-IP54-УХЛ2-КЭАЗ;243745;243745;Под заказ;https://intelka-shop.ru/proizvoditeli/keaz/?section=24#
243726 - Корпус металлический ЩМП-1-1-395х310х150-IP31-УХЛ3-КЭАЗ;243726;243726;Под заказ;https://intelka-shop.ru/proizvoditeli/keaz/?section=24#
243762 - Корпус металлический ЩМП-07-1400х650х285-IP54-УХЛ2-КЭАЗ;243762;243762;Под заказ;https://intelka-shop.ru/proizvoditeli/keaz/?section=24#
243743 - Корпус металлический ЩМП-07-1320х750х300-IP31-УХЛ3-КЭАЗ;243743;243743;Под заказ;https://intelka-shop.ru/proizvoditeli/keaz/?section=24#
243761 - Корпус металлический ЩМП-06-1200х750х300-IP54-УХЛ2-КЭАЗ;243761;243761;Под заказ;https://intelka-shop.ru/proizvoditeli/keaz/?section=24#
243742 - Корпус металлический ЩМП-06-1200х750х300-IP31-УХЛ3-КЭАЗ;243742;243742;Под заказ;https://intelka-shop.ru/proizvoditeli/keaz/?section=24#
243758 - Корпус металлический ЩМП-05-1000х650х300-IP31-УХЛ3-КЭАЗ;243758;243758;Под заказ;https://intelka-shop.ru/proizvoditeli/keaz/?section=24#
243739 - Корпус металлический ЩМП-05-1000х650х285-IP54-УХЛ2-КЭАЗ;243739;243739;Под заказ;https://intelka-shop.ru/proizvoditeli/keaz/?section=24#
243757 - Корпус металлический ЩМП-04-800х650х250-IP54-УХЛ2-КЭАЗ;243757;243757;Под заказ;https://intelka-shop.ru/proizvoditeli/keaz/?section=24#
243738 - Корпус металлический ЩМП-04-800х650х250-IP31-УХЛ3-КЭАЗ;243738;243738;Под заказ;https://intelka-shop.ru/proizvoditeli/keaz/?section=24#
243750 - Корпус металлический ЩМП-03-650х500х220-IP54-УХЛ2-КЭАЗ;243750;243750;Под заказ;https://intelka-shop.ru/proizvoditeli/keaz/?section=24#
243731 - Корпус металлический ЩМП-03-650х500х220-IP31-УХЛ3-КЭАЗ;243731;243731;Под заказ;https://intelka-shop.ru/proizvoditeli/keaz/?section=24#
243747 - Корпус металлический ЩМП-02-500х400х220-IP54-УХЛ2-КЭАЗ;243747;243747;Под заказ;https://intelka-shop.ru/proizvoditeli/keaz/?section=24#
243728 - Корпус металлический ЩМП-02-500х400х220-IP31-УХЛ3-КЭАЗ;243728;243728;Под заказ;https://intelka-shop.ru/proizvoditeli/keaz/?section=24#
243744 - Корпус металлический ЩМП-01-395х310х220-IP54-УХЛ2-КЭАЗ;243744;243744;Под заказ;https://intelka-shop.ru/proizvoditeli/keaz/?section=24#
243725 - Корпус металлический ЩМП-01-395х310х220-IP31-УХЛ3-КЭАЗ;243725;243725;Под заказ;https://intelka-shop.ru/proizvoditeli/keaz/?section=24#
308893 - Фильтры сменные для вентиляторов и вентиляционных решеток 325х325 мм, 6 шт;308893;308893;Под заказ;https://intelka-shop.ru/proizvoditeli/keaz/?section=24#
308889 - Фильтры сменные для вентиляторов и вентиляционных решеток 205х205мм, 6 шт;308889;308889;Под заказ;https://intelka-shop.ru/proizvoditeli/keaz/?section=24#
308891 - Фильтры сменные для вентиляторов и вентиляционных решеток 150х150 мм, 6 шт;308891;308891;Под заказ;https://intelka-shop.ru/proizvoditeli/keaz/?section=24#
308892 - Фильтры сменные для вентиляторов и вентиляционных решеток 250х250/252х252 мм, 6 шт;308892;308892;Под заказ;https://intelka-shop.ru/proizvoditeli/keaz/?section=24#
308890 - Фильтры сменные для вентиляторов и вентиляционных решеток 106,5х106,5/112х112 мм, 6 шт;308890;308890;Под заказ;https://intelka-shop.ru/proizvoditeli/keaz/?section=24#
308894 - Термостат NO с регулируемым диапазоном температуры 0…+60°C;308894;308894;В наличии;https://intelka-shop.ru/proizvoditeli/keaz/?section=24#
308888 - Термостат NC+NO с регулируемыми диапазонами температуры;308888;308888;Под заказ;https://intelka-shop.ru/proizvoditeli/keaz/?section=24#
308895 - Термостат NC с регулируемым диапазоном температуры 0…+60°C;308895;308895;Под заказ;https://intelka-shop.ru/proizvoditeli/keaz/?section=24#
308873 - Решетка вентиляционная с фильтром 325х325 мм, IP54;308873;308873;В наличии;https://intelka-shop.ru/proizvoditeli/keaz/?section=24#
308872 - Решетка вентиляционная с фильтром 250х250 мм, IP54;308872;308872;Под заказ;https://intelka-shop.ru/proizvoditeli/keaz/?section=24#
308871 - Решетка вентиляционная с фильтром 205х205 мм, IP54;308871;308871;Под заказ;https://intelka-shop.ru/proizvoditeli/keaz/?section=24#
308870 - Решетка вентиляционная с фильтром 150х150 мм, IP54;308870;308870;Под заказ;https://intelka-shop.ru/proizvoditeli/keaz/?section=24#
308869 - Решетка вентиляционная с фильтром 112х112 мм, IP54;308869;308869;Под заказ;https://intelka-shop.ru/proizvoditeli/keaz/?section=24#
308877 - Обогреватель компактный 5 Вт, кабель подключения, 110…250 В;308877;308877;Под заказ;https://intelka-shop.ru/proizvoditeli/keaz/?section=24#
308876 - Обогреватель компактный 30 Вт, кабель подключения, 110…250 В;308876;308876;Под заказ;https://intelka-shop.ru/proizvoditeli/keaz/?section=24#
308875 - Обогреватель компактный 15 Вт, кабель подключения, 110…250 В;308875;308875;Под заказ;https://intelka-shop.ru/proizvoditeli/keaz/?section=24#
308885 - Обогреватель в алюминиевом корпусе с вентилятором 750 Вт, 230 В;308885;308885;Под заказ;https://intelka-shop.ru/proizvoditeli/keaz/?section=24#
308884 - Обогреватель в алюминиевом корпусе с вентилятором 500 Вт, 230 В;308884;308884;Под заказ;https://intelka-shop.ru/proizvoditeli/keaz/?section=24#
308883 - Обогреватель в алюминиевом корпусе с вентилятором 250 Вт, 230 В;308883;308883;Под заказ;https://intelka-shop.ru/proizvoditeli/keaz/?section=24#
308882 - Обогреватель в алюминиевом корпусе 75 Вт, 110…250 В;308882;308882;Под заказ;https://intelka-shop.ru/proizvoditeli/keaz/?section=24#
308881 - Обогреватель в алюминиевом корпусе 50 Вт, 110…250 В;308881;308881;Под заказ;https://intelka-shop.ru/proizvoditeli/keaz/?section=24#
308880 - Обогреватель в алюминиевом корпусе 25 Вт, 110…250 В;308880;308880;Под заказ;https://intelka-shop.ru/proizvoditeli/keaz/?section=24#
308879 - Обогреватель в алюминиевом корпусе 150 Вт, 110…250 В;308879;308879;Под заказ;https://intelka-shop.ru/proizvoditeli/keaz/?section=24#
308878 - Обогреватель в алюминиевом корпусе 100 Вт, 110…250 В;308878;308878;Под заказ;https://intelka-shop.ru/proizvoditeli/keaz/?section=24#
308874 - Гигростат с регулируемым диапазоном влажности 10…90%, переключающий контакт;308874;308874;Под заказ;https://intelka-shop.ru/proizvoditeli/keaz/?section=24#
308868 - Вентилятор с фильтром 670/730 м3/ч, 230 В, 325х325 мм, IP54;308868;308868;Под заказ;https://intelka-shop.ru/proizvoditeli/keaz/?section=24#
308867 - Вентилятор с фильтром 560/600 м3/ч, 230 В, 325х325 мм, IP54;308867;308867;В наличии;https://intelka-shop.ru/proizvoditeli/keaz/?section=24#
308866 - Вентилятор с фильтром 44/46 м3/ч, 230 В, 150х150 мм, IP54;308866;308866;Под заказ;https://intelka-shop.ru/proizvoditeli/keaz/?section=24#
308865 - Вентилятор с фильтром 160/190 м3/ч, 230 В, 252х252 мм, IP54;308865;308865;Под заказ;https://intelka-shop.ru/proizvoditeli/keaz/?section=24#
308864 - Вентилятор с фильтром 100/105 м3/ч, 230 В, 205х205 мм, IP54;308864;308864;Под заказ;https://intelka-shop.ru/proizvoditeli/keaz/?section=24#
308863 - Вентилятор с фильтром 10/12 м3/ч, 230 В, 112х112 мм, IP54;308863;308863;Под заказ;https://intelka-shop.ru/proizvoditeli/keaz/?section=24#
308886 - Вентилятор потолочный с фильтром 1500/1550 м3/ч, 230 В, IP44;308886;308886;Под заказ;https://intelka-shop.ru/proizvoditeli/keaz/?section=24#
308235 - Фланец для ввода кабелей FL21, 25 вводов D5-26 мм IP55/IP65;308235;308235;Под заказ;https://intelka-shop.ru/proizvoditeli/keaz/?section=24#
308236 - Фланец для ввода кабелей FL21, 16 вводов D20-40 мм IP54;308236;308236;Под заказ;https://intelka-shop.ru/proizvoditeli/keaz/?section=24#
306525 - Фиксаторы для цоколя 200 мм, 1 комплект - 4 шт.;306525;306525;Под заказ;https://intelka-shop.ru/proizvoditeli/keaz/?section=24#
306537 - Устройство взаимной блокировки примыкающих дверей;306537;306537;Под заказ;https://intelka-shop.ru/proizvoditeli/keaz/?section=24#
306534 - Устройство взаимной блокировки последовательных дверей;306534;306534;Под заказ;https://intelka-shop.ru/proizvoditeli/keaz/?section=24#
306553 - Углы соединительные для подъёма шкафной сборки, 1 упаковка - 2шт;306553;306553;Под заказ;https://intelka-shop.ru/proizvoditeli/keaz/?section=24#
306527 - Углы крепёжные, вырез - резьба М8, 1 упаковка - 10 шт.;306527;306527;Под заказ;https://intelka-shop.ru/proizvoditeli/keaz/?section=24#
306526 - Углы крепёжные, вырез - вырез, 1 упаковка - 10 шт.;306526;306526;Под заказ;https://intelka-shop.ru/proizvoditeli/keaz/?section=24#
306597 - Соединитель угловой для тяжёлых шкафов OptiBox M, 1 упаковка - 4шт;306597;306597;Под заказ;https://intelka-shop.ru/proizvoditeli/keaz/?section=24#
306596 - Соединитель прямой для тяжёлых шкафов OptiBox M, 1 упаковка - 4шт;306596;306596;В наличии;https://intelka-shop.ru/proizvoditeli/keaz/?section=24#
308207 - Сейсмоцоколь для шкафа OptiBox M Ш800хГ800 мм;308207;308207;Под заказ;https://intelka-shop.ru/proizvoditeli/keaz/?section=24#
308208 - Сейсмоцоколь для шкафа OptiBox M Ш800хГ600 мм;308208;308208;Под заказ;https://intelka-shop.ru/proizvoditeli/keaz/?section=24#
308209 - Сейсмоцоколь для шкафа OptiBox M Ш800хГ400 мм;308209;308209;Под заказ;https://intelka-shop.ru/proizvoditeli/keaz/?section=24#
308210 - Сейсмоцоколь для шкафа OptiBox M Ш600хГ800 мм;308210;308210;Под заказ;https://intelka-shop.ru/proizvoditeli/keaz/?section=24#
308211 - Сейсмоцоколь для шкафа OptiBox M Ш600хГ600 мм;308211;308211;Под заказ;https://intelka-shop.ru/proizvoditeli/keaz/?section=24#
308212 - Сейсмоцоколь для шкафа OptiBox M Ш600хГ400 мм;308212;308212;Под заказ;https://intelka-shop.ru/proizvoditeli/keaz/?section=24#
306600 - Светильник светодиодный 6 Вт, 220 В;306600;306600;Под заказ;https://intelka-shop.ru/proizvoditeli/keaz/?section=24#
306601 - Светильник светодиодный 10 Вт, 220 В;306601;306601;Под заказ;https://intelka-shop.ru/proizvoditeli/keaz/?section=24#
306605 - Светильник люминесцентный 8 Вт, с 2-мя розетками, 220 В;306605;306605;Под заказ;https://intelka-shop.ru/proizvoditeli/keaz/?section=24#
306602 - Светильник люминесцентный 8 Вт, 220В;306602;306602;Под заказ;https://intelka-shop.ru/proizvoditeli/keaz/?section=24#
306604 - Светильник люминесцентный 21 Вт, 220В;306604;306604;Под заказ;https://intelka-shop.ru/proizvoditeli/keaz/?section=24#
306606 - Светильник люминесцентный 13 Вт, с 2-мя розетками, 220 В;306606;306606;Под заказ;https://intelka-shop.ru/proizvoditeli/keaz/?section=24#
306603 - Светильник люминесцентный 13 Вт, 220В;306603;306603;В наличии;https://intelka-shop.ru/proizvoditeli/keaz/?section=24#
306531 - Рым-болты, М12, 1 упаковка - 4 шт.;306531;306531;Под заказ;https://intelka-shop.ru/proizvoditeli/keaz/?section=24#
306462 - Ручка улучшенная с замком под индивидуальный ключ;306462;306462;Под заказ;https://intelka-shop.ru/proizvoditeli/keaz/?section=24#
306590 - Рейка усиленная, для тяжёлого оборудования Ш=800мм, 1 упаковка - 2шт;306590;306590;Под заказ;https://intelka-shop.ru/proizvoditeli/keaz/?section=24#
306589 - Рейка усиленная, для тяжёлого оборудования Ш=600мм, 1 упаковка - 2шт;306589;306589;Под заказ;https://intelka-shop.ru/proizvoditeli/keaz/?section=24#
306594 - Рейка усиленная, для тяжёлого оборудования Ш=1200мм, 1 упаковка - 2шт;306594;306594;Под заказ;https://intelka-shop.ru/proizvoditeli/keaz/?section=24#
306588 - Рейка усиленная, для тяжёлого оборудования Ш=1000мм, 1 упаковка - 2шт;306588;306588;Под заказ;https://intelka-shop.ru/proizvoditeli/keaz/?section=24#
306563 - Рейка поперечная, широкая, для шкафов OptiBox M Ш=800мм, 1 упаковка - 4шт;306563;306563;Под заказ;https://intelka-shop.ru/proizvoditeli/keaz/?section=24#
306562 - Рейка поперечная, широкая, для шкафов OptiBox M Ш=600мм, 1 упаковка - 4шт;306562;306562;Под заказ;https://intelka-shop.ru/proizvoditeli/keaz/?section=24#
306561 - Рейка поперечная, широкая, для шкафов OptiBox M Ш=400мм, 1 упаковка - 4шт;306561;306561;Под заказ;https://intelka-shop.ru/proizvoditeli/keaz/?section=24#
306592 - Рейка поперечная, широкая, для шкафов OptiBox M Ш=1200мм, 1 упаковка - 4шт;306592;306592;Под заказ;https://intelka-shop.ru/proizvoditeli/keaz/?section=24#
306560 - Рейка поперечная, широкая, для шкафов OptiBox M Ш=1000мм, 1 упаковка - 4шт;306560;306560;Под заказ;https://intelka-shop.ru/proizvoditeli/keaz/?section=24#
306580 - Рейка поперечная, для шкафов OptiBox M Ш=800мм, 1 упаковка - 4шт;306580;306580;Под заказ;https://intelka-shop.ru/proizvoditeli/keaz/?section=24#
306579 - Рейка поперечная, для шкафов OptiBox M Ш=600мм, 1 упаковка - 4шт;306579;306579;В наличии;https://intelka-shop.ru/proizvoditeli/keaz/?section=24#
306578 - Рейка поперечная, для шкафов OptiBox M Ш=400мм, 1 упаковка - 4шт;306578;306578;Под заказ;https://intelka-shop.ru/proizvoditeli/keaz/?section=24#
306593 - Рейка поперечная, для шкафов OptiBox M Ш=1200мм, 1 упаковка - 4шт;306593;306593;Под заказ;https://intelka-shop.ru/proizvoditeli/keaz/?section=24#
306577 - Рейка поперечная, для шкафов OptiBox M Ш=1000мм, 1 упаковка - 4шт;306577;306577;Под заказ;https://intelka-shop.ru/proizvoditeli/keaz/?section=24#
306559 - Рейка для фиксации кабеля, для шкафов OptiBox M Ш=800мм, 1 упаковка - 2шт;306559;306559;Под заказ;https://intelka-shop.ru/proizvoditeli/keaz/?section=24#
306558 - Рейка для фиксации кабеля, для шкафов OptiBox M Ш=600мм, 1 упаковка - 2шт;306558;306558;Под заказ;https://intelka-shop.ru/proizvoditeli/keaz/?section=24#
306557 - Рейка для фиксации кабеля, для шкафов OptiBox M Ш=400мм, 1 упаковка - 2шт;306557;306557;Под заказ;https://intelka-shop.ru/proizvoditeli/keaz/?section=24#
306591 - Рейка для фиксации кабеля, для шкафов OptiBox M Ш=1200мм, 1 упаковка - 2шт;306591;306591;Под заказ;https://intelka-shop.ru/proizvoditeli/keaz/?section=24#
306556 - Рейка для фиксации кабеля, для шкафов OptiBox M Ш=1000мм, 1 упаковка - 2шт;306556;306556;Под заказ;https://intelka-shop.ru/proizvoditeli/keaz/?section=24#
306587 - Рейка горизонтальная, дверная, для шкафов OptiBox M Ш=800мм, 1 упаковка - 10 шт;306587;306587;Под заказ;https://intelka-shop.ru/proizvoditeli/keaz/?section=24#
306586 - Рейка горизонтальная, дверная, для шкафов OptiBox M Ш=600мм, 1 упаковка - 10 шт;306586;306586;Под заказ;https://intelka-shop.ru/proizvoditeli/keaz/?section=24#
306585 - Рейка горизонтальная, дверная, для шкафов OptiBox M Ш=1000мм, 1 упаковка - 10 шт;306585;306585;Под заказ;https://intelka-shop.ru/proizvoditeli/keaz/?section=24#
306572 - Рейка вертикальная, широкая, для шкафов OptiBox M В=2200мм, 1 упаковка - 2шт;306572;306572;Под заказ;https://intelka-shop.ru/proizvoditeli/keaz/?section=24#
306571 - Рейка вертикальная, широкая, для шкафов OptiBox M В=2000мм, 1 упаковка - 2шт;306571;306571;Под заказ;https://intelka-shop.ru/proizvoditeli/keaz/?section=24#
306570 - Рейка вертикальная, широкая, для шкафов OptiBox M, В=1800мм, 1 упаковка - 2шт;306570;306570;Под заказ;https://intelka-shop.ru/proizvoditeli/keaz/?section=24#
306569 - Рейка вертикальная, широкая, для шкафов OptiBox M В=1600мм, 1 упаковка - 2шт;306569;306569;Под заказ;https://intelka-shop.ru/proizvoditeli/keaz/?section=24#
306568 - Рейка вертикальная, широкая, для шкафов OptiBox M В=1400мм, 1 упаковка - 2шт;306568;306568;Под заказ;https://intelka-shop.ru/proizvoditeli/keaz/?section=24#
306567 - Рейка боковая, широкая, для шкафов OptiBox M глубиной 800 мм, 1 упаковка -4шт;306567;306567;Под заказ;https://intelka-shop.ru/proizvoditeli/keaz/?section=24#
306566 - Рейка боковая, широкая, для шкафов OptiBox M глубиной 600 мм, 1 упаковка -4шт;306566;306566;Под заказ;https://intelka-shop.ru/proizvoditeli/keaz/?section=24#
306565 - Рейка боковая, широкая, для шкафов OptiBox M глубиной 400 мм, 1 упаковка -4шт;306565;306565;Под заказ;https://intelka-shop.ru/proizvoditeli/keaz/?section=24#
306564 - Рейка боковая, широкая, для шкафов OptiBox M глубиной 1000 мм, 1 упаковка -4шт;306564;306564;Под заказ;https://intelka-shop.ru/proizvoditeli/keaz/?section=24#
306576 - Рейка боковая, специальная, для шкафов OptiBox M Г=800мм, 1 упаковка - 4шт;306576;306576;Под заказ;https://intelka-shop.ru/proizvoditeli/keaz/?section=24#
306575 - Рейка боковая, специальная, для шкафов OptiBox M Г=600мм, 1 упаковка - 4шт;306575;306575;Под заказ;https://intelka-shop.ru/proizvoditeli/keaz/?section=24#
306574 - Рейка боковая, специальная, для шкафов OptiBox M Г=400мм, 1 упаковка - 4шт;306574;306574;Под заказ;https://intelka-shop.ru/proizvoditeli/keaz/?section=24#
306573 - Рейка боковая, специальная, для шкафов OptiBox M Г=1000мм, 1 упаковка - 4шт;306573;306573;Под заказ;https://intelka-shop.ru/proizvoditeli/keaz/?section=24#
306584 - Рейка боковая для шкафов OptiBox M глубиной 800мм, 1 упаковка - 4шт;306584;306584;Под заказ;https://intelka-shop.ru/proizvoditeli/keaz/?section=24#
306583 - Рейка боковая для шкафов OptiBox M глубиной 600мм, 1 упаковка - 4шт;306583;306583;Под заказ;https://intelka-shop.ru/proizvoditeli/keaz/?section=24#
306582 - Рейка боковая для шкафов OptiBox M глубиной 400мм, 1 упаковка - 4шт;306582;306582;Под заказ;https://intelka-shop.ru/proizvoditeli/keaz/?section=24#
306581 - Рейка боковая для шкафов OptiBox M глубиной 1000мм, 1 упаковка - 4шт;306581;306581;Под заказ;https://intelka-shop.ru/proizvoditeli/keaz/?section=24#
306476 - Рама для углового соединения OptiBox M, В=2200 Ш/Г=800;306476;306476;Под заказ;https://intelka-shop.ru/proizvoditeli/keaz/?section=24#
306475 - Рама для углового соединения OptiBox M, В=2200 Ш/Г=600;306475;306475;Под заказ;https://intelka-shop.ru/proizvoditeli/keaz/?section=24#
306474 - Рама для углового соединения OptiBox M, В=2200 Ш/Г=400;306474;306474;Под заказ;https://intelka-shop.ru/proizvoditeli/keaz/?section=24#
306473 - Рама для углового соединения OptiBox M, В=2000 Ш/Г=800;306473;306473;Под заказ;https://intelka-shop.ru/proizvoditeli/keaz/?section=24#
306472 - Рама для углового соединения OptiBox M, В=2000 Ш/Г=600;306472;306472;Под заказ;https://intelka-shop.ru/proizvoditeli/keaz/?section=24#
306471 - Рама для углового соединения OptiBox M, В=2000 Ш/Г=400;306471;306471;Под заказ;https://intelka-shop.ru/proizvoditeli/keaz/?section=24#
306470 - Рама для углового соединения OptiBox M, В=1800 Ш/Г=800;306470;306470;Под заказ;https://intelka-shop.ru/proizvoditeli/keaz/?section=24#
306469 - Рама для углового соединения OptiBox M, В=1800 Ш/Г=600;306469;306469;Под заказ;https://intelka-shop.ru/proizvoditeli/keaz/?section=24#
306468 - Рама для углового соединения OptiBox M, В=1800 Ш/Г=400;306468;306468;Под заказ;https://intelka-shop.ru/proizvoditeli/keaz/?section=24#
306520 - Полка фиксированная, Г=800 мм, для шкафов OptiBox M шириной 800 мм;306520;306520;Под заказ;https://intelka-shop.ru/proizvoditeli/keaz/?section=24#
306518 - Полка фиксированная, Г=800 мм, для шкафов OptiBox M шириной 600 мм;306518;306518;Под заказ;https://intelka-shop.ru/proizvoditeli/keaz/?section=24#
306501 - Полка фиксированная, Г=800 мм, для шкафов OptiBox M шириной 400 мм;306501;306501;Под заказ;https://intelka-shop.ru/proizvoditeli/keaz/?section=24#
306498 - Полка фиксированная, Г=800 мм, для шкафов OptiBox M шириной 1000 мм;306498;306498;Под заказ;https://intelka-shop.ru/proizvoditeli/keaz/?section=24#
306519 - Полка фиксированная, Г=600 мм, для шкафов OptiBox M шириной 800 мм;306519;306519;Под заказ;https://intelka-shop.ru/proizvoditeli/keaz/?section=24#
306517 - Полка фиксированная, Г=600 мм, для шкафов OptiBox M шириной 600 мм;306517;306517;Под заказ;https://intelka-shop.ru/proizvoditeli/keaz/?section=24#
306500 - Полка фиксированная, Г=600 мм, для шкафов OptiBox M шириной 400 мм;306500;306500;Под заказ;https://intelka-shop.ru/proizvoditeli/keaz/?section=24#
306497 - Полка фиксированная, Г=600 мм, для шкафов OptiBox M шириной 1000 мм;306497;306497;Под заказ;https://intelka-shop.ru/proizvoditeli/keaz/?section=24#
306503 - Полка фиксированная, Г=400 мм, для шкафов OptiBox M шириной 800 мм;306503;306503;Под заказ;https://intelka-shop.ru/proizvoditeli/keaz/?section=24#
306502 - Полка фиксированная, Г=400 мм, для шкафов OptiBox M шириной 600 мм;306502;306502;Под заказ;https://intelka-shop.ru/proizvoditeli/keaz/?section=24#
306499 - Полка фиксированная, Г=400 мм, для шкафов OptiBox M шириной 400 мм;306499;306499;Под заказ;https://intelka-shop.ru/proizvoditeli/keaz/?section=24#
306496 - Полка фиксированная, Г=400 мм, для шкафов OptiBox M шириной 1000 мм;306496;306496;Под заказ;https://intelka-shop.ru/proizvoditeli/keaz/?section=24#
306512 - Полка усиленная фиксированная, Г=800 мм, для шкафов OptiBox M шириной 800 мм;306512;306512;Под заказ;https://intelka-shop.ru/proizvoditeli/keaz/?section=24#
306507 - Полка усиленная фиксированная, Г=800 мм, для шкафов OptiBox M шириной 1000 мм;306507;306507;Под заказ;https://intelka-shop.ru/proizvoditeli/keaz/?section=24#
306511 - Полка усиленная фиксированная, Г=600 мм, для шкафов OptiBox M шириной 800 мм;306511;306511;Под заказ;https://intelka-shop.ru/proizvoditeli/keaz/?section=24#
306509 - Полка усиленная фиксированная, Г=600 мм, для шкафов OptiBox M шириной 600 мм;306509;306509;Под заказ;https://intelka-shop.ru/proizvoditeli/keaz/?section=24#
306506 - Полка усиленная фиксированная, Г=600 мм, для шкафов OptiBox M шириной 1000 мм;306506;306506;Под заказ;https://intelka-shop.ru/proizvoditeli/keaz/?section=24#
306510 - Полка усиленная фиксированная, Г=1000 мм, для шкафов OptiBox M шириной 800 мм;306510;306510;Под заказ;https://intelka-shop.ru/proizvoditeli/keaz/?section=24#
306508 - Полка усиленная фиксированная, Г=1000 мм, для шкафов OptiBox M шириной 600 мм;306508;306508;Под заказ;https://intelka-shop.ru/proizvoditeli/keaz/?section=24#
306505 - Полка усиленная выдвижная, 5 сегментов, Г=1000 мм, для шкафов OptiBox M шириной 600 мм;306505;306505;Под заказ;https://intelka-shop.ru/proizvoditeli/keaz/?section=24#
306504 - Полка усиленная выдвижная, 3 сегмента, Г=1000 мм, для шкафов OptiBox M шириной 600 мм;306504;306504;Под заказ;https://intelka-shop.ru/proizvoditeli/keaz/?section=24#
306523 - Полка дверная, для шкафов OptiBox M шириной 800 мм;306523;306523;Под заказ;https://intelka-shop.ru/proizvoditeli/keaz/?section=24#
306522 - Полка дверная, для шкафов OptiBox M шириной 600 мм;306522;306522;Под заказ;https://intelka-shop.ru/proizvoditeli/keaz/?section=24#
306521 - Полка дверная, для шкафов OptiBox M шириной 1000 мм;306521;306521;Под заказ;https://intelka-shop.ru/proizvoditeli/keaz/?section=24#
306516 - Полка выдвижная, Г=800 мм, для шкафов OptiBox M шириной 800 мм;306516;306516;Под заказ;https://intelka-shop.ru/proizvoditeli/keaz/?section=24#
306514 - Полка выдвижная, Г=800 мм, для шкафов OptiBox M шириной 600 мм;306514;306514;Под заказ;https://intelka-shop.ru/proizvoditeli/keaz/?section=24#
306431 - Козырек оперативного обозначения, Ш=800мм;306431;306431;Под заказ;https://intelka-shop.ru/proizvoditeli/keaz/?section=24#
306430 - Козырек оперативного обозначения, Ш=600мм;306430;306430;Под заказ;https://intelka-shop.ru/proizvoditeli/keaz/?section=24#
306429 - Козырек оперативного обозначения, Ш=400мм;306429;306429;Под заказ;https://intelka-shop.ru/proizvoditeli/keaz/?section=24#
306428 - Козырек оперативного обозначения, Ш=1000мм;306428;306428;Под заказ;https://intelka-shop.ru/proizvoditeli/keaz/?section=24#
306460 - Ключ металлический треугольного профиля 8мм;306460;306460;Под заказ;https://intelka-shop.ru/proizvoditeli/keaz/?section=24#
306459 - Ключ металлический треугольного профиля 7мм;306459;306459;Под заказ;https://intelka-shop.ru/proizvoditeli/keaz/?section=24#
306456 - Ключ металлический с двойной бородкой 3мм;306456;306456;Под заказ;https://intelka-shop.ru/proizvoditeli/keaz/?section=24#
306458 - Ключ металлический квадратного профиля 8мм;306458;306458;Под заказ;https://intelka-shop.ru/proizvoditeli/keaz/?section=24#
306457 - Ключ металлический квадратного профиля 7мм;306457;306457;Под заказ;https://intelka-shop.ru/proizvoditeli/keaz/?section=24#
306463 - Карман для документации, пластиковый;306463;306463;В наличии;https://intelka-shop.ru/proizvoditeli/keaz/?section=24#
306467 - Карман для документации, металлический, для дверей шириной 800 мм;306467;306467;Под заказ;https://intelka-shop.ru/proizvoditeli/keaz/?section=24#
306466 - Карман для документации, металлический, для дверей шириной 600 мм;306466;306466;Под заказ;https://intelka-shop.ru/proizvoditeli/keaz/?section=24#
306465 - Карман для документации, металлический, для дверей шириной 500 мм;306465;306465;Под заказ;https://intelka-shop.ru/proizvoditeli/keaz/?section=24#
306464 - Карман для документации, металлический, для дверей шириной 1000 мм;306464;306464;Под заказ;https://intelka-shop.ru/proizvoditeli/keaz/?section=24#
307603 - Изолятор опорный перфорированный, 800мм, 1шт;307603;307603;Под заказ;https://intelka-shop.ru/proizvoditeli/keaz/?section=24#
307602 - Изолятор опорный перфорированный, 600мм, 1шт;307602;307602;Под заказ;https://intelka-shop.ru/proizvoditeli/keaz/?section=24#
307601 - Изолятор опорный перфорированный, 400мм, 1шт;307601;307601;Под заказ;https://intelka-shop.ru/proizvoditeli/keaz/?section=24#
307604 - Изолятор опорный перфорированный, 1000мм, 1шт;307604;307604;Под заказ;https://intelka-shop.ru/proizvoditeli/keaz/?section=24#
307605 - Изолятор опорный глухой, 2000мм, 1шт;307605;307605;Под заказ;https://intelka-shop.ru/proizvoditeli/keaz/?section=24#
306446 - Дверь внутренняя для шкафов OptiBox M 2200x800 мм;306446;306446;Под заказ;https://intelka-shop.ru/proizvoditeli/keaz/?section=24#
306445 - Дверь внутренняя для шкафов OptiBox M 2200x600 мм;306445;306445;Под заказ;https://intelka-shop.ru/proizvoditeli/keaz/?section=24#
306444 - Дверь внутренняя для шкафов OptiBox M 2200x1000 мм;306444;306444;Под заказ;https://intelka-shop.ru/proizvoditeli/keaz/?section=24#
306443 - Дверь внутренняя для шкафов OptiBox M 2000x800 мм;306443;306443;Под заказ;https://intelka-shop.ru/proizvoditeli/keaz/?section=24#
306442 - Дверь внутренняя для шкафов OptiBox M 2000x600 мм;306442;306442;Под заказ;https://intelka-shop.ru/proizvoditeli/keaz/?section=24#
306441 - Дверь внутренняя для шкафов OptiBox M 2000x1000 мм;306441;306441;Под заказ;https://intelka-shop.ru/proizvoditeli/keaz/?section=24#
306440 - Дверь внутренняя для шкафов OptiBox M 1800x800 мм;306440;306440;Под заказ;https://intelka-shop.ru/proizvoditeli/keaz/?section=24#
306439 - Дверь внутренняя для шкафов OptiBox M 1800x600 мм;306439;306439;Под заказ;https://intelka-shop.ru/proizvoditeli/keaz/?section=24#
306438 - Дверь внутренняя для шкафов OptiBox M 1800x1000 мм;306438;306438;Под заказ;https://intelka-shop.ru/proizvoditeli/keaz/?section=24#
306532 - Гайки специальные, М8, 1 упаковка - 50 шт.;306532;306532;Под заказ;https://intelka-shop.ru/proizvoditeli/keaz/?section=24#
308258 - Гайки специальные, М6, 1 упаковка - 50 шт;308258;308258;Под заказ;https://intelka-shop.ru/proizvoditeli/keaz/?section=24#
306528 - Винты самонарезающие, М4.8x12, 1 упаковка - 50 шт.;306528;306528;Под заказ;https://intelka-shop.ru/proizvoditeli/keaz/?section=24#
306530 - Баллончик распылитель с краской, RAL 7035;306530;306530;Под заказ;https://intelka-shop.ru/proizvoditeli/keaz/?section=24#
306529 - Баллончик распылитель с краской, RAL 7032;306529;306529;Под заказ;https://intelka-shop.ru/proizvoditeli/keaz/?section=24#
306533 - Баллончик распылитель с краской, RAL 7011;306533;306533;Под заказ;https://intelka-shop.ru/proizvoditeli/keaz/?section=24#
306435 - Балка транспортная 800мм (400+400), 1кмп=2шт.;306435;306435;Под заказ;https://intelka-shop.ru/proizvoditeli/keaz/?section=24#
306434 - Балка транспортная 600мм, 1кмп=2шт.;306434;306434;Под заказ;https://intelka-shop.ru/proizvoditeli/keaz/?section=24#
306433 - Балка транспортная 400мм, 1кмп=2шт.;306433;306433;Под заказ;https://intelka-shop.ru/proizvoditeli/keaz/?section=24#
306432 - Балка транспортная 300мм, 1кмп=2шт.;306432;306432;Под заказ;https://intelka-shop.ru/proizvoditeli/keaz/?section=24#
306437 - Балка транспортная 1200мм (400+800, 600+600), 1кмп=2шт.;306437;306437;Под заказ;https://intelka-shop.ru/proizvoditeli/keaz/?section=24#
306436 - Балка транспортная 1000мм (400+600), 1кмп=2шт.;306436;306436;Под заказ;https://intelka-shop.ru/proizvoditeli/keaz/?section=24#
308237 - Фланец для ввода кабелей FL21, 6 вводов D6-59 мм IP65;308237;308237;Под заказ;https://intelka-shop.ru/proizvoditeli/keaz/?section=24#
308233 - Фланец для ввода кабелей FL21, 50 вводов D7-25 мм IP65;308233;308233;Под заказ;https://intelka-shop.ru/proizvoditeli/keaz/?section=24#
308232 - Фланец для ввода кабелей FL21, 36 вводов D4-32 мм IP65;308232;308232;Под заказ;https://intelka-shop.ru/proizvoditeli/keaz/?section=24#
308234 - Фланец для ввода кабелей FL21, 35 вводов D6-32 мм IP65;308234;308234;Под заказ;https://intelka-shop.ru/proizvoditeli/keaz/?section=24#
306515 - Полка выдвижная, Г=600 мм, для шкафов OptiBox M шириной 800 мм;306515;306515;Под заказ;https://intelka-shop.ru/proizvoditeli/keaz/?section=24#
306513 - Полка выдвижная, Г=600 мм, для шкафов OptiBox M шириной 600 мм;306513;306513;Под заказ;https://intelka-shop.ru/proizvoditeli/keaz/?section=24#
306495 - Полка выдвижная, Г=400 мм, для шкафов OptiBox M шириной 800 мм;306495;306495;Под заказ;https://intelka-shop.ru/proizvoditeli/keaz/?section=24#
306494 - Полка выдвижная, Г=400 мм, для шкафов OptiBox M шириной 600 мм;306494;306494;Под заказ;https://intelka-shop.ru/proizvoditeli/keaz/?section=24#
306546 - Петли 180 градусов, 1 упаковка - 4шт.;306546;306546;Под заказ;https://intelka-shop.ru/proizvoditeli/keaz/?section=24#
306427 - Панель верхняя под фланец FL21, 800x800мм;306427;306427;Под заказ;https://intelka-shop.ru/proizvoditeli/keaz/?section=24#
306426 - Панель верхняя под фланец FL21, 800x600мм;306426;306426;Под заказ;https://intelka-shop.ru/proizvoditeli/keaz/?section=24#
306425 - Панель верхняя под фланец FL21, 800x400мм;306425;306425;Под заказ;https://intelka-shop.ru/proizvoditeli/keaz/?section=24#
306424 - Панель верхняя под фланец FL21, 600x800мм;306424;306424;Под заказ;https://intelka-shop.ru/proizvoditeli/keaz/?section=24#
306423 - Панель верхняя под фланец FL21, 600x600мм;306423;306423;Под заказ;https://intelka-shop.ru/proizvoditeli/keaz/?section=24#
306422 - Панель верхняя под фланец FL21, 600x400мм;306422;306422;Под заказ;https://intelka-shop.ru/proizvoditeli/keaz/?section=24#
306421 - Панель верхняя под фланец FL21, 400x800мм;306421;306421;Под заказ;https://intelka-shop.ru/proizvoditeli/keaz/?section=24#
306420 - Панель верхняя под фланец FL21, 400x600мм;306420;306420;Под заказ;https://intelka-shop.ru/proizvoditeli/keaz/?section=24#
306419 - Панель верхняя под фланец FL21, 400x400мм;306419;306419;Под заказ;https://intelka-shop.ru/proizvoditeli/keaz/?section=24#
306418 - Панель верхняя под фланец FL21, 1000x800мм;306418;306418;Под заказ;https://intelka-shop.ru/proizvoditeli/keaz/?section=24#
306417 - Панель верхняя под фланец FL21, 1000x600мм;306417;306417;Под заказ;https://intelka-shop.ru/proizvoditeli/keaz/?section=24#
306416 - Панель верхняя под фланец FL21, 1000x400мм;306416;306416;Под заказ;https://intelka-shop.ru/proizvoditeli/keaz/?section=24#
306524 - Ограничитель угла открытия секционной внешней двери, 90 градусов;306524;306524;В наличии;https://intelka-shop.ru/proizvoditeli/keaz/?section=24#
306535 - Ограничитель угла открытия двери, 90 градусов;306535;306535;В наличии;https://intelka-shop.ru/proizvoditeli/keaz/?section=24#
306536 - Ограничитель угла открытия двери, 90 град, для прозрачных дверей Ш=800, 1000мм;306536;306536;Под заказ;https://intelka-shop.ru/proizvoditeli/keaz/?section=24#
306454 - Личинка замка, для малой ручки, под ключ треугольного профиля 8мм;306454;306454;Под заказ;https://intelka-shop.ru/proizvoditeli/keaz/?section=24#
306453 - Личинка замка, для малой ручки, под ключ треугольного профиля 7мм;306453;306453;Под заказ;https://intelka-shop.ru/proizvoditeli/keaz/?section=24#
306455 - Личинка замка, для малой ручки, под ключ с двойной бородкой 3мм;306455;306455;Под заказ;https://intelka-shop.ru/proizvoditeli/keaz/?section=24#
306452 - Личинка замка, для малой ручки, под ключ квадратного профиля 8мм;306452;306452;Под заказ;https://intelka-shop.ru/proizvoditeli/keaz/?section=24#
306451 - Личинка замка, для малой ручки, под ключ квадратного профиля 7мм;306451;306451;Под заказ;https://intelka-shop.ru/proizvoditeli/keaz/?section=24#
308213 - Комплект усиления для шкафа OptiBox M В2000хШ800хГ800 мм;308213;308213;Под заказ;https://intelka-shop.ru/proizvoditeli/keaz/?section=24#
308214 - Комплект усиления для шкафа OptiBox M В2000хШ800хГ600 мм;308214;308214;Под заказ;https://intelka-shop.ru/proizvoditeli/keaz/?section=24#
308215 - Комплект усиления для шкафа OptiBox M В2000хШ800хГ400 мм;308215;308215;Под заказ;https://intelka-shop.ru/proizvoditeli/keaz/?section=24#
308216 - Комплект усиления для шкафа OptiBox M В2000хШ600хГ800 мм;308216;308216;Под заказ;https://intelka-shop.ru/proizvoditeli/keaz/?section=24#
308217 - Комплект усиления для шкафа OptiBox M В2000хШ600хГ600 мм;308217;308217;Под заказ;https://intelka-shop.ru/proizvoditeli/keaz/?section=24#
308218 - Комплект усиления для шкафа OptiBox M В2000хШ600хГ400 мм;308218;308218;Под заказ;https://intelka-shop.ru/proizvoditeli/keaz/?section=24#
308219 - Комплект усиления для шкафа OptiBox M В1800хШ800хГ800 мм;308219;308219;Под заказ;https://intelka-shop.ru/proizvoditeli/keaz/?section=24#
308220 - Комплект усиления для шкафа OptiBox M В1800хШ800хГ600 мм;308220;308220;Под заказ;https://intelka-shop.ru/proizvoditeli/keaz/?section=24#
308221 - Комплект усиления для шкафа OptiBox M В1800хШ800хГ400 мм;308221;308221;Под заказ;https://intelka-shop.ru/proizvoditeli/keaz/?section=24#
308222 - Комплект усиления для шкафа OptiBox M В1800хШ600хГ800 мм;308222;308222;Под заказ;https://intelka-shop.ru/proizvoditeli/keaz/?section=24#
308223 - Комплект усиления для шкафа OptiBox M В1800хШ600хГ600 мм;308223;308223;Под заказ;https://intelka-shop.ru/proizvoditeli/keaz/?section=24#
308224 - Комплект усиления для шкафа OptiBox M В1800хШ600хГ400 мм;308224;308224;Под заказ;https://intelka-shop.ru/proizvoditeli/keaz/?section=24#
307631 - Комплект реек для установки главной шинной системы, 500мм;307631;307631;Под заказ;https://intelka-shop.ru/proizvoditeli/keaz/?section=24#
307630 - Комплект реек для установки главной шинной системы, 475мм;307630;307630;Под заказ;https://intelka-shop.ru/proizvoditeli/keaz/?section=24#
307629 - Комплект реек для установки главной шинной системы, 450мм;307629;307629;Под заказ;https://intelka-shop.ru/proizvoditeli/keaz/?section=24#
307628 - Комплект реек для установки главной шинной системы, 425мм;307628;307628;Под заказ;https://intelka-shop.ru/proizvoditeli/keaz/?section=24#
307627 - Комплект реек для установки главной шинной системы, 400мм;307627;307627;Под заказ;https://intelka-shop.ru/proizvoditeli/keaz/?section=24#
307626 - Комплект реек для установки главной шинной системы, 375мм;307626;307626;Под заказ;https://intelka-shop.ru/proizvoditeli/keaz/?section=24#
307625 - Комплект реек для установки главной шинной системы, 350мм;307625;307625;Под заказ;https://intelka-shop.ru/proizvoditeli/keaz/?section=24#
307624 - Комплект реек для установки главной шинной системы, 325мм;307624;307624;Под заказ;https://intelka-shop.ru/proizvoditeli/keaz/?section=24#
307623 - Комплект реек для установки главной шинной системы, 300мм;307623;307623;Под заказ;https://intelka-shop.ru/proizvoditeli/keaz/?section=24#
307622 - Комплект реек для установки главной шинной системы, 275мм;307622;307622;Под заказ;https://intelka-shop.ru/proizvoditeli/keaz/?section=24#
307621 - Комплект реек для установки главной шинной системы, 250мм;307621;307621;Под заказ;https://intelka-shop.ru/proizvoditeli/keaz/?section=24#
307620 - Комплект реек для установки главной шинной системы, 225мм;307620;307620;Под заказ;https://intelka-shop.ru/proizvoditeli/keaz/?section=24#
307618 - Комплект реек для установки главной шинной системы, 200мм;307618;307618;Под заказ;https://intelka-shop.ru/proizvoditeli/keaz/?section=24#
307619 - Комплект реек для установки главной шинной системы, 2000мм;307619;307619;Под заказ;https://intelka-shop.ru/proizvoditeli/keaz/?section=24#
307617 - Комплект реек для установки главной шинной системы, 175мм;307617;307617;Под заказ;https://intelka-shop.ru/proizvoditeli/keaz/?section=24#
307615 - Комплект проставок, наборный, 10мм;307615;307615;Под заказ;https://intelka-shop.ru/proizvoditeli/keaz/?section=24#
307633 - Комплект опорных кронштейнов ступенчатой шинной системы, левый+правый, 4P;307633;307633;Под заказ;https://intelka-shop.ru/proizvoditeli/keaz/?section=24#
307632 - Комплект опорных кронштейнов ступенчатой шинной системы, левый+правый, 3P;307632;307632;Под заказ;https://intelka-shop.ru/proizvoditeli/keaz/?section=24#
308231 - Комплект объединения спина к спине 2000x600мм;308231;308231;Под заказ;https://intelka-shop.ru/proizvoditeli/keaz/?section=24#
306493 - Комплект объединения спина к спине 2200x800мм;306493;306493;Под заказ;https://intelka-shop.ru/proizvoditeli/keaz/?section=24#
306492 - Комплект объединения спина к спине 2200x600мм;306492;306492;Под заказ;https://intelka-shop.ru/proizvoditeli/keaz/?section=24#
306491 - Комплект объединения спина к спине 2200x400мм;306491;306491;Под заказ;https://intelka-shop.ru/proizvoditeli/keaz/?section=24#
306490 - Комплект объединения спина к спине 2200x300мм;306490;306490;Под заказ;https://intelka-shop.ru/proizvoditeli/keaz/?section=24#
306489 - Комплект объединения спина к спине 2200x1200мм;306489;306489;Под заказ;https://intelka-shop.ru/proizvoditeli/keaz/?section=24#
306488 - Комплект объединения спина к спине 2200x1000мм;306488;306488;Под заказ;https://intelka-shop.ru/proizvoditeli/keaz/?section=24#
306487 - Комплект объединения спина к спине 2000x800мм;306487;306487;Под заказ;https://intelka-shop.ru/proizvoditeli/keaz/?section=24#
306486 - Комплект объединения спина к спине 2000x400мм;306486;306486;Под заказ;https://intelka-shop.ru/proizvoditeli/keaz/?section=24#
306485 - Комплект объединения спина к спине 2000x300мм;306485;306485;Под заказ;https://intelka-shop.ru/proizvoditeli/keaz/?section=24#
306484 - Комплект объединения спина к спине 2000x1200мм;306484;306484;Под заказ;https://intelka-shop.ru/proizvoditeli/keaz/?section=24#
306483 - Комплект объединения спина к спине 2000x1000мм;306483;306483;Под заказ;https://intelka-shop.ru/proizvoditeli/keaz/?section=24#
306482 - Комплект объединения спина к спине 1800x800мм;306482;306482;Под заказ;https://intelka-shop.ru/proizvoditeli/keaz/?section=24#
306481 - Комплект объединения спина к спине 1800x600мм;306481;306481;Под заказ;https://intelka-shop.ru/proizvoditeli/keaz/?section=24#
306480 - Комплект объединения спина к спине 1800x400мм;306480;306480;Под заказ;https://intelka-shop.ru/proizvoditeli/keaz/?section=24#
306479 - Комплект объединения спина к спине 1800x300мм;306479;306479;Под заказ;https://intelka-shop.ru/proizvoditeli/keaz/?section=24#
306478 - Комплект объединения спина к спине 1800x1200мм;306478;306478;Под заказ;https://intelka-shop.ru/proizvoditeli/keaz/?section=24#
306477 - Комплект объединения спина к спине 1800x1000мм;306477;306477;Под заказ;https://intelka-shop.ru/proizvoditeli/keaz/?section=24#
307640 - Комплект метизов для сборки главной шинной системы, 200мм;307640;307640;Под заказ;https://intelka-shop.ru/proizvoditeli/keaz/?section=24#
307639 - Комплект метизов для сборки главной шинной системы, 180мм;307639;307639;Под заказ;https://intelka-shop.ru/proizvoditeli/keaz/?section=24#
307638 - Комплект метизов для сборки главной шинной системы, 140мм;307638;307638;Под заказ;https://intelka-shop.ru/proizvoditeli/keaz/?section=24#
307634 - Комплект кронштейнов крепления опорного изолятора, 2шт;307634;307634;Под заказ;https://intelka-shop.ru/proizvoditeli/keaz/?section=24#
307635 - Комплект кронштейнов для монтажа главной шинной системы;307635;307635;Под заказ;https://intelka-shop.ru/proizvoditeli/keaz/?section=24#
307612 - Комплект изоляторов главной шинной системы 2-3 шины на полюс, толщиной 5мм, 4Р;307612;307612;Под заказ;https://intelka-shop.ru/proizvoditeli/keaz/?section=24#
307611 - Комплект изоляторов главной шинной системы 2-3 шины на полюс, толщиной 5мм, 3Р;307611;307611;Под заказ;https://intelka-shop.ru/proizvoditeli/keaz/?section=24#
307614 - Комплект изоляторов главной шинной системы 2-3 шины на полюс, толщиной 10мм, 4Р;307614;307614;Под заказ;https://intelka-shop.ru/proizvoditeli/keaz/?section=24#
307613 - Комплект изоляторов главной шинной системы 2-3 шины на полюс, толщиной 10мм, 3Р;307613;307613;Под заказ;https://intelka-shop.ru/proizvoditeli/keaz/?section=24#
307608 - Комплект изоляторов главной шинной системы 1-2 шины на полюс, толщиной 5мм, 4Р;307608;307608;Под заказ;https://intelka-shop.ru/proizvoditeli/keaz/?section=24#
307607 - Комплект изоляторов главной шинной системы 1-2 шины на полюс, толщиной 5мм, 3Р;307607;307607;Под заказ;https://intelka-shop.ru/proizvoditeli/keaz/?section=24#
307610 - Комплект изоляторов главной шинной системы 1-2 шины на полюс, толщиной 10мм, 4Р;307610;307610;Под заказ;https://intelka-shop.ru/proizvoditeli/keaz/?section=24#
307609 - Комплект изоляторов главной шинной системы 1-2 шины на полюс, толщиной 10мм, 3Р;307609;307609;Под заказ;https://intelka-shop.ru/proizvoditeli/keaz/?section=24#
307606 - Комплект изолятора ступенчатой шинной системы;307606;307606;Под заказ;https://intelka-shop.ru/proizvoditeli/keaz/?section=24#
307637 - Комплект зашитного кожуха ступенчатой шинной системы 4P;307637;307637;Под заказ;https://intelka-shop.ru/proizvoditeli/keaz/?section=24#
307636 - Комплект зашитного кожуха ступенчатой шинной системы 3P;307636;307636;Под заказ;https://intelka-shop.ru/proizvoditeli/keaz/?section=24#
306450 - Комплект замка, для OptiBox M, поворотная ручка, двойная бородка 3мм;306450;306450;Под заказ;https://intelka-shop.ru/proizvoditeli/keaz/?section=24#
306448 - Комплект замка, для OptiBox M, большая ручка, двойная бородка 3мм;306448;306448;Под заказ;https://intelka-shop.ru/proizvoditeli/keaz/?section=24#
306447 - Комплект замка для OptiBox M, поворотная ручка, цилиндрическая личинка;306447;306447;Под заказ;https://intelka-shop.ru/proizvoditeli/keaz/?section=24#
306595 - Комплект для соединения шкафов OptiBox M;306595;306595;Под заказ;https://intelka-shop.ru/proizvoditeli/keaz/?section=24#
307616 - Комплект для расширения межфазного расстояния;307616;307616;Под заказ;https://intelka-shop.ru/proizvoditeli/keaz/?section=24#
306552 - Комплект для изменения перфорации на внутренней стороне стойки рамы, 1 упаковка - 8 шт;306552;306552;Под заказ;https://intelka-shop.ru/proizvoditeli/keaz/?section=24#
306555 - Комплект держателей перфокороба, фронтальных, 1 упаковка - 4 шт;306555;306555;Под заказ;https://intelka-shop.ru/proizvoditeli/keaz/?section=24#
306554 - Комплект держателей перфокороба, задних, 1 упаковка - 4 шт;306554;306554;Под заказ;https://intelka-shop.ru/proizvoditeli/keaz/?section=24#
306550 - Комплект держателей перфокороба, для отверстия 96x96мм, 1 упаковка - 10 шт.;306550;306550;Под заказ;https://intelka-shop.ru/proizvoditeli/keaz/?section=24#
306549 - Комплект держателей перфокороба, для отверстия 72x72мм, 1 упаковка - 10 шт.;306549;306549;Под заказ;https://intelka-shop.ru/proizvoditeli/keaz/?section=24#
306548 - Комплект держателей перфокороба, для отверстия 30мм, 1 упаковка - 30 шт.;306548;306548;Под заказ;https://intelka-shop.ru/proizvoditeli/keaz/?section=24#
306547 - Комплект держателей перфокороба, для отверстия 22мм, 1 упаковка - 50 шт.;306547;306547;Под заказ;https://intelka-shop.ru/proizvoditeli/keaz/?section=24#
308259 - Комплект гаек закладных М8, 1 упаковка - 50 шт;308259;308259;Под заказ;https://intelka-shop.ru/proizvoditeli/keaz/?section=24#
308260 - Комплект гаек закладных М6, 1 упаковка - 50 шт;308260;308260;Под заказ;https://intelka-shop.ru/proizvoditeli/keaz/?section=24#
317950 - Комплект внутренний вертикальной установки 3п OptiMat D630 (F, P) Ш=600 В=350;317950;317950;Под заказ;https://intelka-shop.ru/proizvoditeli/keaz/?section=24#
306829 - Комплект внутренний вертикальной установки 3п OptiMat D250 (W,W-MO) Ш=800 В=250;306829;306829;Под заказ;https://intelka-shop.ru/proizvoditeli/keaz/?section=24#
306814 - Комплект внутренний вертикальной установки 3п OptiMat D250 (W,W-MO) Ш=600 В=250;306814;306814;Под заказ;https://intelka-shop.ru/proizvoditeli/keaz/?section=24#
306765 - Комплект внешний горизонтальной установки 3п OptiMat D250 (F,F-MO,P,P-MO) Ш=600 В=150;306765;306765;Под заказ;https://intelka-shop.ru/proizvoditeli/keaz/?section=24#
306756 - Комплект внешний горизонтальной установки 3п OptiMat E250(F) Ш600 В150;306756;306756;Под заказ;https://intelka-shop.ru/proizvoditeli/keaz/?section=24#
306755 - Комплект внешний горизонтальной установки 3п OptiMat E100(F) Ш600 В150;306755;306755;Под заказ;https://intelka-shop.ru/proizvoditeli/keaz/?section=24#
306760 - Комплект внешний горизонтальной установки 3п OptiMat D630 (W-MO) Ш=600 В=300;306760;306760;Под заказ;https://intelka-shop.ru/proizvoditeli/keaz/?section=24#
306758 - Комплект внешний горизонтальной установки 3п OptiMat D630 (W) Ш=600 В=300;306758;306758;Под заказ;https://intelka-shop.ru/proizvoditeli/keaz/?section=24#
306757 - Комплект внешний горизонтальной установки 3п OptiMat D630 (P-MO) Ш=600 В=250;306757;306757;Под заказ;https://intelka-shop.ru/proizvoditeli/keaz/?section=24#
306763 - Комплект внешний горизонтальной установки 3п OptiMat D630 (F,F-MO,P) Ш=600 В=200;306763;306763;Под заказ;https://intelka-shop.ru/proizvoditeli/keaz/?section=24#
306761 - Комплект внешний горизонтальной установки 3п OptiMat D250 (W,W-MO) Ш=600 В=250;306761;306761;Под заказ;https://intelka-shop.ru/proizvoditeli/keaz/?section=24#
306793 - Комплект внешний вертикальной установки 3п OptiMat D250 (F,F-MO,P,P-MO) Ш=800 В=250;306793;306793;Под заказ;https://intelka-shop.ru/proizvoditeli/keaz/?section=24#
306778 - Комплект внешний вертикальной установки 3п OptiMat D250 (F,F-MO,P,P-MO) Ш=600 В=250;306778;306778;Под заказ;https://intelka-shop.ru/proizvoditeli/keaz/?section=24#
306782 - Комплект внешний вертикальной установки 3п OptiMat E250(F) Ш800 В200;306782;306782;Под заказ;https://intelka-shop.ru/proizvoditeli/keaz/?section=24#
306769 - Комплект внешний вертикальной установки 3п OptiMat E250(F) Ш600 В200;306769;306769;Под заказ;https://intelka-shop.ru/proizvoditeli/keaz/?section=24#
306781 - Комплект внешний вертикальной установки 3п OptiMat E100(F) Ш800 В150;306781;306781;Под заказ;https://intelka-shop.ru/proizvoditeli/keaz/?section=24#
306768 - Комплект внешний вертикальной установки 3п OptiMat E100(F) Ш600 В150;306768;306768;Под заказ;https://intelka-shop.ru/proizvoditeli/keaz/?section=24#
306787 - Комплект внешний вертикальной установки 3п OptiMat D630 (W,W-MO) Ш=800 В=350;306787;306787;Под заказ;https://intelka-shop.ru/proizvoditeli/keaz/?section=24#
306785 - Комплект внешний вертикальной установки 3п OptiMat D630 (W) Ш=800 В=350;306785;306785;Под заказ;https://intelka-shop.ru/proizvoditeli/keaz/?section=24#
306771 - Комплект внешний вертикальной установки 3п OptiMat D630 (W) Ш=600 В=350;306771;306771;Под заказ;https://intelka-shop.ru/proizvoditeli/keaz/?section=24#
306780 - Комплект внешний вертикальной установки 3п OptiMat D630 (P-MO,W-MO) Ш=600 В=350;306780;306780;Под заказ;https://intelka-shop.ru/proizvoditeli/keaz/?section=24#
306783 - Комплект внешний вертикальной установки 3п OptiMat D630 (P-MO) Ш=800 В=350;306783;306783;Под заказ;https://intelka-shop.ru/proizvoditeli/keaz/?section=24#
306791 - Комплект внешний вертикальной установки 3п OptiMat D630 (F,F-MO,P) Ш=800 В=350;306791;306791;Под заказ;https://intelka-shop.ru/proizvoditeli/keaz/?section=24#
306776 - Комплект внешний вертикальной установки 3п OptiMat D630 (F,F-MO,P) Ш=600 В=350;306776;306776;Под заказ;https://intelka-shop.ru/proizvoditeli/keaz/?section=24#
306789 - Комплект внешний вертикальной установки 3п OptiMat D250 (W,W-MO) Ш=800 В=250;306789;306789;Под заказ;https://intelka-shop.ru/proizvoditeli/keaz/?section=24#
306774 - Комплект внешний вертикальной установки 3п OptiMat D250 (W,W-MO) Ш=600 В=250;306774;306774;Под заказ;https://intelka-shop.ru/proizvoditeli/keaz/?section=24#
306847 - Комплект внешний вертикальной установки 3п OptiMat D1600(W) Ш600 В650;306847;306847;Под заказ;https://intelka-shop.ru/proizvoditeli/keaz/?section=24#
309028 - Комплект установки стационарного 3п OptiMat A-S4 В600 Ш800;309028;309028;Под заказ;https://intelka-shop.ru/proizvoditeli/keaz/?section=24#
309031 - Комплект установки выкатного 3п OptiMat A-S4 В600 Ш800;309031;309031;Под заказ;https://intelka-shop.ru/proizvoditeli/keaz/?section=24#
306845 - Комплект установки 4п OptiMat A-S4 стационарный В600 Ш800;306845;306845;Под заказ;https://intelka-shop.ru/proizvoditeli/keaz/?section=24#
306846 - Комплект установки 4п OptiMat A-S4 выкатной В600 Ш800;306846;306846;Под заказ;https://intelka-shop.ru/proizvoditeli/keaz/?section=24#
306843 - Комплект установки 4п OptiMat A-S2 стационарный В600 Ш800;306843;306843;Под заказ;https://intelka-shop.ru/proizvoditeli/keaz/?section=24#
306844 - Комплект установки 4п OptiMat A-S2 выкатной В600 Ш800;306844;306844;Под заказ;https://intelka-shop.ru/proizvoditeli/keaz/?section=24#
306842 - Комплект установки 3п OptiMat A-S6 выкатной В600 Ш1200;306842;306842;Под заказ;https://intelka-shop.ru/proizvoditeli/keaz/?section=24#
306841 - Комплект установки 3п OptiMat A-S5 выкатной В600 Ш1000;306841;306841;Под заказ;https://intelka-shop.ru/proizvoditeli/keaz/?section=24#
306839 - Комплект установки 3п OptiMat A-S4 стационарный В600 Ш600;306839;306839;Под заказ;https://intelka-shop.ru/proizvoditeli/keaz/?section=24#
306840 - Комплект установки 3п OptiMat A-S4 выкатной В600 Ш600;306840;306840;Под заказ;https://intelka-shop.ru/proizvoditeli/keaz/?section=24#
306837 - Комплект установки 3п OptiMat A-S2 стационарный В600 Ш600;306837;306837;Под заказ;https://intelka-shop.ru/proizvoditeli/keaz/?section=24#
306838 - Комплект установки 3п OptiMat A-S2 выкатной В600 Ш600;306838;306838;Под заказ;https://intelka-shop.ru/proizvoditeli/keaz/?section=24#
306835 - Комплект установки 3п OptiMat A-S1 стационарный В600 Ш600;306835;306835;Под заказ;https://intelka-shop.ru/proizvoditeli/keaz/?section=24#
306836 - Комплект установки 3п OptiMat A-S1 выкатной В600 Ш600;306836;306836;Под заказ;https://intelka-shop.ru/proizvoditeli/keaz/?section=24#
306862 - Комплект универсальный для внутренней установки В=350мм, Ш=600мм;306862;306862;Под заказ;https://intelka-shop.ru/proizvoditeli/keaz/?section=24#
306867 - Комплект универсальный для внутренней установки В=350 мм, Ш=800 мм;306867;306867;Под заказ;https://intelka-shop.ru/proizvoditeli/keaz/?section=24#
306861 - Комплект универсальный для внутренней установки В=300мм, Ш=600мм;306861;306861;Под заказ;https://intelka-shop.ru/proizvoditeli/keaz/?section=24#
306866 - Комплект универсальный для внутренней установки В=300 мм, Ш=800 мм;306866;306866;Под заказ;https://intelka-shop.ru/proizvoditeli/keaz/?section=24#
306860 - Комплект универсальный для внутренней установки В=250мм, Ш=600мм;306860;306860;Под заказ;https://intelka-shop.ru/proizvoditeli/keaz/?section=24#
306865 - Комплект универсальный для внутренней установки В=250 мм, Ш=800 мм;306865;306865;Под заказ;https://intelka-shop.ru/proizvoditeli/keaz/?section=24#
306864 - Комплект универсальный для внутренней установки В=200мм, Ш=800мм;306864;306864;Под заказ;https://intelka-shop.ru/proizvoditeli/keaz/?section=24#
306859 - Комплект универсальный для внутренней установки В=200мм, Ш=600мм;306859;306859;Под заказ;https://intelka-shop.ru/proizvoditeli/keaz/?section=24#
306863 - Комплект универсальный для внутренней установки В=150мм, Ш=800мм;306863;306863;Под заказ;https://intelka-shop.ru/proizvoditeli/keaz/?section=24#
306858 - Комплект универсальный для внутренней установки В=150мм, Ш=600мм;306858;306858;Под заказ;https://intelka-shop.ru/proizvoditeli/keaz/?section=24#
306857 - Комплект универсальный внешней установки В=350 Ш=800;306857;306857;Под заказ;https://intelka-shop.ru/proizvoditeli/keaz/?section=24#
306852 - Комплект универсальный внешней установки В=350 Ш=600;306852;306852;Под заказ;https://intelka-shop.ru/proizvoditeli/keaz/?section=24#
306856 - Комплект универсальный внешней установки В=300 Ш=800;306856;306856;Под заказ;https://intelka-shop.ru/proizvoditeli/keaz/?section=24#
306851 - Комплект универсальный внешней установки В=300 Ш=600;306851;306851;Под заказ;https://intelka-shop.ru/proizvoditeli/keaz/?section=24#
306855 - Комплект универсальный внешней установки В=250 Ш=800;306855;306855;Под заказ;https://intelka-shop.ru/proizvoditeli/keaz/?section=24#
306850 - Комплект универсальный внешней установки В=250 Ш=600;306850;306850;Под заказ;https://intelka-shop.ru/proizvoditeli/keaz/?section=24#
306854 - Комплект универсальный внешней установки В=200 Ш=800;306854;306854;Под заказ;https://intelka-shop.ru/proizvoditeli/keaz/?section=24#
306849 - Комплект универсальный внешней установки В=200 Ш=600;306849;306849;Под заказ;https://intelka-shop.ru/proizvoditeli/keaz/?section=24#
306853 - Комплект универсальный внешней установки В=150 Ш=800;306853;306853;Под заказ;https://intelka-shop.ru/proizvoditeli/keaz/?section=24#
306848 - Комплект универсальный внешней установки В=150 Ш=600;306848;306848;Под заказ;https://intelka-shop.ru/proizvoditeli/keaz/?section=24#
306871 - Комплект для модульных устройств 34мод. Ш=800мм В=200мм;306871;306871;Под заказ;https://intelka-shop.ru/proizvoditeli/keaz/?section=24#
306870 - Комплект для модульных устройств 34мод. Ш=800мм В=150мм;306870;306870;Под заказ;https://intelka-shop.ru/proizvoditeli/keaz/?section=24#
306869 - Комплект для модульных устройств 23мод. Ш=600мм В=200мм;306869;306869;Под заказ;https://intelka-shop.ru/proizvoditeli/keaz/?section=24#
306868 - Комплект для модульных устройств 23мод. Ш=600мм В=150мм;306868;306868;Под заказ;https://intelka-shop.ru/proizvoditeli/keaz/?section=24#
306801 - Комплект внутренний горизонтальной установки 3п OptiMat D250 (W,W-MO) Ш=600 В=250;306801;306801;Под заказ;https://intelka-shop.ru/proizvoditeli/keaz/?section=24#
306805 - Комплект внутренний горизонтальной установки 3п OptiMat D250 (F,F-MO,P,P-MO) Ш=600 В=150;306805;306805;Под заказ;https://intelka-shop.ru/proizvoditeli/keaz/?section=24#
306796 - Комплект внутренний горизонтальной установки 3п OptiMat E250(F) Ш600 В150;306796;306796;Под заказ;https://intelka-shop.ru/proizvoditeli/keaz/?section=24#
306795 - Комплект внутренний горизонтальной установки 3п OptiMat E100(F) Ш600 В150;306795;306795;Под заказ;https://intelka-shop.ru/proizvoditeli/keaz/?section=24#
306800 - Комплект внутренний горизонтальной установки 3п OptiMat D630 (W-MO) Ш=600 В=300;306800;306800;Под заказ;https://intelka-shop.ru/proizvoditeli/keaz/?section=24#
306798 - Комплект внутренний горизонтальной установки 3п OptiMat D630 (W) Ш=600 В=300;306798;306798;Под заказ;https://intelka-shop.ru/proizvoditeli/keaz/?section=24#
306797 - Комплект внутренний горизонтальной установки 3п OptiMat D630 (P-MO) Ш=600 В=250;306797;306797;Под заказ;https://intelka-shop.ru/proizvoditeli/keaz/?section=24#
317930 - Комплект внутренний горизонтальной установки 3п OptiMat D630 (F-MO) Ш=600 В=200;317930;317930;Под заказ;https://intelka-shop.ru/proizvoditeli/keaz/?section=24#
317951 - Комплект внутренний горизонтальной установки 3п OptiMat D630 (F, P) Ш=600 В=200;317951;317951;Под заказ;https://intelka-shop.ru/proizvoditeli/keaz/?section=24#
306820 - Комплект внутренний вертикальной установки 3п OptiMat D630 (P-MO,W-MO) Ш=600 В=350;306820;306820;Под заказ;https://intelka-shop.ru/proizvoditeli/keaz/?section=24#
306833 - Комплект внутренний вертикальной установки 3п OptiMat D250 (F,F-MO,P,P-MO) Ш=800 В=250;306833;306833;Под заказ;https://intelka-shop.ru/proizvoditeli/keaz/?section=24#
306818 - Комплект внутренний вертикальной установки 3п OptiMat D250 (F,F-MO,P,P-MO) Ш=600 В=250;306818;306818;Под заказ;https://intelka-shop.ru/proizvoditeli/keaz/?section=24#
306822 - Комплект внутренний вертикальной установки 3п OptiMat E250(F) Ш800 В200;306822;306822;Под заказ;https://intelka-shop.ru/proizvoditeli/keaz/?section=24#
306809 - Комплект внутренний вертикальной установки 3п OptiMat E250(F) Ш600 В200;306809;306809;Под заказ;https://intelka-shop.ru/proizvoditeli/keaz/?section=24#
306821 - Комплект внутренний вертикальной установки 3п OptiMat E100(F) Ш800 В150;306821;306821;Под заказ;https://intelka-shop.ru/proizvoditeli/keaz/?section=24#
306808 - Комплект внутренний вертикальной установки 3п OptiMat E100(F) Ш600 В150;306808;306808;Под заказ;https://intelka-shop.ru/proizvoditeli/keaz/?section=24#
306827 - Комплект внутренний вертикальной установки 3п OptiMat D630 (W-MO) Ш=800 В=350;306827;306827;Под заказ;https://intelka-shop.ru/proizvoditeli/keaz/?section=24#
306825 - Комплект внутренний вертикальной установки 3п OptiMat D630 (W) Ш=800 В=350;306825;306825;Под заказ;https://intelka-shop.ru/proizvoditeli/keaz/?section=24#
306811 - Комплект внутренний вертикальной установки 3п OptiMat D630 (W) Ш=600 В=350;306811;306811;Под заказ;https://intelka-shop.ru/proizvoditeli/keaz/?section=24#
306823 - Комплект внутренний вертикальной установки 3п OptiMat D630 (P-MO) Ш=800 В=350;306823;306823;Под заказ;https://intelka-shop.ru/proizvoditeli/keaz/?section=24#
317949 - Комплект внутренний вертикальной установки 3п OptiMat D630 (F-MO) Ш=800 В=350;317949;317949;Под заказ;https://intelka-shop.ru/proizvoditeli/keaz/?section=24#
317952 - Комплект внутренний вертикальной установки 3п OptiMat D630 (F-MO) Ш=600 В=350;317952;317952;Под заказ;https://intelka-shop.ru/proizvoditeli/keaz/?section=24#
317953 - Комплект внутренний вертикальной установки 3п OptiMat D630 (F, P) Ш=800 В=350;317953;317953;Под заказ;https://intelka-shop.ru/proizvoditeli/keaz/?section=24#
307590 - Стойки вертикальные дополнительные В=2200мм (1921мм), 1кмп=2шт;307590;307590;Под заказ;https://intelka-shop.ru/proizvoditeli/keaz/?section=24#
307589 - Стойки вертикальные дополнительные В=2000мм (1721мм), 1кмп=2шт;307589;307589;Под заказ;https://intelka-shop.ru/proizvoditeli/keaz/?section=24#
307588 - Стойки вертикальные дополнительные В=1800мм (1521мм), 1кмп=2шт;307588;307588;Под заказ;https://intelka-shop.ru/proizvoditeli/keaz/?section=24#
307593 - Стойка задняя В=2200мм, 1кмп=1шт.;307593;307593;Под заказ;https://intelka-shop.ru/proizvoditeli/keaz/?section=24#
307592 - Стойка задняя В=2000мм, 1кмп=1шт.;307592;307592;Под заказ;https://intelka-shop.ru/proizvoditeli/keaz/?section=24#
307591 - Стойка задняя В=1800мм, 1кмп=1шт.;307591;307591;Под заказ;https://intelka-shop.ru/proizvoditeli/keaz/?section=24#
307596 - Стойка вертикальная для установки внутренних панелей В=2200 1кмп=2шт;307596;307596;Под заказ;https://intelka-shop.ru/proizvoditeli/keaz/?section=24#
307595 - Стойка вертикальная для установки внутренних панелей В=2000 1кмп=2шт;307595;307595;Под заказ;https://intelka-shop.ru/proizvoditeli/keaz/?section=24#
307594 - Стойка вертикальная для установки внутренних панелей В=1800 1кмп=2шт;307594;307594;В наличии;https://intelka-shop.ru/proizvoditeli/keaz/?section=24#
307528 - Рейка поперечная Ш=800мм, 1кмп=2шт;307528;307528;Под заказ;https://intelka-shop.ru/proizvoditeli/keaz/?section=24#
307527 - Рейка поперечная Ш=600мм, 1кмп=2шт;307527;307527;Под заказ;https://intelka-shop.ru/proizvoditeli/keaz/?section=24#
307526 - Рейка поперечная Ш=400мм, 1кмп=2шт;307526;307526;Под заказ;https://intelka-shop.ru/proizvoditeli/keaz/?section=24#
307525 - Рейка поперечная Ш=300мм, 1кмп=2шт;307525;307525;Под заказ;https://intelka-shop.ru/proizvoditeli/keaz/?section=24#
307524 - Рейка поперечная Ш=1000мм, 1кмп=2шт;307524;307524;Под заказ;https://intelka-shop.ru/proizvoditeli/keaz/?section=24#
307531 - Рейка поперечная усиленная Ш=800мм, 1кмп=2шт;307531;307531;Под заказ;https://intelka-shop.ru/proizvoditeli/keaz/?section=24#
307530 - Рейка поперечная усиленная Ш=1200мм, 1кмп=2шт;307530;307530;Под заказ;https://intelka-shop.ru/proizvoditeli/keaz/?section=24#
307529 - Рейка поперечная усиленная Ш=1000мм, 1кмп=2шт;307529;307529;Под заказ;https://intelka-shop.ru/proizvoditeli/keaz/?section=24#
307517 - Рейка боковая, специальная Г=800 мм (356 мм), 1кмп=1шт;307517;307517;Под заказ;https://intelka-shop.ru/proizvoditeli/keaz/?section=24#
307523 - Рейка боковая усиленная Г=800 мм, 1кмп=2шт.;307523;307523;Под заказ;https://intelka-shop.ru/proizvoditeli/keaz/?section=24#
307522 - Рейка боковая усиленная Г=600 мм, 1кмп=2шт.;307522;307522;Под заказ;https://intelka-shop.ru/proizvoditeli/keaz/?section=24#
307521 - Рейка боковая усиленная Г=1000 мм, 1кмп=2шт.;307521;307521;Под заказ;https://intelka-shop.ru/proizvoditeli/keaz/?section=24#
307520 - Рейка боковая Г=800 мм, 1кмп=2шт.;307520;307520;Под заказ;https://intelka-shop.ru/proizvoditeli/keaz/?section=24#
307519 - Рейка боковая Г=600 мм, 1кмп=2шт.;307519;307519;Под заказ;https://intelka-shop.ru/proizvoditeli/keaz/?section=24#
307518 - Рейка боковая Г=400 мм, 1кмп=2шт.;307518;307518;Под заказ;https://intelka-shop.ru/proizvoditeli/keaz/?section=24#
307489 - Разделитель телескопический 2ст. 4п Г=400+800 В=300;307489;307489;Под заказ;https://intelka-shop.ru/proizvoditeli/keaz/?section=24#
307487 - Разделитель телескопический 2ст. 4п Г=400+800 В=250;307487;307487;Под заказ;https://intelka-shop.ru/proizvoditeli/keaz/?section=24#
307485 - Разделитель телескопический 2ст. 4п Г=400+800 В=200;307485;307485;Под заказ;https://intelka-shop.ru/proizvoditeli/keaz/?section=24#
307483 - Разделитель телескопический 2ст. 4п Г=400+800 В=150;307483;307483;Под заказ;https://intelka-shop.ru/proizvoditeli/keaz/?section=24#
307481 - Разделитель телескопический 2ст. 4п Г=400+600 В=300;307481;307481;Под заказ;https://intelka-shop.ru/proizvoditeli/keaz/?section=24#
307479 - Разделитель телескопический 2ст. 4п Г=400+600 В=250;307479;307479;Под заказ;https://intelka-shop.ru/proizvoditeli/keaz/?section=24#
307477 - Разделитель телескопический 2ст. 4п Г=400+600 В=200;307477;307477;Под заказ;https://intelka-shop.ru/proizvoditeli/keaz/?section=24#
307475 - Разделитель телескопический 2ст. 4п Г=400+600 В=150;307475;307475;Под заказ;https://intelka-shop.ru/proizvoditeli/keaz/?section=24#
307488 - Разделитель телескопический 2ст. 3п Г=400+800 В=300;307488;307488;Под заказ;https://intelka-shop.ru/proizvoditeli/keaz/?section=24#
307486 - Разделитель телескопический 2ст. 3п Г=400+800 В=250;307486;307486;Под заказ;https://intelka-shop.ru/proizvoditeli/keaz/?section=24#
307484 - Разделитель телескопический 2ст. 3п Г=400+800 В=200;307484;307484;Под заказ;https://intelka-shop.ru/proizvoditeli/keaz/?section=24#
307482 - Разделитель телескопический 2ст. 3п Г=400+800 В=150;307482;307482;Под заказ;https://intelka-shop.ru/proizvoditeli/keaz/?section=24#
307480 - Разделитель телескопический 2ст. 3п Г=400+600 В=300;307480;307480;Под заказ;https://intelka-shop.ru/proizvoditeli/keaz/?section=24#
307478 - Разделитель телескопический 2ст. 3п Г=400+600 В=250;307478;307478;Под заказ;https://intelka-shop.ru/proizvoditeli/keaz/?section=24#
307476 - Разделитель телескопический 2ст. 3п Г=400+600 В=200;307476;307476;Под заказ;https://intelka-shop.ru/proizvoditeli/keaz/?section=24#
307474 - Разделитель телескопический 2ст. 3п Г=400+600 В=150;307474;307474;Под заказ;https://intelka-shop.ru/proizvoditeli/keaz/?section=24#
307497 - Разделитель телескопический 1ст. 4п Г=800 В=300;307497;307497;Под заказ;https://intelka-shop.ru/proizvoditeli/keaz/?section=24#
307495 - Разделитель телескопический 1ст. 4п Г=800 В=250;307495;307495;Под заказ;https://intelka-shop.ru/proizvoditeli/keaz/?section=24#
307493 - Разделитель телескопический 1ст. 4п Г=800 В=200;307493;307493;Под заказ;https://intelka-shop.ru/proizvoditeli/keaz/?section=24#
307491 - Разделитель телескопический 1ст. 4п Г=800 В=150;307491;307491;Под заказ;https://intelka-shop.ru/proizvoditeli/keaz/?section=24#
307496 - Разделитель телескопический 1ст. 3п Г=800 В=300;307496;307496;Под заказ;https://intelka-shop.ru/proizvoditeli/keaz/?section=24#
307494 - Разделитель телескопический 1ст. 3п Г=800 В=250;307494;307494;Под заказ;https://intelka-shop.ru/proizvoditeli/keaz/?section=24#
307492 - Разделитель телескопический 1ст. 3п Г=800 В=200;307492;307492;Под заказ;https://intelka-shop.ru/proizvoditeli/keaz/?section=24#
307490 - Разделитель телескопический 1ст. 3п Г=800 В=150;307490;307490;Под заказ;https://intelka-shop.ru/proizvoditeli/keaz/?section=24#
307464 - Разделитель отходящих линий горизонтальный односторонний Ш=600 Г=800;307464;307464;Под заказ;https://intelka-shop.ru/proizvoditeli/keaz/?section=24#
307462 - Разделитель отходящих линий горизонтальный односторонний Ш=600 Г=600;307462;307462;Под заказ;https://intelka-shop.ru/proizvoditeli/keaz/?section=24#
307463 - Разделитель отходящих линий горизонтальный односторонний Ш=400 Г=800;307463;307463;Под заказ;https://intelka-shop.ru/proizvoditeli/keaz/?section=24#
307461 - Разделитель отходящих линий горизонтальный односторонний Ш=400 Г=600;307461;307461;Под заказ;https://intelka-shop.ru/proizvoditeli/keaz/?section=24#
307460 - Разделитель отходящих линий горизонтальный двусторонний Ш=800 Г=800;307460;307460;Под заказ;https://intelka-shop.ru/proizvoditeli/keaz/?section=24#
307459 - Разделитель отходящих линий горизонтальный двусторонний Ш=800 Г=600;307459;307459;Под заказ;https://intelka-shop.ru/proizvoditeli/keaz/?section=24#
307458 - Разделитель отходящих линий горизонтальный двусторонний Ш=600 Г=800;307458;307458;Под заказ;https://intelka-shop.ru/proizvoditeli/keaz/?section=24#
307457 - Разделитель отходящих линий горизонтальный двусторонний Ш=600 Г=600;307457;307457;Под заказ;https://intelka-shop.ru/proizvoditeli/keaz/?section=24#
308225 - Разделитель кабельного отсека боковой В=2200 Г=800 мм;308225;308225;Под заказ;https://intelka-shop.ru/proizvoditeli/keaz/?section=24#
308226 - Разделитель кабельного отсека боковой В=2200 Г=600 мм;308226;308226;Под заказ;https://intelka-shop.ru/proizvoditeli/keaz/?section=24#
308227 - Разделитель кабельного отсека боковой В=2000 Г=800 мм;308227;308227;Под заказ;https://intelka-shop.ru/proizvoditeli/keaz/?section=24#
308228 - Разделитель кабельного отсека боковой В=2000 Г=600 мм;308228;308228;Под заказ;https://intelka-shop.ru/proizvoditeli/keaz/?section=24#
306951 - Комплект поддержки вертикальная установка Ш=600 мм;306951;306951;Под заказ;https://intelka-shop.ru/proizvoditeli/keaz/?section=24#
309032 - Комплект зонирования стационарного 3п OptiMat A-S4 В600 Ш800;309032;309032;Под заказ;https://intelka-shop.ru/proizvoditeli/keaz/?section=24#
309033 - Комплект зонирования выкатного 3п OptiMat A-S4 В600 Ш800;309033;309033;Под заказ;https://intelka-shop.ru/proizvoditeli/keaz/?section=24#
306991 - Комплект зонирования 4п OptiMat A-S4 стационарный В600 Ш800;306991;306991;Под заказ;https://intelka-shop.ru/proizvoditeli/keaz/?section=24#
306993 - Комплект зонирования 4п OptiMat A-S4 выкатной В600 Ш800;306993;306993;Под заказ;https://intelka-shop.ru/proizvoditeli/keaz/?section=24#
306990 - Комплект зонирования 4п OptiMat A-S2 стационарный В600 Ш800;306990;306990;Под заказ;https://intelka-shop.ru/proizvoditeli/keaz/?section=24#
306992 - Комплект зонирования 4п OptiMat A-S2 выкатной В600 Ш800;306992;306992;Под заказ;https://intelka-shop.ru/proizvoditeli/keaz/?section=24#
306988 - Комплект зонирования 3п фидерный OptiMat A-S2 выкатной В600 Ш600;306988;306988;Под заказ;https://intelka-shop.ru/proizvoditeli/keaz/?section=24#
306982 - Комплект зонирования 3п OptiMat A-S6 выкатной В600 Ш1200;306982;306982;Под заказ;https://intelka-shop.ru/proizvoditeli/keaz/?section=24#
306981 - Комплект зонирования 3п OptiMat A-S5 стационарный В600 Ш1000;306981;306981;Под заказ;https://intelka-shop.ru/proizvoditeli/keaz/?section=24#
306985 - Комплект зонирования 3п OptiMat A-S4 стационарный В600 Ш600;306985;306985;Под заказ;https://intelka-shop.ru/proizvoditeli/keaz/?section=24#
306989 - Комплект зонирования 3п OptiMat A-S4 выкатной В600 Ш600;306989;306989;Под заказ;https://intelka-shop.ru/proizvoditeli/keaz/?section=24#
306984 - Комплект зонирования 3п OptiMat A-S2 стационарный В600 Ш600;306984;306984;Под заказ;https://intelka-shop.ru/proizvoditeli/keaz/?section=24#
306987 - Комплект зонирования 3п OptiMat A-S2 выкатной В600 Ш600;306987;306987;Под заказ;https://intelka-shop.ru/proizvoditeli/keaz/?section=24#
306983 - Комплект зонирования 3п OptiMat A-S1 стационарный В600 Ш600;306983;306983;Под заказ;https://intelka-shop.ru/proizvoditeli/keaz/?section=24#
306986 - Комплект зонирования 3п OptiMat A-S1 выкатной В600 Ш600;306986;306986;Под заказ;https://intelka-shop.ru/proizvoditeli/keaz/?section=24#
307017 - Комплект закрытий задних перфорированных В=300+300 Ш=800;307017;307017;Под заказ;https://intelka-shop.ru/proizvoditeli/keaz/?section=24#
307015 - Комплект закрытий задних перфорированных В=300+300 Ш=600;307015;307015;Под заказ;https://intelka-shop.ru/proizvoditeli/keaz/?section=24#
307013 - Комплект закрытий задних перфорированных В=300+300 Ш=400;307013;307013;Под заказ;https://intelka-shop.ru/proizvoditeli/keaz/?section=24#
307011 - Комплект закрытий задних перфорированных В=300+300 Ш=300;307011;307011;Под заказ;https://intelka-shop.ru/proizvoditeli/keaz/?section=24#
307009 - Комплект закрытий задних перфорированных В=300+300 Ш=1200;307009;307009;Под заказ;https://intelka-shop.ru/proizvoditeli/keaz/?section=24#
307007 - Комплект закрытий задних перфорированных В=300+300 Ш=1000;307007;307007;Под заказ;https://intelka-shop.ru/proizvoditeli/keaz/?section=24#
307016 - Комплект закрытий задних перфорированных В=300+100 Ш=800;307016;307016;Под заказ;https://intelka-shop.ru/proizvoditeli/keaz/?section=24#
307014 - Комплект закрытий задних перфорированных В=300+100 Ш=600;307014;307014;Под заказ;https://intelka-shop.ru/proizvoditeli/keaz/?section=24#
307012 - Комплект закрытий задних перфорированных В=300+100 Ш=400;307012;307012;Под заказ;https://intelka-shop.ru/proizvoditeli/keaz/?section=24#
307010 - Комплект закрытий задних перфорированных В=300+100 Ш=300;307010;307010;Под заказ;https://intelka-shop.ru/proizvoditeli/keaz/?section=24#
307008 - Комплект закрытий задних перфорированных В=300+100 Ш=1200;307008;307008;Под заказ;https://intelka-shop.ru/proizvoditeli/keaz/?section=24#
307006 - Комплект закрытий задних перфорированных В=300+100 Ш=1000;307006;307006;Под заказ;https://intelka-shop.ru/proizvoditeli/keaz/?section=24#
307085 - Комплект бокового отсека шин В=2200 Г=800;307085;307085;Под заказ;https://intelka-shop.ru/proizvoditeli/keaz/?section=24#
307084 - Комплект бокового отсека шин В=2200 Г=600;307084;307084;Под заказ;https://intelka-shop.ru/proizvoditeli/keaz/?section=24#
307083 - Комплект бокового отсека шин В=2200 Г=400;307083;307083;Под заказ;https://intelka-shop.ru/proizvoditeli/keaz/?section=24#
307082 - Комплект бокового отсека шин В=2000 Г=800;307082;307082;Под заказ;https://intelka-shop.ru/proizvoditeli/keaz/?section=24#
307081 - Комплект бокового отсека шин В=2000 Г=600;307081;307081;Под заказ;https://intelka-shop.ru/proizvoditeli/keaz/?section=24#
307080 - Комплект бокового отсека шин В=2000 Г=400;307080;307080;Под заказ;https://intelka-shop.ru/proizvoditeli/keaz/?section=24#
307079 - Комплект бокового отсека шин В=1800 Г=800;307079;307079;Под заказ;https://intelka-shop.ru/proizvoditeli/keaz/?section=24#
307078 - Комплект бокового отсека шин В=1800 Г=600;307078;307078;Под заказ;https://intelka-shop.ru/proizvoditeli/keaz/?section=24#
307077 - Комплект бокового отсека шин В=1800 Г=400;307077;307077;Под заказ;https://intelka-shop.ru/proizvoditeli/keaz/?section=24#
307101 - Изолятор проходной, d=47мм;307101;307101;Под заказ;https://intelka-shop.ru/proizvoditeli/keaz/?section=24#
307100 - Изолятор проходной, d=22мм;307100;307100;Под заказ;https://intelka-shop.ru/proizvoditeli/keaz/?section=24#
306999 - Закрытие системы шин фронт/тыл с отходящими линиями В=300, Ш=800;306999;306999;Под заказ;https://intelka-shop.ru/proizvoditeli/keaz/?section=24#
306998 - Закрытие системы шин фронт/тыл с отходящими линиями В=300, Ш=600;306998;306998;Под заказ;https://intelka-shop.ru/proizvoditeli/keaz/?section=24#
306997 - Закрытие системы шин фронт/тыл с отходящими линиями В=300, Ш=400;306997;306997;Под заказ;https://intelka-shop.ru/proizvoditeli/keaz/?section=24#
306996 - Закрытие системы шин фронт/тыл с отходящими линиями В=300, Ш=300;306996;306996;Под заказ;https://intelka-shop.ru/proizvoditeli/keaz/?section=24#
307058 - Закрытие нижнее боковое В=300 Г=800;307058;307058;Под заказ;https://intelka-shop.ru/proizvoditeli/keaz/?section=24#
307056 - Закрытие нижнее боковое В=300 Г=600;307056;307056;Под заказ;https://intelka-shop.ru/proizvoditeli/keaz/?section=24#
307054 - Закрытие нижнее боковое В=300 Г=400;307054;307054;Под заказ;https://intelka-shop.ru/proizvoditeli/keaz/?section=24#
307057 - Закрытие нижнее боковое В=100 Г=800;307057;307057;Под заказ;https://intelka-shop.ru/proizvoditeli/keaz/?section=24#
307055 - Закрытие нижнее боковое В=100 Г=600;307055;307055;Под заказ;https://intelka-shop.ru/proizvoditeli/keaz/?section=24#
307053 - Закрытие нижнее боковое В=100 Г=400;307053;307053;Под заказ;https://intelka-shop.ru/proizvoditeli/keaz/?section=24#
307046 - Закрытие заднее глухое Ш=800 В=600;307046;307046;Под заказ;https://intelka-shop.ru/proizvoditeli/keaz/?section=24#
307045 - Закрытие заднее глухое Ш=800 В=550;307045;307045;Под заказ;https://intelka-shop.ru/proizvoditeli/keaz/?section=24#
307044 - Закрытие заднее глухое Ш=800 В=500;307044;307044;Под заказ;https://intelka-shop.ru/proizvoditeli/keaz/?section=24#
307043 - Закрытие заднее глухое Ш=800 В=450;307043;307043;Под заказ;https://intelka-shop.ru/proizvoditeli/keaz/?section=24#
307042 - Закрытие заднее глухое Ш=800 В=400;307042;307042;Под заказ;https://intelka-shop.ru/proizvoditeli/keaz/?section=24#
307041 - Закрытие заднее глухое Ш=600 В=600;307041;307041;Под заказ;https://intelka-shop.ru/proizvoditeli/keaz/?section=24#
307040 - Закрытие заднее глухое Ш=600 В=550;307040;307040;Под заказ;https://intelka-shop.ru/proizvoditeli/keaz/?section=24#
307039 - Закрытие заднее глухое Ш=600 В=500;307039;307039;Под заказ;https://intelka-shop.ru/proizvoditeli/keaz/?section=24#
307038 - Закрытие заднее глухое Ш=600 В=450;307038;307038;Под заказ;https://intelka-shop.ru/proizvoditeli/keaz/?section=24#
307037 - Закрытие заднее глухое Ш=600 В=400;307037;307037;Под заказ;https://intelka-shop.ru/proizvoditeli/keaz/?section=24#
307036 - Закрытие заднее глухое Ш=400 В=600;307036;307036;Под заказ;https://intelka-shop.ru/proizvoditeli/keaz/?section=24#
307035 - Закрытие заднее глухое Ш=400 В=550;307035;307035;Под заказ;https://intelka-shop.ru/proizvoditeli/keaz/?section=24#
307034 - Закрытие заднее глухое Ш=400 В=500;307034;307034;Под заказ;https://intelka-shop.ru/proizvoditeli/keaz/?section=24#
307033 - Закрытие заднее глухое Ш=400 В=450;307033;307033;Под заказ;https://intelka-shop.ru/proizvoditeli/keaz/?section=24#
307032 - Закрытие заднее глухое Ш=400 В=400;307032;307032;Под заказ;https://intelka-shop.ru/proizvoditeli/keaz/?section=24#
307025 - Закрытие заднее глухое Ш=1200 В=600;307025;307025;Под заказ;https://intelka-shop.ru/proizvoditeli/keaz/?section=24#
307024 - Закрытие заднее глухое Ш=1200 В=500;307024;307024;Под заказ;https://intelka-shop.ru/proizvoditeli/keaz/?section=24#
307023 - Закрытие заднее глухое Ш=1200 В=400;307023;307023;Под заказ;https://intelka-shop.ru/proizvoditeli/keaz/?section=24#
307022 - Закрытие заднее глухое Ш=1000 В=600;307022;307022;Под заказ;https://intelka-shop.ru/proizvoditeli/keaz/?section=24#
307021 - Закрытие заднее глухое Ш=1000 В=550;307021;307021;Под заказ;https://intelka-shop.ru/proizvoditeli/keaz/?section=24#
307020 - Закрытие заднее глухое Ш=1000 В=500;307020;307020;Под заказ;https://intelka-shop.ru/proizvoditeli/keaz/?section=24#
307019 - Закрытие заднее глухое Ш=1000 В=450;307019;307019;Под заказ;https://intelka-shop.ru/proizvoditeli/keaz/?section=24#
307018 - Закрытие заднее глухое Ш=1000 В=400;307018;307018;Под заказ;https://intelka-shop.ru/proizvoditeli/keaz/?section=24#
307031 - Закрытие заднее глухое полное В=2200 Ш=400;307031;307031;Под заказ;https://intelka-shop.ru/proizvoditeli/keaz/?section=24#
307030 - Закрытие заднее глухое полное В=2200 Ш=300;307030;307030;Под заказ;https://intelka-shop.ru/proizvoditeli/keaz/?section=24#
307029 - Закрытие заднее глухое полное В=2000 Ш=400;307029;307029;Под заказ;https://intelka-shop.ru/proizvoditeli/keaz/?section=24#
307028 - Закрытие заднее глухое полное В=2000 Ш=300;307028;307028;Под заказ;https://intelka-shop.ru/proizvoditeli/keaz/?section=24#
307027 - Закрытие заднее глухое полное В=1800 Ш=400;307027;307027;Под заказ;https://intelka-shop.ru/proizvoditeli/keaz/?section=24#
307026 - Закрытие заднее глухое полное В=1800 Ш=300;307026;307026;Под заказ;https://intelka-shop.ru/proizvoditeli/keaz/?section=24#
307005 - Закрытие боковое частичное В=2200 Г=800;307005;307005;Под заказ;https://intelka-shop.ru/proizvoditeli/keaz/?section=24#
307004 - Закрытие боковое частичное В=2200 Г=600;307004;307004;Под заказ;https://intelka-shop.ru/proizvoditeli/keaz/?section=24#
307003 - Закрытие боковое частичное В=2000 Г=800;307003;307003;Под заказ;https://intelka-shop.ru/proizvoditeli/keaz/?section=24#
307002 - Закрытие боковое частичное В=2000 Г=600;307002;307002;Под заказ;https://intelka-shop.ru/proizvoditeli/keaz/?section=24#
307001 - Закрытие боковое частичное В=1800 Г=800;307001;307001;Под заказ;https://intelka-shop.ru/proizvoditeli/keaz/?section=24#
307000 - Закрытие боковое частичное В=1800 Г=600;307000;307000;Под заказ;https://intelka-shop.ru/proizvoditeli/keaz/?section=24#
307073 - Закрытие боковое универсальное глухое В=600 Г=800;307073;307073;Под заказ;https://intelka-shop.ru/proizvoditeli/keaz/?section=24#
307072 - Закрытие боковое универсальное глухое В=600 Г=600;307072;307072;Под заказ;https://intelka-shop.ru/proizvoditeli/keaz/?section=24#
307071 - Закрытие боковое универсальное глухое В=600 Г=400;307071;307071;Под заказ;https://intelka-shop.ru/proizvoditeli/keaz/?section=24#
307068 - Закрытие боковое универсальное глухое В=550 Г=800;307068;307068;Под заказ;https://intelka-shop.ru/proizvoditeli/keaz/?section=24#
307067 - Закрытие боковое универсальное глухое В=550 Г=600;307067;307067;Под заказ;https://intelka-shop.ru/proizvoditeli/keaz/?section=24#
307066 - Закрытие боковое универсальное глухое В=550 Г=400;307066;307066;Под заказ;https://intelka-shop.ru/proizvoditeli/keaz/?section=24#
307070 - Закрытие боковое универсальное глухое В=500 Г=800;307070;307070;Под заказ;https://intelka-shop.ru/proizvoditeli/keaz/?section=24#
307069 - Закрытие боковое универсальное глухое В=500 Г=600;307069;307069;Под заказ;https://intelka-shop.ru/proizvoditeli/keaz/?section=24#
307065 - Закрытие боковое универсальное глухое В=500 Г=400;307065;307065;Под заказ;https://intelka-shop.ru/proizvoditeli/keaz/?section=24#
307062 - Закрытие боковое универсальное глухое В=450 Г=800;307062;307062;Под заказ;https://intelka-shop.ru/proizvoditeli/keaz/?section=24#
307061 - Закрытие боковое универсальное глухое В=450 Г=600;307061;307061;Под заказ;https://intelka-shop.ru/proizvoditeli/keaz/?section=24#
307060 - Закрытие боковое универсальное глухое В=450 Г=400;307060;307060;Под заказ;https://intelka-shop.ru/proizvoditeli/keaz/?section=24#
307064 - Закрытие боковое универсальное глухое В=400 Г=800;307064;307064;Под заказ;https://intelka-shop.ru/proizvoditeli/keaz/?section=24#
307063 - Закрытие боковое универсальное глухое В=400 Г=600;307063;307063;Под заказ;https://intelka-shop.ru/proizvoditeli/keaz/?section=24#
307059 - Закрытие боковое универсальное глухое В=400 Г=400;307059;307059;Под заказ;https://intelka-shop.ru/proizvoditeli/keaz/?section=24#
307076 - Закрытие боковое пластиковое глухое В=600 Г=800;307076;307076;Под заказ;https://intelka-shop.ru/proizvoditeli/keaz/?section=24#
307075 - Закрытие боковое пластиковое глухое В=600 Г=600;307075;307075;Под заказ;https://intelka-shop.ru/proizvoditeli/keaz/?section=24#
307074 - Закрытие боковое пластиковое глухое В=600 Г=400;307074;307074;Под заказ;https://intelka-shop.ru/proizvoditeli/keaz/?section=24#
307052 - Закрытие боковое пластиковое В=600 Г=800;307052;307052;Под заказ;https://intelka-shop.ru/proizvoditeli/keaz/?section=24#
307051 - Закрытие боковое пластиковое В=600 Г=600;307051;307051;Под заказ;https://intelka-shop.ru/proizvoditeli/keaz/?section=24#
307050 - Закрытие боковое пластиковое В=600 Г=400;307050;307050;Под заказ;https://intelka-shop.ru/proizvoditeli/keaz/?section=24#
307049 - Закрытие боковое пластиковое В=300 Г=800;307049;307049;Под заказ;https://intelka-shop.ru/proizvoditeli/keaz/?section=24#
307048 - Закрытие боковое пластиковое В=300 Г=600;307048;307048;Под заказ;https://intelka-shop.ru/proizvoditeli/keaz/?section=24#
307047 - Закрытие боковое пластиковое В=300 Г=400;307047;307047;Под заказ;https://intelka-shop.ru/proizvoditeli/keaz/?section=24#
306948 - Винт М5х12 под шлиц Torx, 100 шт.;306948;306948;Под заказ;https://intelka-shop.ru/proizvoditeli/keaz/?section=24#
307440 - Адаптер для горизонтального разделителя Ш=800мм;307440;307440;Под заказ;https://intelka-shop.ru/proizvoditeli/keaz/?section=24#
307439 - Адаптер для горизонтального разделителя Ш=600мм;307439;307439;Под заказ;https://intelka-shop.ru/proizvoditeli/keaz/?section=24#
308229 - Разделитель кабельного отсека боковой В=1800 Г=800 мм;308229;308229;Под заказ;https://intelka-shop.ru/proizvoditeli/keaz/?section=24#
308230 - Разделитель кабельного отсека боковой В=1800 Г=600 мм;308230;308230;Под заказ;https://intelka-shop.ru/proizvoditeli/keaz/?section=24#
307499 - Разделитель горизонтальный Ш=800;307499;307499;В наличии;https://intelka-shop.ru/proizvoditeli/keaz/?section=24#
307498 - Разделитель горизонтальный Ш=600;307498;307498;Под заказ;https://intelka-shop.ru/proizvoditeli/keaz/?section=24#
307447 - Разделитель горизонтальный релейного отсека верхний Ш=800 Г=400+;307447;307447;Под заказ;https://intelka-shop.ru/proizvoditeli/keaz/?section=24#
307446 - Разделитель горизонтальный релейного отсека верхний Ш=800;307446;307446;Под заказ;https://intelka-shop.ru/proizvoditeli/keaz/?section=24#
307445 - Разделитель горизонтальный релейного отсека верхний Ш=600 Г=400+;307445;307445;Под заказ;https://intelka-shop.ru/proizvoditeli/keaz/?section=24#
307444 - Разделитель горизонтальный релейного отсека верхний Ш=600;307444;307444;Под заказ;https://intelka-shop.ru/proizvoditeli/keaz/?section=24#
307443 - Разделитель горизонтальный релейного отсека верхний Ш=1200;307443;307443;Под заказ;https://intelka-shop.ru/proizvoditeli/keaz/?section=24#
307441 - Разделитель горизонтальный релейного отсека верхний Ш=1000;307441;307441;Под заказ;https://intelka-shop.ru/proizvoditeli/keaz/?section=24#
307442 - Разделитель горизонтальный релейного отсека верх Ш=1000 Г=400+;307442;307442;Под заказ;https://intelka-shop.ru/proizvoditeli/keaz/?section=24#
307453 - Разделитель горизонтальный односторонний шинный Ш=800 Г=800;307453;307453;Под заказ;https://intelka-shop.ru/proizvoditeli/keaz/?section=24#
307452 - Разделитель горизонтальный односторонний шинный Ш=800 Г=600;307452;307452;Под заказ;https://intelka-shop.ru/proizvoditeli/keaz/?section=24#
307451 - Разделитель горизонтальный односторонний шинный Ш=800 Г=400;307451;307451;Под заказ;https://intelka-shop.ru/proizvoditeli/keaz/?section=24#
307450 - Разделитель горизонтальный односторонний шинный Ш=600 Г=800;307450;307450;Под заказ;https://intelka-shop.ru/proizvoditeli/keaz/?section=24#
307449 - Разделитель горизонтальный односторонний шинный Ш=600 Г=600;307449;307449;Под заказ;https://intelka-shop.ru/proizvoditeli/keaz/?section=24#
307448 - Разделитель горизонтальный односторонний шинный Ш=600 Г=400;307448;307448;Под заказ;https://intelka-shop.ru/proizvoditeli/keaz/?section=24#
307473 - Разделитель горизонтальный кабельного отсека Ш=600 Г=800;307473;307473;Под заказ;https://intelka-shop.ru/proizvoditeli/keaz/?section=24#
307472 - Разделитель горизонтальный кабельного отсека Ш=600 Г=600;307472;307472;Под заказ;https://intelka-shop.ru/proizvoditeli/keaz/?section=24#
307471 - Разделитель горизонтальный кабельного отсека Ш=600 Г=400;307471;307471;Под заказ;https://intelka-shop.ru/proizvoditeli/keaz/?section=24#
307470 - Разделитель горизонтальный кабельного отсека Ш=400 Г=800;307470;307470;Под заказ;https://intelka-shop.ru/proizvoditeli/keaz/?section=24#
307469 - Разделитель горизонтальный кабельного отсека Ш=400 Г=600;307469;307469;Под заказ;https://intelka-shop.ru/proizvoditeli/keaz/?section=24#
307468 - Разделитель горизонтальный кабельного отсека Ш=400 Г=400;307468;307468;Под заказ;https://intelka-shop.ru/proizvoditeli/keaz/?section=24#
307467 - Разделитель горизонтальный кабельного отсека Ш=300 Г=800;307467;307467;Под заказ;https://intelka-shop.ru/proizvoditeli/keaz/?section=24#
307466 - Разделитель горизонтальный кабельного отсека Ш=300 Г=600;307466;307466;Под заказ;https://intelka-shop.ru/proizvoditeli/keaz/?section=24#
307465 - Разделитель горизонтальный кабельного отсека Ш=300 Г=400;307465;307465;Под заказ;https://intelka-shop.ru/proizvoditeli/keaz/?section=24#
307456 - Разделитель горизонтальный двусторонний шинный Ш=600 Г=800;307456;307456;Под заказ;https://intelka-shop.ru/proizvoditeli/keaz/?section=24#
307455 - Разделитель горизонтальный двусторонний шинный Ш=600 Г=600+800;307455;307455;Под заказ;https://intelka-shop.ru/proizvoditeli/keaz/?section=24#
307454 - Разделитель горизонтальный двусторонний шинный Ш=600 Г=400+600;307454;307454;Под заказ;https://intelka-shop.ru/proizvoditeli/keaz/?section=24#
306957 - Разделитель горизонтального релейного отсека Ш=800;306957;306957;Под заказ;https://intelka-shop.ru/proizvoditeli/keaz/?section=24#
306956 - Разделитель горизонтального релейного отсека Ш=600;306956;306956;Под заказ;https://intelka-shop.ru/proizvoditeli/keaz/?section=24#
306962 - Разделитель горизонтального релейного отсека Ш=1200;306962;306962;Под заказ;https://intelka-shop.ru/proizvoditeli/keaz/?section=24#
306955 - Разделитель горизонтального релейного отсека Ш=1000;306955;306955;Под заказ;https://intelka-shop.ru/proizvoditeli/keaz/?section=24#
307586 - Разделитель вертикальный, полный, для шкафов 2200x600 мм;307586;307586;Под заказ;https://intelka-shop.ru/proizvoditeli/keaz/?section=24#
307587 - Разделитель вертикальный, полный, для шкафов 2200x800 мм;307587;307587;Под заказ;https://intelka-shop.ru/proizvoditeli/keaz/?section=24#
307585 - Разделитель вертикальный, полный, для шкафов 2000x800 мм;307585;307585;Под заказ;https://intelka-shop.ru/proizvoditeli/keaz/?section=24#
307584 - Разделитель вертикальный, полный, для шкафов 2000x600 мм;307584;307584;Под заказ;https://intelka-shop.ru/proizvoditeli/keaz/?section=24#
307583 - Разделитель вертикальный, полный, для шкафов 2000x400 мм;307583;307583;Под заказ;https://intelka-shop.ru/proizvoditeli/keaz/?section=24#
307582 - Разделитель вертикальный, полный, для шкафов 1800x800 мм;307582;307582;Под заказ;https://intelka-shop.ru/proizvoditeli/keaz/?section=24#
307581 - Разделитель вертикальный, полный, для шкафов 1800x600 мм;307581;307581;Под заказ;https://intelka-shop.ru/proizvoditeli/keaz/?section=24#
307580 - Разделитель вертикальный, полный, для шкафов 1800x400 мм;307580;307580;Под заказ;https://intelka-shop.ru/proizvoditeli/keaz/?section=24#
307516 - Разделитель вертикальный сплошной В=400;307516;307516;Под заказ;https://intelka-shop.ru/proizvoditeli/keaz/?section=24#
307515 - Разделитель вертикальный сплошной В=350;307515;307515;Под заказ;https://intelka-shop.ru/proizvoditeli/keaz/?section=24#
307514 - Разделитель вертикальный сплошной В=300;307514;307514;Под заказ;https://intelka-shop.ru/proizvoditeli/keaz/?section=24#
307513 - Разделитель вертикальный сплошной В=250;307513;307513;Под заказ;https://intelka-shop.ru/proizvoditeli/keaz/?section=24#
307512 - Разделитель вертикальный сплошной В=200;307512;307512;Под заказ;https://intelka-shop.ru/proizvoditeli/keaz/?section=24#
307511 - Разделитель вертикальный сплошной В=150;307511;307511;Под заказ;https://intelka-shop.ru/proizvoditeli/keaz/?section=24#
307510 - Разделитель вертикальный перфорированный 4п до 630А В=300;307510;307510;Под заказ;https://intelka-shop.ru/proizvoditeli/keaz/?section=24#
307508 - Разделитель вертикальный перфорированный 4п до 630А В=250;307508;307508;Под заказ;https://intelka-shop.ru/proizvoditeli/keaz/?section=24#
307506 - Разделитель вертикальный перфорированный 4п до 250А В=250;307506;307506;Под заказ;https://intelka-shop.ru/proizvoditeli/keaz/?section=24#
307503 - Разделитель вертикальный перфорированный 4п до 250А В=200;307503;307503;Под заказ;https://intelka-shop.ru/proizvoditeli/keaz/?section=24#
307501 - Разделитель вертикальный перфорированный 4п до 250А В=150;307501;307501;Под заказ;https://intelka-shop.ru/proizvoditeli/keaz/?section=24#
307509 - Разделитель вертикальный перфорированный 3п до 630А В=300;307509;307509;Под заказ;https://intelka-shop.ru/proizvoditeli/keaz/?section=24#
307507 - Разделитель вертикальный перфорированный 3п до 630А В=250;307507;307507;Под заказ;https://intelka-shop.ru/proizvoditeli/keaz/?section=24#
307504 - Разделитель вертикальный перфорированный 3п до 630А В=200;307504;307504;Под заказ;https://intelka-shop.ru/proizvoditeli/keaz/?section=24#
307505 - Разделитель вертикальный перфорированный 3п до 250А В=250;307505;307505;Под заказ;https://intelka-shop.ru/proizvoditeli/keaz/?section=24#
307502 - Разделитель вертикальный перфорированный 3п до 250А В=200;307502;307502;Под заказ;https://intelka-shop.ru/proizvoditeli/keaz/?section=24#
307500 - Разделитель вертикальный перфорированный 3п до 250А В=150;307500;307500;Под заказ;https://intelka-shop.ru/proizvoditeli/keaz/?section=24#
307088 - Разделитель вертикального бокового отсека шин В=2200 Ш=600;307088;307088;Под заказ;https://intelka-shop.ru/proizvoditeli/keaz/?section=24#
307087 - Разделитель вертикального бокового отсека шин В=2000 Ш=600;307087;307087;Под заказ;https://intelka-shop.ru/proizvoditeli/keaz/?section=24#
307086 - Разделитель вертикального бокового отсека шин В=1800 Ш=600;307086;307086;Под заказ;https://intelka-shop.ru/proizvoditeli/keaz/?section=24#
307438 - Притвор для внешней двери Ш=800;307438;307438;Под заказ;https://intelka-shop.ru/proizvoditeli/keaz/?section=24#
307437 - Притвор для внешней двери Ш=600;307437;307437;Под заказ;https://intelka-shop.ru/proizvoditeli/keaz/?section=24#
307436 - Притвор для внешней двери Ш=400;307436;307436;Под заказ;https://intelka-shop.ru/proizvoditeli/keaz/?section=24#
307435 - Притвор для внешней двери Ш=1200;307435;307435;Под заказ;https://intelka-shop.ru/proizvoditeli/keaz/?section=24#
307434 - Притвор для внешней двери Ш=1000;307434;307434;Под заказ;https://intelka-shop.ru/proizvoditeli/keaz/?section=24#
306947 - Кронштейн для шины заземления;306947;306947;Под заказ;https://intelka-shop.ru/proizvoditeli/keaz/?section=24#
306949 - Кронштейн для установки изолятора сборных шин;306949;306949;Под заказ;https://intelka-shop.ru/proizvoditeli/keaz/?section=24#
307095 - Коробка коммутационная задняя 400-630А В=300мм;307095;307095;Под заказ;https://intelka-shop.ru/proizvoditeli/keaz/?section=24#
307094 - Коробка коммутационная задняя 400-630А В=250мм;307094;307094;Под заказ;https://intelka-shop.ru/proizvoditeli/keaz/?section=24#
307091 - Коробка коммутационная задняя 400-630А В=200мм;307091;307091;Под заказ;https://intelka-shop.ru/proizvoditeli/keaz/?section=24#
307093 - Коробка коммутационная задняя 100-250А В=250мм 4п;307093;307093;Под заказ;https://intelka-shop.ru/proizvoditeli/keaz/?section=24#
307092 - Коробка коммутационная задняя 100-250А В=250мм;307092;307092;Под заказ;https://intelka-shop.ru/proizvoditeli/keaz/?section=24#
307090 - Коробка коммутационная задняя 100-250А В=200мм;307090;307090;Под заказ;https://intelka-shop.ru/proizvoditeli/keaz/?section=24#
307089 - Коробка коммутационная задняя 100-250А В=150мм;307089;307089;Под заказ;https://intelka-shop.ru/proizvoditeli/keaz/?section=24#
307099 - Коробка коммутационная боковая 630-1000А В=250;307099;307099;Под заказ;https://intelka-shop.ru/proizvoditeli/keaz/?section=24#
307097 - Коробка коммутационная боковая 400-630А В=200;307097;307097;Под заказ;https://intelka-shop.ru/proizvoditeli/keaz/?section=24#
307098 - Коробка коммутационная боковая 100-250А В=200;307098;307098;Под заказ;https://intelka-shop.ru/proizvoditeli/keaz/?section=24#
307096 - Коробка коммутационная боковая 100-250А В=150;307096;307096;Под заказ;https://intelka-shop.ru/proizvoditeli/keaz/?section=24#
307600 - Коннекторы силовые 4п 630А;307600;307600;Под заказ;https://intelka-shop.ru/proizvoditeli/keaz/?section=24#
307599 - Коннекторы силовые 4п 250А;307599;307599;Под заказ;https://intelka-shop.ru/proizvoditeli/keaz/?section=24#
307598 - Коннекторы силовые 3п 630А;307598;307598;Под заказ;https://intelka-shop.ru/proizvoditeli/keaz/?section=24#
307597 - Коннекторы силовые 3п 250А;307597;307597;Под заказ;https://intelka-shop.ru/proizvoditeli/keaz/?section=24#
306968 - Комплект секционирования фидерный 2ст. В600 Ш800 Г=400+800;306968;306968;Под заказ;https://intelka-shop.ru/proizvoditeli/keaz/?section=24#
306967 - Комплект секционирования фидерный 2ст. В600 Ш800 Г=400+600;306967;306967;Под заказ;https://intelka-shop.ru/proizvoditeli/keaz/?section=24#
306966 - Комплект секционирования фидерный 2ст. В600 Ш600 Г=400+800;306966;306966;Под заказ;https://intelka-shop.ru/proizvoditeli/keaz/?section=24#
306965 - Комплект секционирования фидерный 2ст. В600 Ш600 Г=400+600;306965;306965;Под заказ;https://intelka-shop.ru/proizvoditeli/keaz/?section=24#
306964 - Комплект секционирования фидерный 2ст. В500 Ш600 Г=400+800;306964;306964;Под заказ;https://intelka-shop.ru/proizvoditeli/keaz/?section=24#
306963 - Комплект секционирования фидерный 2ст. В500 Ш600 Г=400+600;306963;306963;Под заказ;https://intelka-shop.ru/proizvoditeli/keaz/?section=24#
306980 - Комплект секционирования фидерный 1ст. В600 Ш=800+600 Г800;306980;306980;Под заказ;https://intelka-shop.ru/proizvoditeli/keaz/?section=24#
306979 - Комплект секционирования фидерный 1ст. В600 Ш=800+600 Г600;306979;306979;Под заказ;https://intelka-shop.ru/proizvoditeli/keaz/?section=24#
306978 - Комплект секционирования фидерный 1ст. В600 Ш=800+400 Г800;306978;306978;Под заказ;https://intelka-shop.ru/proizvoditeli/keaz/?section=24#
306977 - Комплект секционирования фидерный 1ст. В600 Ш=800+400 Г600;306977;306977;Под заказ;https://intelka-shop.ru/proizvoditeli/keaz/?section=24#
306976 - Комплект секционирования фидерный 1ст. В600 Ш=600+600 Г800;306976;306976;Под заказ;https://intelka-shop.ru/proizvoditeli/keaz/?section=24#
306975 - Комплект секционирования фидерный 1ст. В600 Ш=600+600 Г600;306975;306975;Под заказ;https://intelka-shop.ru/proizvoditeli/keaz/?section=24#
306974 - Комплект секционирования фидерный 1ст. В600 Ш=600+400 Г800;306974;306974;Под заказ;https://intelka-shop.ru/proizvoditeli/keaz/?section=24#
306973 - Комплект секционирования фидерный 1ст. В600 Ш=600+400 Г600;306973;306973;Под заказ;https://intelka-shop.ru/proizvoditeli/keaz/?section=24#
306972 - Комплект секционирования фидерный 1ст. В500 Ш=600+600 Г800;306972;306972;Под заказ;https://intelka-shop.ru/proizvoditeli/keaz/?section=24#
306971 - Комплект секционирования фидерный 1ст. В500 Ш=600+600 Г600;306971;306971;Под заказ;https://intelka-shop.ru/proizvoditeli/keaz/?section=24#
306970 - Комплект секционирования фидерный 1ст. В500 Ш=600+400 Г800;306970;306970;Под заказ;https://intelka-shop.ru/proizvoditeli/keaz/?section=24#
306969 - Комплект секционирования фидерный 1ст. В500 Ш=600+400 Г600;306969;306969;Под заказ;https://intelka-shop.ru/proizvoditeli/keaz/?section=24#
306954 - Комплект поддержки горизонтальная установка Ш=800 мм;306954;306954;Под заказ;https://intelka-shop.ru/proizvoditeli/keaz/?section=24#
306952 - Комплект поддержки горизонтальная установка Ш=600 мм;306952;306952;Под заказ;https://intelka-shop.ru/proizvoditeli/keaz/?section=24#
306953 - Комплект поддержки вертикальная установка Ш=800 мм;306953;306953;Под заказ;https://intelka-shop.ru/proizvoditeli/keaz/?section=24#
307183 - Панель накладная сплошная В=400 Ш=1000;307183;307183;Под заказ;https://intelka-shop.ru/proizvoditeli/keaz/?section=24#
307220 - Панель накладная сплошная В=350 Ш=800;307220;307220;Под заказ;https://intelka-shop.ru/proizvoditeli/keaz/?section=24#
307209 - Панель накладная сплошная В=350 Ш=600;307209;307209;Под заказ;https://intelka-shop.ru/proizvoditeli/keaz/?section=24#
307197 - Панель накладная сплошная В=350 Ш=400;307197;307197;Под заказ;https://intelka-shop.ru/proizvoditeli/keaz/?section=24#
307182 - Панель накладная сплошная В=350 Ш=1000;307182;307182;Под заказ;https://intelka-shop.ru/proizvoditeli/keaz/?section=24#
307219 - Панель накладная сплошная В=300 Ш=800;307219;307219;Под заказ;https://intelka-shop.ru/proizvoditeli/keaz/?section=24#
307208 - Панель накладная сплошная В=300 Ш=600;307208;307208;Под заказ;https://intelka-shop.ru/proizvoditeli/keaz/?section=24#
307196 - Панель накладная сплошная В=300 Ш=400;307196;307196;Под заказ;https://intelka-shop.ru/proizvoditeli/keaz/?section=24#
307188 - Панель накладная сплошная В=300 Ш=1200;307188;307188;Под заказ;https://intelka-shop.ru/proizvoditeli/keaz/?section=24#
307181 - Панель накладная сплошная В=300 Ш=1000;307181;307181;Под заказ;https://intelka-shop.ru/proizvoditeli/keaz/?section=24#
307218 - Панель накладная сплошная В=250 Ш=800;307218;307218;Под заказ;https://intelka-shop.ru/proizvoditeli/keaz/?section=24#
307207 - Панель накладная сплошная В=250 Ш=600;307207;307207;Под заказ;https://intelka-shop.ru/proizvoditeli/keaz/?section=24#
307195 - Панель накладная сплошная В=250 Ш=400;307195;307195;Под заказ;https://intelka-shop.ru/proizvoditeli/keaz/?section=24#
307180 - Панель накладная сплошная В=250 Ш=1000;307180;307180;Под заказ;https://intelka-shop.ru/proizvoditeli/keaz/?section=24#
307217 - Панель накладная сплошная В=200 Ш=800;307217;307217;Под заказ;https://intelka-shop.ru/proizvoditeli/keaz/?section=24#
307206 - Панель накладная сплошная В=200 Ш=600;307206;307206;Под заказ;https://intelka-shop.ru/proizvoditeli/keaz/?section=24#
307194 - Панель накладная сплошная В=200 Ш=400;307194;307194;Под заказ;https://intelka-shop.ru/proizvoditeli/keaz/?section=24#
307179 - Панель накладная сплошная В=200 Ш=1000;307179;307179;Под заказ;https://intelka-shop.ru/proizvoditeli/keaz/?section=24#
307216 - Панель накладная сплошная В=150 Ш=800;307216;307216;Под заказ;https://intelka-shop.ru/proizvoditeli/keaz/?section=24#
307205 - Панель накладная сплошная В=150 Ш=600;307205;307205;Под заказ;https://intelka-shop.ru/proizvoditeli/keaz/?section=24#
307193 - Панель накладная сплошная В=150 Ш=400;307193;307193;Под заказ;https://intelka-shop.ru/proizvoditeli/keaz/?section=24#
307178 - Панель накладная сплошная В=150 Ш=1000;307178;307178;Под заказ;https://intelka-shop.ru/proizvoditeli/keaz/?section=24#
307215 - Панель накладная сплошная В=100 Ш=800;307215;307215;Под заказ;https://intelka-shop.ru/proizvoditeli/keaz/?section=24#
307204 - Панель накладная сплошная В=100 Ш=600;307204;307204;Под заказ;https://intelka-shop.ru/proizvoditeli/keaz/?section=24#
307192 - Панель накладная сплошная В=100 Ш=400;307192;307192;Под заказ;https://intelka-shop.ru/proizvoditeli/keaz/?section=24#
307177 - Панель накладная сплошная В=100 Ш=1000;307177;307177;Под заказ;https://intelka-shop.ru/proizvoditeli/keaz/?section=24#
307421 - Панель внутренняя накладная Ш=800мм;307421;307421;Под заказ;https://intelka-shop.ru/proizvoditeli/keaz/?section=24#
307420 - Панель внутренняя накладная Ш=600мм;307420;307420;Под заказ;https://intelka-shop.ru/proizvoditeli/keaz/?section=24#
307404 - Панель внутренняя глухая Ш=800 В=500;307404;307404;Под заказ;https://intelka-shop.ru/proizvoditeli/keaz/?section=24#
307395 - Панель внутренняя глухая Ш=800 В=50;307395;307395;Под заказ;https://intelka-shop.ru/proizvoditeli/keaz/?section=24#
307403 - Панель внутренняя глухая Ш=800 В=450;307403;307403;Под заказ;https://intelka-shop.ru/proizvoditeli/keaz/?section=24#
307402 - Панель внутренняя глухая Ш=800 В=400;307402;307402;Под заказ;https://intelka-shop.ru/proizvoditeli/keaz/?section=24#
307401 - Панель внутренняя глухая Ш=800 В=350;307401;307401;Под заказ;https://intelka-shop.ru/proizvoditeli/keaz/?section=24#
307400 - Панель внутренняя глухая Ш=800 В=300;307400;307400;Под заказ;https://intelka-shop.ru/proizvoditeli/keaz/?section=24#
307399 - Панель внутренняя глухая Ш=800 В=250;307399;307399;Под заказ;https://intelka-shop.ru/proizvoditeli/keaz/?section=24#
307398 - Панель внутренняя глухая Ш=800 В=200;307398;307398;Под заказ;https://intelka-shop.ru/proizvoditeli/keaz/?section=24#
307397 - Панель внутренняя глухая Ш=800 В=150;307397;307397;Под заказ;https://intelka-shop.ru/proizvoditeli/keaz/?section=24#
307396 - Панель внутренняя глухая Ш=800 В=100;307396;307396;Под заказ;https://intelka-shop.ru/proizvoditeli/keaz/?section=24#
307394 - Панель внутренняя глухая Ш=600 В=500;307394;307394;Под заказ;https://intelka-shop.ru/proizvoditeli/keaz/?section=24#
307385 - Панель внутренняя глухая Ш=600 В=50;307385;307385;Под заказ;https://intelka-shop.ru/proizvoditeli/keaz/?section=24#
307393 - Панель внутренняя глухая Ш=600 В=450;307393;307393;Под заказ;https://intelka-shop.ru/proizvoditeli/keaz/?section=24#
307392 - Панель внутренняя глухая Ш=600 В=400;307392;307392;Под заказ;https://intelka-shop.ru/proizvoditeli/keaz/?section=24#
307391 - Панель внутренняя глухая Ш=600 В=350;307391;307391;Под заказ;https://intelka-shop.ru/proizvoditeli/keaz/?section=24#
307390 - Панель внутренняя глухая Ш=600 В=300;307390;307390;Под заказ;https://intelka-shop.ru/proizvoditeli/keaz/?section=24#
307389 - Панель внутренняя глухая Ш=600 В=250;307389;307389;Под заказ;https://intelka-shop.ru/proizvoditeli/keaz/?section=24#
307388 - Панель внутренняя глухая Ш=600 В=200;307388;307388;Под заказ;https://intelka-shop.ru/proizvoditeli/keaz/?section=24#
307387 - Панель внутренняя глухая Ш=600 В=150;307387;307387;Под заказ;https://intelka-shop.ru/proizvoditeli/keaz/?section=24#
307386 - Панель внутренняя глухая Ш=600 В=100;307386;307386;Под заказ;https://intelka-shop.ru/proizvoditeli/keaz/?section=24#
307419 - Панель верхняя для сброса давления Ш=800 Г=800;307419;307419;Под заказ;https://intelka-shop.ru/proizvoditeli/keaz/?section=24#
307418 - Панель верхняя для сброса давления Ш=800 Г=600;307418;307418;Под заказ;https://intelka-shop.ru/proizvoditeli/keaz/?section=24#
307417 - Панель верхняя для сброса давления Ш=800 Г=400;307417;307417;Под заказ;https://intelka-shop.ru/proizvoditeli/keaz/?section=24#
307416 - Панель верхняя для сброса давления Ш=600 Г=800;307416;307416;Под заказ;https://intelka-shop.ru/proizvoditeli/keaz/?section=24#
307415 - Панель верхняя для сброса давления Ш=600 Г=600;307415;307415;Под заказ;https://intelka-shop.ru/proizvoditeli/keaz/?section=24#
307414 - Панель верхняя для сброса давления Ш=600 Г=400;307414;307414;Под заказ;https://intelka-shop.ru/proizvoditeli/keaz/?section=24#
307413 - Панель верхняя для сброса давления Ш=400 Г=800;307413;307413;Под заказ;https://intelka-shop.ru/proizvoditeli/keaz/?section=24#
307412 - Панель верхняя для сброса давления Ш=400 Г=600;307412;307412;Под заказ;https://intelka-shop.ru/proizvoditeli/keaz/?section=24#
307411 - Панель верхняя для сброса давления Ш=400 Г=400;307411;307411;Под заказ;https://intelka-shop.ru/proizvoditeli/keaz/?section=24#
307410 - Панель верхняя для сброса давления Ш=1200 Г=800;307410;307410;Под заказ;https://intelka-shop.ru/proizvoditeli/keaz/?section=24#
307409 - Панель верхняя для сброса давления Ш=1200 Г=600;307409;307409;Под заказ;https://intelka-shop.ru/proizvoditeli/keaz/?section=24#
307408 - Панель верхняя для сброса давления Ш=1200 Г=400;307408;307408;Под заказ;https://intelka-shop.ru/proizvoditeli/keaz/?section=24#
307407 - Панель верхняя для сброса давления Ш=1000 Г=800;307407;307407;Под заказ;https://intelka-shop.ru/proizvoditeli/keaz/?section=24#
307406 - Панель верхняя для сброса давления Ш=1000 Г=600;307406;307406;Под заказ;https://intelka-shop.ru/proizvoditeli/keaz/?section=24#
307405 - Панель верхняя для сброса давления Ш=1000 Г=400;307405;307405;Под заказ;https://intelka-shop.ru/proizvoditeli/keaz/?section=24#
307164 - Комплект пластиковой панели внутренней Ш=800 В=300+300;307164;307164;Под заказ;https://intelka-shop.ru/proizvoditeli/keaz/?section=24#
307163 - Комплект пластиковой панели внутренней Ш=800 В=300+100;307163;307163;Под заказ;https://intelka-shop.ru/proizvoditeli/keaz/?section=24#
307162 - Комплект пластиковой панели внутренней Ш=800 В=100+300;307162;307162;Под заказ;https://intelka-shop.ru/proizvoditeli/keaz/?section=24#
307161 - Комплект пластиковой панели внутренней Ш=600 В=300+300;307161;307161;Под заказ;https://intelka-shop.ru/proizvoditeli/keaz/?section=24#
307160 - Комплект пластиковой панели внутренней Ш=600 В=300+100;307160;307160;Под заказ;https://intelka-shop.ru/proizvoditeli/keaz/?section=24#
307159 - Комплект пластиковой панели внутренней Ш=600 В=100+300;307159;307159;Под заказ;https://intelka-shop.ru/proizvoditeli/keaz/?section=24#
307158 - Комплект пластиковой панели внутренней Ш=400 В=300+300;307158;307158;Под заказ;https://intelka-shop.ru/proizvoditeli/keaz/?section=24#
307157 - Комплект пластиковой панели внутренней Ш=400 В=300+100;307157;307157;Под заказ;https://intelka-shop.ru/proizvoditeli/keaz/?section=24#
307156 - Комплект пластиковой панели внутренней Ш=400 В=100+300;307156;307156;Под заказ;https://intelka-shop.ru/proizvoditeli/keaz/?section=24#
307155 - Комплект пластиковой панели внутренней Ш=1200 В=300+300;307155;307155;Под заказ;https://intelka-shop.ru/proizvoditeli/keaz/?section=24#
307154 - Комплект пластиковой панели внутренней Ш=1200 В=300+100;307154;307154;Под заказ;https://intelka-shop.ru/proizvoditeli/keaz/?section=24#
307153 - Комплект пластиковой панели внутренней Ш=1200 В=100+300;307153;307153;Под заказ;https://intelka-shop.ru/proizvoditeli/keaz/?section=24#
307152 - Комплект пластиковой панели внутренней Ш=1000 В=300+300;307152;307152;Под заказ;https://intelka-shop.ru/proizvoditeli/keaz/?section=24#
307151 - Комплект пластиковой панели внутренней Ш=1000 В=300+100;307151;307151;Под заказ;https://intelka-shop.ru/proizvoditeli/keaz/?section=24#
307150 - Комплект пластиковой панели внутренней Ш=1000 В=100+300;307150;307150;Под заказ;https://intelka-shop.ru/proizvoditeli/keaz/?section=24#
307149 - Комплект внешних перфорированных компенсационных панелей Ш=800 В=300+300;307149;307149;Под заказ;https://intelka-shop.ru/proizvoditeli/keaz/?section=24#
307148 - Комплект внешних перфорированных компенсационных панелей Ш=800 В=300+100;307148;307148;Под заказ;https://intelka-shop.ru/proizvoditeli/keaz/?section=24#
308246 - Комплект внешних перфорированных компенсационных панелей Ш=800 В=100+300;308246;308246;Под заказ;https://intelka-shop.ru/proizvoditeli/keaz/?section=24#
308247 - Комплект внешних перфорированных компенсационных панелей Ш=800 В=100+100;308247;308247;Под заказ;https://intelka-shop.ru/proizvoditeli/keaz/?section=24#
307147 - Комплект внешних перфорированных компенсационных панелей Ш=600 В=300+300;307147;307147;Под заказ;https://intelka-shop.ru/proizvoditeli/keaz/?section=24#
307146 - Комплект внешних перфорированных компенсационных панелей Ш=600 В=300+100;307146;307146;Под заказ;https://intelka-shop.ru/proizvoditeli/keaz/?section=24#
308248 - Комплект внешних перфорированных компенсационных панелей Ш=600 В=100+300;308248;308248;Под заказ;https://intelka-shop.ru/proizvoditeli/keaz/?section=24#
308249 - Комплект внешних перфорированных компенсационных панелей Ш=600 В=100+100;308249;308249;Под заказ;https://intelka-shop.ru/proizvoditeli/keaz/?section=24#
307145 - Комплект внешних перфорированных компенсационных панелей Ш=400 В=300+300;307145;307145;Под заказ;https://intelka-shop.ru/proizvoditeli/keaz/?section=24#
307144 - Комплект внешних перфорированных компенсационных панелей Ш=400 В=300+100;307144;307144;Под заказ;https://intelka-shop.ru/proizvoditeli/keaz/?section=24#
308250 - Комплект внешних перфорированных компенсационных панелей Ш=400 В=100+300;308250;308250;Под заказ;https://intelka-shop.ru/proizvoditeli/keaz/?section=24#
308251 - Комплект внешних перфорированных компенсационных панелей Ш=400 В=100+100;308251;308251;Под заказ;https://intelka-shop.ru/proizvoditeli/keaz/?section=24#
307143 - Комплект внешних перфорированных компенсационных панелей Ш=1200 В=300+300;307143;307143;Под заказ;https://intelka-shop.ru/proizvoditeli/keaz/?section=24#
307142 - Комплект внешних перфорированных компенсационных панелей Ш=1200 В=300+100;307142;307142;Под заказ;https://intelka-shop.ru/proizvoditeli/keaz/?section=24#
307141 - Комплект внешних перфорированных компенсационных панелей Ш=1200 В=100+300;307141;307141;Под заказ;https://intelka-shop.ru/proizvoditeli/keaz/?section=24#
307140 - Комплект внешних перфорированных компенсационных панелей Ш=1200 В=100+100;307140;307140;Под заказ;https://intelka-shop.ru/proizvoditeli/keaz/?section=24#
307139 - Комплект внешних перфорированных компенсационных панелей Ш=1000 В=300+300;307139;307139;Под заказ;https://intelka-shop.ru/proizvoditeli/keaz/?section=24#
307138 - Комплект внешних перфорированных компенсационных панелей Ш=1000 В=300+100;307138;307138;Под заказ;https://intelka-shop.ru/proizvoditeli/keaz/?section=24#
308252 - Комплект внешних перфорированных компенсационных панелей Ш=1000 В=100+300;308252;308252;Под заказ;https://intelka-shop.ru/proizvoditeli/keaz/?section=24#
308253 - Комплект внешних перфорированных компенсационных панелей Ш=1000 В=100+100;308253;308253;Под заказ;https://intelka-shop.ru/proizvoditeli/keaz/?section=24#
307176 - Комплект внешних глухих компенсационных панелей Ш=800 В=300+300;307176;307176;Под заказ;https://intelka-shop.ru/proizvoditeli/keaz/?section=24#
307175 - Комплект внешних глухих компенсационных панелей Ш=800 В=300+100;307175;307175;Под заказ;https://intelka-shop.ru/proizvoditeli/keaz/?section=24#
308238 - Комплект внешних глухих компенсационных панелей Ш=800 В=100+300;308238;308238;Под заказ;https://intelka-shop.ru/proizvoditeli/keaz/?section=24#
308239 - Комплект внешних глухих компенсационных панелей Ш=800 В=100+100;308239;308239;Под заказ;https://intelka-shop.ru/proizvoditeli/keaz/?section=24#
307174 - Комплект внешних глухих компенсационных панелей Ш=600 В=300+300;307174;307174;Под заказ;https://intelka-shop.ru/proizvoditeli/keaz/?section=24#
307173 - Комплект внешних глухих компенсационных панелей Ш=600 В=300+100;307173;307173;Под заказ;https://intelka-shop.ru/proizvoditeli/keaz/?section=24#
308240 - Комплект внешних глухих компенсационных панелей Ш=600 В=100+300;308240;308240;Под заказ;https://intelka-shop.ru/proizvoditeli/keaz/?section=24#
308241 - Комплект внешних глухих компенсационных панелей Ш=600 В=100+100;308241;308241;Под заказ;https://intelka-shop.ru/proizvoditeli/keaz/?section=24#
307273 - Панель отсека пластиковая глухая Ш=800 В=600;307273;307273;Под заказ;https://intelka-shop.ru/proizvoditeli/keaz/?section=24#
307272 - Панель отсека пластиковая глухая Ш=800 В=550;307272;307272;Под заказ;https://intelka-shop.ru/proizvoditeli/keaz/?section=24#
307271 - Панель отсека пластиковая глухая Ш=800 В=500;307271;307271;Под заказ;https://intelka-shop.ru/proizvoditeli/keaz/?section=24#
307270 - Панель отсека пластиковая глухая Ш=800 В=450;307270;307270;Под заказ;https://intelka-shop.ru/proizvoditeli/keaz/?section=24#
307269 - Панель отсека пластиковая глухая Ш=800 В=400;307269;307269;Под заказ;https://intelka-shop.ru/proizvoditeli/keaz/?section=24#
307268 - Панель отсека пластиковая глухая Ш=800 В=350;307268;307268;Под заказ;https://intelka-shop.ru/proizvoditeli/keaz/?section=24#
307267 - Панель отсека пластиковая глухая Ш=800 В=300;307267;307267;Под заказ;https://intelka-shop.ru/proizvoditeli/keaz/?section=24#
307266 - Панель отсека пластиковая глухая Ш=800 В=250;307266;307266;Под заказ;https://intelka-shop.ru/proizvoditeli/keaz/?section=24#
307265 - Панель отсека пластиковая глухая Ш=800 В=200;307265;307265;Под заказ;https://intelka-shop.ru/proizvoditeli/keaz/?section=24#
307264 - Панель отсека пластиковая глухая Ш=800 В=150;307264;307264;Под заказ;https://intelka-shop.ru/proizvoditeli/keaz/?section=24#
307263 - Панель отсека пластиковая глухая Ш=800 В=100;307263;307263;Под заказ;https://intelka-shop.ru/proizvoditeli/keaz/?section=24#
307262 - Панель отсека пластиковая глухая Ш=600 В=600;307262;307262;Под заказ;https://intelka-shop.ru/proizvoditeli/keaz/?section=24#
307261 - Панель отсека пластиковая глухая Ш=600 В=550;307261;307261;Под заказ;https://intelka-shop.ru/proizvoditeli/keaz/?section=24#
307260 - Панель отсека пластиковая глухая Ш=600 В=500;307260;307260;Под заказ;https://intelka-shop.ru/proizvoditeli/keaz/?section=24#
307259 - Панель отсека пластиковая глухая Ш=600 В=450;307259;307259;Под заказ;https://intelka-shop.ru/proizvoditeli/keaz/?section=24#
307258 - Панель отсека пластиковая глухая Ш=600 В=400;307258;307258;Под заказ;https://intelka-shop.ru/proizvoditeli/keaz/?section=24#
307257 - Панель отсека пластиковая глухая Ш=600 В=350;307257;307257;Под заказ;https://intelka-shop.ru/proizvoditeli/keaz/?section=24#
307256 - Панель отсека пластиковая глухая Ш=600 В=300;307256;307256;Под заказ;https://intelka-shop.ru/proizvoditeli/keaz/?section=24#
307255 - Панель отсека пластиковая глухая Ш=600 В=250;307255;307255;Под заказ;https://intelka-shop.ru/proizvoditeli/keaz/?section=24#
307254 - Панель отсека пластиковая глухая Ш=600 В=200;307254;307254;Под заказ;https://intelka-shop.ru/proizvoditeli/keaz/?section=24#
307253 - Панель отсека пластиковая глухая Ш=600 В=150;307253;307253;Под заказ;https://intelka-shop.ru/proizvoditeli/keaz/?section=24#
307252 - Панель отсека пластиковая глухая Ш=600 В=100;307252;307252;Под заказ;https://intelka-shop.ru/proizvoditeli/keaz/?section=24#
307251 - Панель отсека пластиковая глухая Ш=400 В=600;307251;307251;Под заказ;https://intelka-shop.ru/proizvoditeli/keaz/?section=24#
307250 - Панель отсека пластиковая глухая Ш=400 В=550;307250;307250;Под заказ;https://intelka-shop.ru/proizvoditeli/keaz/?section=24#
307249 - Панель отсека пластиковая глухая Ш=400 В=500;307249;307249;Под заказ;https://intelka-shop.ru/proizvoditeli/keaz/?section=24#
307248 - Панель отсека пластиковая глухая Ш=400 В=450;307248;307248;Под заказ;https://intelka-shop.ru/proizvoditeli/keaz/?section=24#
307247 - Панель отсека пластиковая глухая Ш=400 В=400;307247;307247;Под заказ;https://intelka-shop.ru/proizvoditeli/keaz/?section=24#
307246 - Панель отсека пластиковая глухая Ш=400 В=350;307246;307246;Под заказ;https://intelka-shop.ru/proizvoditeli/keaz/?section=24#
307245 - Панель отсека пластиковая глухая Ш=400 В=300;307245;307245;Под заказ;https://intelka-shop.ru/proizvoditeli/keaz/?section=24#
307244 - Панель отсека пластиковая глухая Ш=400 В=250;307244;307244;Под заказ;https://intelka-shop.ru/proizvoditeli/keaz/?section=24#
307243 - Панель отсека пластиковая глухая Ш=400 В=200;307243;307243;Под заказ;https://intelka-shop.ru/proizvoditeli/keaz/?section=24#
307242 - Панель отсека пластиковая глухая Ш=400 В=150;307242;307242;Под заказ;https://intelka-shop.ru/proizvoditeli/keaz/?section=24#
307241 - Панель отсека пластиковая глухая Ш=400 В=100;307241;307241;Под заказ;https://intelka-shop.ru/proizvoditeli/keaz/?section=24#
307240 - Панель отсека пластиковая глухая Ш=1200 В=600;307240;307240;Под заказ;https://intelka-shop.ru/proizvoditeli/keaz/?section=24#
307239 - Панель отсека пластиковая глухая Ш=1200 В=500;307239;307239;Под заказ;https://intelka-shop.ru/proizvoditeli/keaz/?section=24#
307238 - Панель отсека пластиковая глухая Ш=1200 В=400;307238;307238;Под заказ;https://intelka-shop.ru/proizvoditeli/keaz/?section=24#
307237 - Панель отсека пластиковая глухая Ш=1200 В=300;307237;307237;Под заказ;https://intelka-shop.ru/proizvoditeli/keaz/?section=24#
307236 - Панель отсека пластиковая глухая Ш=1000 В=600;307236;307236;Под заказ;https://intelka-shop.ru/proizvoditeli/keaz/?section=24#
307235 - Панель отсека пластиковая глухая Ш=1000 В=550;307235;307235;Под заказ;https://intelka-shop.ru/proizvoditeli/keaz/?section=24#
307234 - Панель отсека пластиковая глухая Ш=1000 В=500;307234;307234;Под заказ;https://intelka-shop.ru/proizvoditeli/keaz/?section=24#
307233 - Панель отсека пластиковая глухая Ш=1000 В=450;307233;307233;Под заказ;https://intelka-shop.ru/proizvoditeli/keaz/?section=24#
307232 - Панель отсека пластиковая глухая Ш=1000 В=400;307232;307232;Под заказ;https://intelka-shop.ru/proizvoditeli/keaz/?section=24#
307231 - Панель отсека пластиковая глухая Ш=1000 В=350;307231;307231;Под заказ;https://intelka-shop.ru/proizvoditeli/keaz/?section=24#
307230 - Панель отсека пластиковая глухая Ш=1000 В=300;307230;307230;Под заказ;https://intelka-shop.ru/proizvoditeli/keaz/?section=24#
307229 - Панель отсека пластиковая глухая Ш=1000 В=250;307229;307229;Под заказ;https://intelka-shop.ru/proizvoditeli/keaz/?section=24#
307228 - Панель отсека пластиковая глухая Ш=1000 В=200;307228;307228;Под заказ;https://intelka-shop.ru/proizvoditeli/keaz/?section=24#
307227 - Панель отсека пластиковая глухая Ш=1000 В=150;307227;307227;Под заказ;https://intelka-shop.ru/proizvoditeli/keaz/?section=24#
307226 - Панель отсека пластиковая глухая Ш=1000 В=100;307226;307226;Под заказ;https://intelka-shop.ru/proizvoditeli/keaz/?section=24#
307137 - Панель отсека глухая Ш=800 В=600;307137;307137;Под заказ;https://intelka-shop.ru/proizvoditeli/keaz/?section=24#
307136 - Панель отсека глухая Ш=800 В=500;307136;307136;Под заказ;https://intelka-shop.ru/proizvoditeli/keaz/?section=24#
307135 - Панель отсека глухая Ш=800 В=400;307135;307135;Под заказ;https://intelka-shop.ru/proizvoditeli/keaz/?section=24#
307134 - Панель отсека глухая Ш=800 В=350;307134;307134;Под заказ;https://intelka-shop.ru/proizvoditeli/keaz/?section=24#
307133 - Панель отсека глухая Ш=800 В=300;307133;307133;Под заказ;https://intelka-shop.ru/proizvoditeli/keaz/?section=24#
307132 - Панель отсека глухая Ш=800 В=250;307132;307132;Под заказ;https://intelka-shop.ru/proizvoditeli/keaz/?section=24#
307131 - Панель отсека глухая Ш=800 В=200;307131;307131;Под заказ;https://intelka-shop.ru/proizvoditeli/keaz/?section=24#
307130 - Панель отсека глухая Ш=800 В=150;307130;307130;Под заказ;https://intelka-shop.ru/proizvoditeli/keaz/?section=24#
307129 - Панель отсека глухая Ш=800 В=100;307129;307129;Под заказ;https://intelka-shop.ru/proizvoditeli/keaz/?section=24#
307128 - Панель отсека глухая Ш=600 В=600;307128;307128;Под заказ;https://intelka-shop.ru/proizvoditeli/keaz/?section=24#
307127 - Панель отсека глухая Ш=600 В=500;307127;307127;Под заказ;https://intelka-shop.ru/proizvoditeli/keaz/?section=24#
307126 - Панель отсека глухая Ш=600 В=400;307126;307126;Под заказ;https://intelka-shop.ru/proizvoditeli/keaz/?section=24#
307125 - Панель отсека глухая Ш=600 В=350;307125;307125;Под заказ;https://intelka-shop.ru/proizvoditeli/keaz/?section=24#
307124 - Панель отсека глухая Ш=600 В=300;307124;307124;Под заказ;https://intelka-shop.ru/proizvoditeli/keaz/?section=24#
307123 - Панель отсека глухая Ш=600 В=250;307123;307123;Под заказ;https://intelka-shop.ru/proizvoditeli/keaz/?section=24#
307122 - Панель отсека глухая Ш=600 В=200;307122;307122;Под заказ;https://intelka-shop.ru/proizvoditeli/keaz/?section=24#
307121 - Панель отсека глухая Ш=600 В=150;307121;307121;Под заказ;https://intelka-shop.ru/proizvoditeli/keaz/?section=24#
307120 - Панель отсека глухая Ш=600 В=100;307120;307120;Под заказ;https://intelka-shop.ru/proizvoditeli/keaz/?section=24#
307119 - Панель отсека глухая Ш=400 В=600;307119;307119;Под заказ;https://intelka-shop.ru/proizvoditeli/keaz/?section=24#
307118 - Панель отсека глухая Ш=400 В=500;307118;307118;Под заказ;https://intelka-shop.ru/proizvoditeli/keaz/?section=24#
307117 - Панель отсека глухая Ш=400 В=400;307117;307117;Под заказ;https://intelka-shop.ru/proizvoditeli/keaz/?section=24#
307116 - Панель отсека глухая Ш=400 В=350;307116;307116;Под заказ;https://intelka-shop.ru/proizvoditeli/keaz/?section=24#
307115 - Панель отсека глухая Ш=400 В=300;307115;307115;Под заказ;https://intelka-shop.ru/proizvoditeli/keaz/?section=24#
307114 - Панель отсека глухая Ш=400 В=250;307114;307114;Под заказ;https://intelka-shop.ru/proizvoditeli/keaz/?section=24#
307113 - Панель отсека глухая Ш=400 В=200;307113;307113;Под заказ;https://intelka-shop.ru/proizvoditeli/keaz/?section=24#
307112 - Панель отсека глухая Ш=400 В=150;307112;307112;Под заказ;https://intelka-shop.ru/proizvoditeli/keaz/?section=24#
307111 - Панель отсека глухая Ш=400 В=100;307111;307111;Под заказ;https://intelka-shop.ru/proizvoditeli/keaz/?section=24#
308254 - Панель отсека глухая Ш=1200 В=600;308254;308254;Под заказ;https://intelka-shop.ru/proizvoditeli/keaz/?section=24#
308255 - Панель отсека глухая Ш=1200 В=500;308255;308255;Под заказ;https://intelka-shop.ru/proizvoditeli/keaz/?section=24#
308256 - Панель отсека глухая Ш=1200 В=400;308256;308256;Под заказ;https://intelka-shop.ru/proizvoditeli/keaz/?section=24#
308257 - Панель отсека глухая Ш=1200 В=300;308257;308257;Под заказ;https://intelka-shop.ru/proizvoditeli/keaz/?section=24#
307110 - Панель отсека глухая Ш=1000 В=600;307110;307110;Под заказ;https://intelka-shop.ru/proizvoditeli/keaz/?section=24#
307109 - Панель отсека глухая Ш=1000 В=500;307109;307109;Под заказ;https://intelka-shop.ru/proizvoditeli/keaz/?section=24#
307108 - Панель отсека глухая Ш=1000 В=400;307108;307108;Под заказ;https://intelka-shop.ru/proizvoditeli/keaz/?section=24#
307107 - Панель отсека глухая Ш=1000 В=350;307107;307107;Под заказ;https://intelka-shop.ru/proizvoditeli/keaz/?section=24#
307106 - Панель отсека глухая Ш=1000 В=300;307106;307106;Под заказ;https://intelka-shop.ru/proizvoditeli/keaz/?section=24#
307105 - Панель отсека глухая Ш=1000 В=250;307105;307105;Под заказ;https://intelka-shop.ru/proizvoditeli/keaz/?section=24#
307104 - Панель отсека глухая Ш=1000 В=200;307104;307104;Под заказ;https://intelka-shop.ru/proizvoditeli/keaz/?section=24#
307103 - Панель отсека глухая Ш=1000 В=150;307103;307103;Под заказ;https://intelka-shop.ru/proizvoditeli/keaz/?section=24#
307102 - Панель отсека глухая Ш=1000 В=100;307102;307102;Под заказ;https://intelka-shop.ru/proizvoditeli/keaz/?section=24#
307225 - Панель накладная сплошная В=600 Ш=800;307225;307225;Под заказ;https://intelka-shop.ru/proizvoditeli/keaz/?section=24#
307214 - Панель накладная сплошная В=600 Ш=600;307214;307214;Под заказ;https://intelka-shop.ru/proizvoditeli/keaz/?section=24#
307202 - Панель накладная сплошная В=600 Ш=400;307202;307202;Под заказ;https://intelka-shop.ru/proizvoditeli/keaz/?section=24#
307191 - Панель накладная сплошная В=600 Ш=1200;307191;307191;Под заказ;https://intelka-shop.ru/proizvoditeli/keaz/?section=24#
307187 - Панель накладная сплошная В=600 Ш=1000;307187;307187;Под заказ;https://intelka-shop.ru/proizvoditeli/keaz/?section=24#
307224 - Панель накладная сплошная В=550 Ш=800;307224;307224;Под заказ;https://intelka-shop.ru/proizvoditeli/keaz/?section=24#
307213 - Панель накладная сплошная В=550 Ш=600;307213;307213;Под заказ;https://intelka-shop.ru/proizvoditeli/keaz/?section=24#
307201 - Панель накладная сплошная В=550 Ш=400;307201;307201;Под заказ;https://intelka-shop.ru/proizvoditeli/keaz/?section=24#
307186 - Панель накладная сплошная В=550 Ш=1000;307186;307186;Под заказ;https://intelka-shop.ru/proizvoditeli/keaz/?section=24#
307223 - Панель накладная сплошная В=500 Ш=800;307223;307223;Под заказ;https://intelka-shop.ru/proizvoditeli/keaz/?section=24#
307212 - Панель накладная сплошная В=500 Ш=600;307212;307212;Под заказ;https://intelka-shop.ru/proizvoditeli/keaz/?section=24#
307200 - Панель накладная сплошная В=500 Ш=400;307200;307200;Под заказ;https://intelka-shop.ru/proizvoditeli/keaz/?section=24#
307190 - Панель накладная сплошная В=500 Ш=1200;307190;307190;Под заказ;https://intelka-shop.ru/proizvoditeli/keaz/?section=24#
307185 - Панель накладная сплошная В=500 Ш=1000;307185;307185;Под заказ;https://intelka-shop.ru/proizvoditeli/keaz/?section=24#
307203 - Панель накладная сплошная В=50 Ш=600;307203;307203;Под заказ;https://intelka-shop.ru/proizvoditeli/keaz/?section=24#
307222 - Панель накладная сплошная В=450 Ш=800;307222;307222;Под заказ;https://intelka-shop.ru/proizvoditeli/keaz/?section=24#
307211 - Панель накладная сплошная В=450 Ш=600;307211;307211;Под заказ;https://intelka-shop.ru/proizvoditeli/keaz/?section=24#
307199 - Панель накладная сплошная В=450 Ш=400;307199;307199;Под заказ;https://intelka-shop.ru/proizvoditeli/keaz/?section=24#
307184 - Панель накладная сплошная В=450 Ш=1000;307184;307184;Под заказ;https://intelka-shop.ru/proizvoditeli/keaz/?section=24#
307221 - Панель накладная сплошная В=400 Ш=800;307221;307221;Под заказ;https://intelka-shop.ru/proizvoditeli/keaz/?section=24#
307210 - Панель накладная сплошная В=400 Ш=600;307210;307210;Под заказ;https://intelka-shop.ru/proizvoditeli/keaz/?section=24#
307198 - Панель накладная сплошная В=400 Ш=400;307198;307198;Под заказ;https://intelka-shop.ru/proizvoditeli/keaz/?section=24#
307189 - Панель накладная сплошная В=400 Ш=1200;307189;307189;Под заказ;https://intelka-shop.ru/proizvoditeli/keaz/?section=24#
307172 - Комплект внешних глухих компенсационных панелей Ш=400 В=300+300;307172;307172;Под заказ;https://intelka-shop.ru/proizvoditeli/keaz/?section=24#
307171 - Комплект внешних глухих компенсационных панелей Ш=400 В=300+100;307171;307171;Под заказ;https://intelka-shop.ru/proizvoditeli/keaz/?section=24#
308242 - Комплект внешних глухих компенсационных панелей Ш=400 В=100+300;308242;308242;Под заказ;https://intelka-shop.ru/proizvoditeli/keaz/?section=24#
308243 - Комплект внешних глухих компенсационных панелей Ш=400 В=100+100;308243;308243;Под заказ;https://intelka-shop.ru/proizvoditeli/keaz/?section=24#
307170 - Комплект внешних глухих компенсационных панелей Ш=1200 В=300+300;307170;307170;Под заказ;https://intelka-shop.ru/proizvoditeli/keaz/?section=24#
307169 - Комплект внешних глухих компенсационных панелей Ш=1200 В=300+100;307169;307169;Под заказ;https://intelka-shop.ru/proizvoditeli/keaz/?section=24#
307168 - Комплект внешних глухих компенсационных панелей Ш=1200 В=100+300;307168;307168;Под заказ;https://intelka-shop.ru/proizvoditeli/keaz/?section=24#
307167 - Комплект внешних глухих компенсационных панелей Ш=1200 В=100+100;307167;307167;Под заказ;https://intelka-shop.ru/proizvoditeli/keaz/?section=24#
307166 - Комплект внешних глухих компенсационных панелей Ш=1000 В=300+300;307166;307166;Под заказ;https://intelka-shop.ru/proizvoditeli/keaz/?section=24#
307165 - Комплект внешних глухих компенсационных панелей Ш=1000 В=300+100;307165;307165;Под заказ;https://intelka-shop.ru/proizvoditeli/keaz/?section=24#
308244 - Комплект внешних глухих компенсационных панелей Ш=1000 В=100+300;308244;308244;Под заказ;https://intelka-shop.ru/proizvoditeli/keaz/?section=24#
308245 - Комплект внешних глухих компенсационных панелей Ш=1000 В=100+100;308245;308245;Под заказ;https://intelka-shop.ru/proizvoditeli/keaz/?section=24#
306961 - Плата опорная горизонтальная Ш=400 Г=800;306961;306961;Под заказ;https://intelka-shop.ru/proizvoditeli/keaz/?section=24#
306960 - Плата опорная горизонтальная Ш=400 Г=600;306960;306960;Под заказ;https://intelka-shop.ru/proizvoditeli/keaz/?section=24#
306959 - Плата опорная горизонтальная Ш=300 Г=800;306959;306959;Под заказ;https://intelka-shop.ru/proizvoditeli/keaz/?section=24#
306958 - Плата опорная горизонтальная Ш=300 Г=600;306958;306958;Под заказ;https://intelka-shop.ru/proizvoditeli/keaz/?section=24#
307570 - Плата монтажная, частичная, В=995мм, для шкафов OptiBox M Ш=800мм;307570;307570;Под заказ;https://intelka-shop.ru/proizvoditeli/keaz/?section=24#
307569 - Плата монтажная, частичная, В=995мм, для шкафов OptiBox M Ш=600мм;307569;307569;Под заказ;https://intelka-shop.ru/proizvoditeli/keaz/?section=24#
307568 - Плата монтажная, частичная, В=995мм, для шкафов OptiBox M Ш=1000мм;307568;307568;Под заказ;https://intelka-shop.ru/proizvoditeli/keaz/?section=24#
307579 - Плата монтажная, частичная, В=795мм, для шкафов OptiBox M Ш=800мм;307579;307579;Под заказ;https://intelka-shop.ru/proizvoditeli/keaz/?section=24#
307360 - Дверь внешняя секционная В=500 Ш=800 RAL3000;307360;307360;Под заказ;https://intelka-shop.ru/proizvoditeli/keaz/?section=24#
307359 - Дверь внешняя секционная В=500 Ш=800;307359;307359;Под заказ;https://intelka-shop.ru/proizvoditeli/keaz/?section=24#
307330 - Дверь внешняя секционная В=500 Ш=600 RAL3000;307330;307330;Под заказ;https://intelka-shop.ru/proizvoditeli/keaz/?section=24#
307329 - Дверь внешняя секционная В=500 Ш=600;307329;307329;Под заказ;https://intelka-shop.ru/proizvoditeli/keaz/?section=24#
307303 - Дверь внешняя секционная В=500 Ш=400 RAL3000;307303;307303;Под заказ;https://intelka-shop.ru/proizvoditeli/keaz/?section=24#
307302 - Дверь внешняя секционная В=500 Ш=400;307302;307302;Под заказ;https://intelka-shop.ru/proizvoditeli/keaz/?section=24#
307290 - Дверь внешняя секционная В=500 Ш=1200;307290;307290;Под заказ;https://intelka-shop.ru/proizvoditeli/keaz/?section=24#
307281 - Дверь внешняя секционная В=500 Ш=1000;307281;307281;Под заказ;https://intelka-shop.ru/proizvoditeli/keaz/?section=24#
307358 - Дверь внешняя секционная В=450 Ш=800 RAL3000;307358;307358;Под заказ;https://intelka-shop.ru/proizvoditeli/keaz/?section=24#
307357 - Дверь внешняя секционная В=450 Ш=800;307357;307357;Под заказ;https://intelka-shop.ru/proizvoditeli/keaz/?section=24#
307328 - Дверь внешняя секционная В=450 Ш=600 RAL3000;307328;307328;Под заказ;https://intelka-shop.ru/proizvoditeli/keaz/?section=24#
307327 - Дверь внешняя секционная В=450 Ш=600;307327;307327;Под заказ;https://intelka-shop.ru/proizvoditeli/keaz/?section=24#
307301 - Дверь внешняя секционная В=450 Ш=400 RAL3000;307301;307301;Под заказ;https://intelka-shop.ru/proizvoditeli/keaz/?section=24#
307300 - Дверь внешняя секционная В=450 Ш=400;307300;307300;Под заказ;https://intelka-shop.ru/proizvoditeli/keaz/?section=24#
307280 - Дверь внешняя секционная В=450 Ш=1000;307280;307280;Под заказ;https://intelka-shop.ru/proizvoditeli/keaz/?section=24#
307356 - Дверь внешняя секционная В=400 Ш=800 RAL3000;307356;307356;Под заказ;https://intelka-shop.ru/proizvoditeli/keaz/?section=24#
307355 - Дверь внешняя секционная В=400 Ш=800;307355;307355;Под заказ;https://intelka-shop.ru/proizvoditeli/keaz/?section=24#
307326 - Дверь внешняя секционная В=400 Ш=600 RAL3000;307326;307326;Под заказ;https://intelka-shop.ru/proizvoditeli/keaz/?section=24#
307325 - Дверь внешняя секционная В=400 Ш=600;307325;307325;Под заказ;https://intelka-shop.ru/proizvoditeli/keaz/?section=24#
307299 - Дверь внешняя секционная В=400 Ш=400;307299;307299;Под заказ;https://intelka-shop.ru/proizvoditeli/keaz/?section=24#
307289 - Дверь внешняя секционная В=400 Ш=1200;307289;307289;Под заказ;https://intelka-shop.ru/proizvoditeli/keaz/?section=24#
307279 - Дверь внешняя секционная В=400 Ш=1000;307279;307279;Под заказ;https://intelka-shop.ru/proizvoditeli/keaz/?section=24#
307354 - Дверь внешняя секционная В=350 Ш=800 RAL3000;307354;307354;Под заказ;https://intelka-shop.ru/proizvoditeli/keaz/?section=24#
307353 - Дверь внешняя секционная В=350 Ш=800;307353;307353;Под заказ;https://intelka-shop.ru/proizvoditeli/keaz/?section=24#
307324 - Дверь внешняя секционная В=350 Ш=600 RAL3000;307324;307324;Под заказ;https://intelka-shop.ru/proizvoditeli/keaz/?section=24#
307323 - Дверь внешняя секционная В=350 Ш=600;307323;307323;Под заказ;https://intelka-shop.ru/proizvoditeli/keaz/?section=24#
307298 - Дверь внешняя секционная В=350 Ш=400 RAL3000;307298;307298;Под заказ;https://intelka-shop.ru/proizvoditeli/keaz/?section=24#
307297 - Дверь внешняя секционная В=350 Ш=400;307297;307297;Под заказ;https://intelka-shop.ru/proizvoditeli/keaz/?section=24#
307278 - Дверь внешняя секционная В=350 Ш=1000;307278;307278;Под заказ;https://intelka-shop.ru/proizvoditeli/keaz/?section=24#
307352 - Дверь внешняя секционная В=300 Ш=800 RAL3000;307352;307352;Под заказ;https://intelka-shop.ru/proizvoditeli/keaz/?section=24#
307351 - Дверь внешняя секционная В=300 Ш=800;307351;307351;Под заказ;https://intelka-shop.ru/proizvoditeli/keaz/?section=24#
307322 - Дверь внешняя секционная В=300 Ш=600 RAL3000;307322;307322;Под заказ;https://intelka-shop.ru/proizvoditeli/keaz/?section=24#
307321 - Дверь внешняя секционная В=300 Ш=600;307321;307321;Под заказ;https://intelka-shop.ru/proizvoditeli/keaz/?section=24#
307296 - Дверь внешняя секционная В=300 Ш=400 RAL3000;307296;307296;Под заказ;https://intelka-shop.ru/proizvoditeli/keaz/?section=24#
307295 - Дверь внешняя секционная В=300 Ш=400;307295;307295;Под заказ;https://intelka-shop.ru/proizvoditeli/keaz/?section=24#
307277 - Дверь внешняя секционная В=300 Ш=1000;307277;307277;Под заказ;https://intelka-shop.ru/proizvoditeli/keaz/?section=24#
307350 - Дверь внешняя секционная В=250 Ш=800 RAL3000;307350;307350;Под заказ;https://intelka-shop.ru/proizvoditeli/keaz/?section=24#
307349 - Дверь внешняя секционная В=250 Ш=800;307349;307349;Под заказ;https://intelka-shop.ru/proizvoditeli/keaz/?section=24#
307320 - Дверь внешняя секционная В=250 Ш=600 RAL3000;307320;307320;Под заказ;https://intelka-shop.ru/proizvoditeli/keaz/?section=24#
307319 - Дверь внешняя секционная В=250 Ш=600;307319;307319;Под заказ;https://intelka-shop.ru/proizvoditeli/keaz/?section=24#
307294 - Дверь внешняя секционная В=250 Ш=400;307294;307294;Под заказ;https://intelka-shop.ru/proizvoditeli/keaz/?section=24#
307276 - Дверь внешняя секционная В=250 Ш=1000;307276;307276;Под заказ;https://intelka-shop.ru/proizvoditeli/keaz/?section=24#
307348 - Дверь внешняя секционная В=200 Ш=800 RAL3000;307348;307348;Под заказ;https://intelka-shop.ru/proizvoditeli/keaz/?section=24#
307347 - Дверь внешняя секционная В=200 Ш=800;307347;307347;Под заказ;https://intelka-shop.ru/proizvoditeli/keaz/?section=24#
307318 - Дверь внешняя секционная В=200 Ш=600 RAL3000;307318;307318;Под заказ;https://intelka-shop.ru/proizvoditeli/keaz/?section=24#
307317 - Дверь внешняя секционная В=200 Ш=600;307317;307317;Под заказ;https://intelka-shop.ru/proizvoditeli/keaz/?section=24#
307293 - Дверь внешняя секционная В=200 Ш=400;307293;307293;Под заказ;https://intelka-shop.ru/proizvoditeli/keaz/?section=24#
307275 - Дверь внешняя секционная В=200 Ш=1000;307275;307275;Под заказ;https://intelka-shop.ru/proizvoditeli/keaz/?section=24#
307346 - Дверь внешняя секционная В=150 Ш=800 RAL3000;307346;307346;Под заказ;https://intelka-shop.ru/proizvoditeli/keaz/?section=24#
307345 - Дверь внешняя секционная В=150 Ш=800;307345;307345;Под заказ;https://intelka-shop.ru/proizvoditeli/keaz/?section=24#
307316 - Дверь внешняя секционная В=150 Ш=600 RAL3000;307316;307316;Под заказ;https://intelka-shop.ru/proizvoditeli/keaz/?section=24#
307315 - Дверь внешняя секционная В=150 Ш=600;307315;307315;Под заказ;https://intelka-shop.ru/proizvoditeli/keaz/?section=24#
307292 - Дверь внешняя секционная В=150 Ш=400;307292;307292;Под заказ;https://intelka-shop.ru/proizvoditeli/keaz/?section=24#
307274 - Дверь внешняя секционная В=150 Ш=1000;307274;307274;Под заказ;https://intelka-shop.ru/proizvoditeli/keaz/?section=24#
307384 - Дверь внешняя прозрачная В=600 Ш=800;307384;307384;Под заказ;https://intelka-shop.ru/proizvoditeli/keaz/?section=24#
307379 - Дверь внешняя прозрачная В=600 Ш=600;307379;307379;Под заказ;https://intelka-shop.ru/proizvoditeli/keaz/?section=24#
307383 - Дверь внешняя прозрачная В=550 Ш=800;307383;307383;Под заказ;https://intelka-shop.ru/proizvoditeli/keaz/?section=24#
307378 - Дверь внешняя прозрачная В=550 Ш=600;307378;307378;Под заказ;https://intelka-shop.ru/proizvoditeli/keaz/?section=24#
307382 - Дверь внешняя прозрачная В=500 Ш=800;307382;307382;Под заказ;https://intelka-shop.ru/proizvoditeli/keaz/?section=24#
307377 - Дверь внешняя прозрачная В=500 Ш=600;307377;307377;Под заказ;https://intelka-shop.ru/proizvoditeli/keaz/?section=24#
307381 - Дверь внешняя прозрачная В=450 Ш=800;307381;307381;Под заказ;https://intelka-shop.ru/proizvoditeli/keaz/?section=24#
307376 - Дверь внешняя прозрачная В=450 Ш=600;307376;307376;Под заказ;https://intelka-shop.ru/proizvoditeli/keaz/?section=24#
307380 - Дверь внешняя прозрачная В=400 Ш=800;307380;307380;Под заказ;https://intelka-shop.ru/proizvoditeli/keaz/?section=24#
307375 - Дверь внешняя прозрачная В=400 Ш=600;307375;307375;Под заказ;https://intelka-shop.ru/proizvoditeli/keaz/?section=24#
306927 - Уплотнитель для ввода кабеля, для шкафов OptiBox M Шириной 800 мм;306927;306927;Под заказ;https://intelka-shop.ru/proizvoditeli/keaz/?section=24#
306926 - Уплотнитель для ввода кабеля, для шкафов OptiBox M Шириной 600 мм;306926;306926;Под заказ;https://intelka-shop.ru/proizvoditeli/keaz/?section=24#
306925 - Уплотнитель для ввода кабеля, для шкафов OptiBox M Шириной 400 мм;306925;306925;Под заказ;https://intelka-shop.ru/proizvoditeli/keaz/?section=24#
306946 - Уплотнитель для ввода кабеля, для шкафов OptiBox M Шириной 1200 мм;306946;306946;Под заказ;https://intelka-shop.ru/proizvoditeli/keaz/?section=24#
306924 - Уплотнитель для ввода кабеля, для шкафов OptiBox M Шириной 1000 мм;306924;306924;Под заказ;https://intelka-shop.ru/proizvoditeli/keaz/?section=24#
306888 - Точка заземления внешняя для OptiBox M М8хМ6;306888;306888;Под заказ;https://intelka-shop.ru/proizvoditeli/keaz/?section=24#
306905 - Пластина со щетками шириной 800, глубиной 210мм;306905;306905;Под заказ;https://intelka-shop.ru/proizvoditeli/keaz/?section=24#
306904 - Пластина со щетками шириной 600, глубиной 210мм;306904;306904;Под заказ;https://intelka-shop.ru/proizvoditeli/keaz/?section=24#
306903 - Пластина со щетками шириной 1000, глубиной 210мм;306903;306903;Под заказ;https://intelka-shop.ru/proizvoditeli/keaz/?section=24#
306887 - Пластина для глубины 800, с щеткой;306887;306887;Под заказ;https://intelka-shop.ru/proizvoditeli/keaz/?section=24#
306881 - Пластина для глубины 800, глухая;306881;306881;Под заказ;https://intelka-shop.ru/proizvoditeli/keaz/?section=24#
306886 - Пластина для глубины 600, с щеткой;306886;306886;Под заказ;https://intelka-shop.ru/proizvoditeli/keaz/?section=24#
306880 - Пластина для глубины 600, глухая;306880;306880;Под заказ;https://intelka-shop.ru/proizvoditeli/keaz/?section=24#
306885 - Пластина для глубины 400, с щеткой;306885;306885;Под заказ;https://intelka-shop.ru/proizvoditeli/keaz/?section=24#
306879 - Пластина для глубины 400, глухая;306879;306879;Под заказ;https://intelka-shop.ru/proizvoditeli/keaz/?section=24#
306897 - Пластина глухая шириной 800, глубиной 210мм;306897;306897;Под заказ;https://intelka-shop.ru/proizvoditeli/keaz/?section=24#
306896 - Пластина глухая шириной 600, глубиной 210мм;306896;306896;Под заказ;https://intelka-shop.ru/proizvoditeli/keaz/?section=24#
306895 - Пластина глухая шириной 1000, глубиной 210мм;306895;306895;Под заказ;https://intelka-shop.ru/proizvoditeli/keaz/?section=24#
306884 - Пластина 600х800;306884;306884;Под заказ;https://intelka-shop.ru/proizvoditeli/keaz/?section=24#
306883 - Пластина 600х600;306883;306883;Под заказ;https://intelka-shop.ru/proizvoditeli/keaz/?section=24#
306882 - Пластина 600х400;306882;306882;Под заказ;https://intelka-shop.ru/proizvoditeli/keaz/?section=24#
306921 - Панель для кабельного ввода, 8 мест, для шкафов шириной 1000 мм, 1упаковка - 2 шт;306921;306921;Под заказ;https://intelka-shop.ru/proizvoditeli/keaz/?section=24#
306923 - Панель для кабельного ввода, 6 мест, для шкафов шириной 800 мм, 1упаковка - 2 шт;306923;306923;Под заказ;https://intelka-shop.ru/proizvoditeli/keaz/?section=24#
306922 - Панель для кабельного ввода, 4 места, для шкафов шириной 600 мм, 1упаковка - 2 шт;306922;306922;Под заказ;https://intelka-shop.ru/proizvoditeli/keaz/?section=24#
306945 - Панель для кабельного ввода, 10 мест, для шкафов шириной 1200 мм, 1упаковка - 2 шт;306945;306945;Под заказ;https://intelka-shop.ru/proizvoditeli/keaz/?section=24#
306894 - Пакет центральный глубиной 800 со щетками;306894;306894;Под заказ;https://intelka-shop.ru/proizvoditeli/keaz/?section=24#
306891 - Пакет центральный глубиной 800 глухой;306891;306891;Под заказ;https://intelka-shop.ru/proizvoditeli/keaz/?section=24#
306893 - Пакет центральный глубиной 600 со щетками;306893;306893;Под заказ;https://intelka-shop.ru/proizvoditeli/keaz/?section=24#
306890 - Пакет центральный глубиной 600 глухой;306890;306890;Под заказ;https://intelka-shop.ru/proizvoditeli/keaz/?section=24#
306892 - Пакет центральный глубиной 400 со щетками;306892;306892;Под заказ;https://intelka-shop.ru/proizvoditeli/keaz/?section=24#
306889 - Пакет центральный глубиной 400 глухой;306889;306889;Под заказ;https://intelka-shop.ru/proizvoditeli/keaz/?section=24#
306878 - Комплект угловых элементов с пластиковыми заглушками, В =200 мм, 1 кмп =4 шт.;306878;306878;В наличии;https://intelka-shop.ru/proizvoditeli/keaz/?section=24#
306872 - Комплект угловых элементов с пластиковыми заглушками, В =100 мм, 1 кмп =4 шт.;306872;306872;В наличии;https://intelka-shop.ru/proizvoditeli/keaz/?section=24#
306902 - Комплект панелей цоколя, Ш/Г=800 мм, В=200 мм, 1 кмп=2 шт;306902;306902;Под заказ;https://intelka-shop.ru/proizvoditeli/keaz/?section=24#
306877 - Комплект панелей цоколя, Ш/Г=800 мм, В=100мм, 1 кмп=2 шт;306877;306877;В наличии;https://intelka-shop.ru/proizvoditeli/keaz/?section=24#
306901 - Комплект панелей цоколя, Ш/Г=600 мм, В=200 мм, 1 кмп=2 шт;306901;306901;Под заказ;https://intelka-shop.ru/proizvoditeli/keaz/?section=24#
306876 - Комплект панелей цоколя, Ш/Г=600 мм, В=100мм, 1 кмп=2 шт;306876;306876;В наличии;https://intelka-shop.ru/proizvoditeli/keaz/?section=24#
306900 - Комплект панелей цоколя, Ш/Г=400 мм, В=200 мм, 1 кмп=2 шт;306900;306900;Под заказ;https://intelka-shop.ru/proizvoditeli/keaz/?section=24#
306875 - Комплект панелей цоколя, Ш/Г=400 мм, В=100мм, 1 кмп=2 шт;306875;306875;В наличии;https://intelka-shop.ru/proizvoditeli/keaz/?section=24#
306899 - Комплект панелей цоколя, Ш/Г=300 мм, В=200 мм, 1 кмп=2 шт;306899;306899;Под заказ;https://intelka-shop.ru/proizvoditeli/keaz/?section=24#
306874 - Комплект панелей цоколя, Ш/Г=300 мм, В=100мм, 1 кмп=2 шт;306874;306874;Под заказ;https://intelka-shop.ru/proizvoditeli/keaz/?section=24#
306944 - Комплект панелей цоколя, Ш/Г=1200, В=200 мм, 1 кмп=2 шт;306944;306944;Под заказ;https://intelka-shop.ru/proizvoditeli/keaz/?section=24#
306943 - Комплект панелей цоколя, Ш/Г=1200 мм, В=100 мм, 1 кмп=2 шт;306943;306943;В наличии;https://intelka-shop.ru/proizvoditeli/keaz/?section=24#
306898 - Комплект панелей цоколя, Ш/Г=1000 мм, В=200 мм, 1 кмп=2 шт;306898;306898;Под заказ;https://intelka-shop.ru/proizvoditeli/keaz/?section=24#
306873 - Комплект панелей цоколя, Ш/Г=1000 мм, В=100 мм, 1 кмп=2 шт;306873;306873;Под заказ;https://intelka-shop.ru/proizvoditeli/keaz/?section=24#
306920 - Зажим кабельный для С-профиля, диаметр кабеля 64-70 мм;306920;306920;Под заказ;https://intelka-shop.ru/proizvoditeli/keaz/?section=24#
306912 - Зажим кабельный для С-профиля, диаметр кабеля 6-14 мм;306912;306912;Под заказ;https://intelka-shop.ru/proizvoditeli/keaz/?section=24#
306919 - Зажим кабельный для С-профиля, диаметр кабеля 50-64 мм;306919;306919;Под заказ;https://intelka-shop.ru/proizvoditeli/keaz/?section=24#
306918 - Зажим кабельный для С-профиля, диаметр кабеля 42-50 мм;306918;306918;Под заказ;https://intelka-shop.ru/proizvoditeli/keaz/?section=24#
306917 - Зажим кабельный для С-профиля, диаметр кабеля 38-42 мм;306917;306917;Под заказ;https://intelka-shop.ru/proizvoditeli/keaz/?section=24#
306916 - Зажим кабельный для С-профиля, диаметр кабеля 30-38 мм;306916;306916;Под заказ;https://intelka-shop.ru/proizvoditeli/keaz/?section=24#
306915 - Зажим кабельный для С-профиля, диаметр кабеля 22-30 мм;306915;306915;Под заказ;https://intelka-shop.ru/proizvoditeli/keaz/?section=24#
306914 - Зажим кабельный для С-профиля, диаметр кабеля 18-22 мм;306914;306914;Под заказ;https://intelka-shop.ru/proizvoditeli/keaz/?section=24#
306913 - Зажим кабельный для С-профиля, диаметр кабеля 12-18 мм;306913;306913;Под заказ;https://intelka-shop.ru/proizvoditeli/keaz/?section=24#
306911 - Заглушка шириной 800, глубиной 72 мм;306911;306911;Под заказ;https://intelka-shop.ru/proizvoditeli/keaz/?section=24#
306910 - Заглушка шириной 800, глубиной 172 мм;306910;306910;Под заказ;https://intelka-shop.ru/proizvoditeli/keaz/?section=24#
306909 - Заглушка шириной 600, глубиной 72 мм;306909;306909;Под заказ;https://intelka-shop.ru/proizvoditeli/keaz/?section=24#
306908 - Заглушка шириной 600, глубиной 172 мм;306908;306908;Под заказ;https://intelka-shop.ru/proizvoditeli/keaz/?section=24#
306907 - Заглушка шириной 1000, глубиной 72 мм;306907;306907;Под заказ;https://intelka-shop.ru/proizvoditeli/keaz/?section=24#
306906 - Заглушка шириной 1000, глубиной 172 мм;306906;306906;Под заказ;https://intelka-shop.ru/proizvoditeli/keaz/?section=24#
306939 - Дно сплошное, для шкафов OptiBox M 800x800 мм;306939;306939;Под заказ;https://intelka-shop.ru/proizvoditeli/keaz/?section=24#
306938 - Дно сплошное, для шкафов OptiBox M 800x600 мм;306938;306938;Под заказ;https://intelka-shop.ru/proizvoditeli/keaz/?section=24#
306937 - Дно сплошное, для шкафов OptiBox M 800x400 мм;306937;306937;Под заказ;https://intelka-shop.ru/proizvoditeli/keaz/?section=24#
306936 - Дно сплошное, для шкафов OptiBox M 600x800 мм;306936;306936;Под заказ;https://intelka-shop.ru/proizvoditeli/keaz/?section=24#
306935 - Дно сплошное, для шкафов OptiBox M 600x600 мм;306935;306935;Под заказ;https://intelka-shop.ru/proizvoditeli/keaz/?section=24#
306934 - Дно сплошное, для шкафов OptiBox M 600x400 мм;306934;306934;Под заказ;https://intelka-shop.ru/proizvoditeli/keaz/?section=24#
306933 - Дно сплошное, для шкафов OptiBox M 400x800 мм;306933;306933;Под заказ;https://intelka-shop.ru/proizvoditeli/keaz/?section=24#
306932 - Дно сплошное, для шкафов OptiBox M 400x600 мм;306932;306932;Под заказ;https://intelka-shop.ru/proizvoditeli/keaz/?section=24#
306931 - Дно сплошное, для шкафов OptiBox M 400x400 мм;306931;306931;Под заказ;https://intelka-shop.ru/proizvoditeli/keaz/?section=24#
306930 - Дно сплошное, для шкафов OptiBox M 1000x800 мм;306930;306930;Под заказ;https://intelka-shop.ru/proizvoditeli/keaz/?section=24#
306929 - Дно сплошное, для шкафов OptiBox M 1000x600 мм;306929;306929;Под заказ;https://intelka-shop.ru/proizvoditeli/keaz/?section=24#
306928 - Дно сплошное, для шкафов OptiBox M 1000x400 мм;306928;306928;Под заказ;https://intelka-shop.ru/proizvoditeli/keaz/?section=24#
306942 - Ввод кабельный - мембранный, 9х13мм - кол-во отверстий=9, макс. диаметр=13мм;306942;306942;Под заказ;https://intelka-shop.ru/proizvoditeli/keaz/?section=24#
306941 - Ввод кабельный - мембранный, 4х21мм - кол-во отверстий=4, макс. диаметр=21мм;306941;306941;Под заказ;https://intelka-shop.ru/proizvoditeli/keaz/?section=24#
306940 - Ввод кабельный - мембранный, 1х47мм - кол-во отверстий=1, макс. диаметр=47мм,;306940;306940;Под заказ;https://intelka-shop.ru/proizvoditeli/keaz/?section=24#
307642 - Плата монтажная, частичная, В=795мм, для шкафов OptiBox M Ш=600мм;307642;307642;Под заказ;https://intelka-shop.ru/proizvoditeli/keaz/?section=24#
307577 - Плата монтажная, частичная, В=795мм, для шкафов OptiBox M Ш=1000мм;307577;307577;Под заказ;https://intelka-shop.ru/proizvoditeli/keaz/?section=24#
307576 - Плата монтажная, частичная, В=595мм, для шкафов OptiBox M Ш=800мм;307576;307576;Под заказ;https://intelka-shop.ru/proizvoditeli/keaz/?section=24#
307575 - Плата монтажная, частичная, В=595мм, для шкафов OptiBox M Ш=600мм;307575;307575;Под заказ;https://intelka-shop.ru/proizvoditeli/keaz/?section=24#
307574 - Плата монтажная, частичная, В=595мм, для шкафов OptiBox M Ш=1000мм;307574;307574;Под заказ;https://intelka-shop.ru/proizvoditeli/keaz/?section=24#
307573 - Плата монтажная, частичная, В=1195мм, для шкафов OptiBox M Ш=800мм;307573;307573;Под заказ;https://intelka-shop.ru/proizvoditeli/keaz/?section=24#
307572 - Плата монтажная, частичная, В=1195мм, для шкафов OptiBox M Ш=600мм;307572;307572;Под заказ;https://intelka-shop.ru/proizvoditeli/keaz/?section=24#
307571 - Плата монтажная, частичная, В=1195мм, для шкафов OptiBox M Ш=1000мм;307571;307571;Под заказ;https://intelka-shop.ru/proizvoditeli/keaz/?section=24#
307532 - Плата монтажная, секционная, В=1000мм, для шкафов OptiBox M Ш=1000мм;307532;307532;Под заказ;https://intelka-shop.ru/proizvoditeli/keaz/?section=24#
307567 - Плата монтажная, секционная, В=900мм, для шкафов OptiBox M Ш=800мм;307567;307567;Под заказ;https://intelka-shop.ru/proizvoditeli/keaz/?section=24#
307558 - Плата монтажная, секционная, В=900мм, для шкафов OptiBox M Ш=600мм;307558;307558;Под заказ;https://intelka-shop.ru/proizvoditeli/keaz/?section=24#
307549 - Плата монтажная, секционная, В=900мм, для шкафов OptiBox M Ш=400мм;307549;307549;Под заказ;https://intelka-shop.ru/proizvoditeli/keaz/?section=24#
307540 - Плата монтажная, секционная, В=900мм, для шкафов OptiBox M Ш=1000мм;307540;307540;Под заказ;https://intelka-shop.ru/proizvoditeli/keaz/?section=24#
307566 - Плата монтажная, секционная, В=800мм, для шкафов OptiBox M Ш=800мм;307566;307566;Под заказ;https://intelka-shop.ru/proizvoditeli/keaz/?section=24#
307557 - Плата монтажная, секционная, В=800мм, для шкафов OptiBox M Ш=600мм;307557;307557;Под заказ;https://intelka-shop.ru/proizvoditeli/keaz/?section=24#
307548 - Плата монтажная, секционная, В=800мм, для шкафов OptiBox M Ш=400мм;307548;307548;Под заказ;https://intelka-shop.ru/proizvoditeli/keaz/?section=24#
307539 - Плата монтажная, секционная, В=800мм, для шкафов OptiBox M Ш=1000мм;307539;307539;Под заказ;https://intelka-shop.ru/proizvoditeli/keaz/?section=24#
307565 - Плата монтажная, секционная, В=600мм, для шкафов OptiBox M Ш=800мм;307565;307565;Под заказ;https://intelka-shop.ru/proizvoditeli/keaz/?section=24#
307556 - Плата монтажная, секционная, В=600мм, для шкафов OptiBox M Ш=600мм;307556;307556;Под заказ;https://intelka-shop.ru/proizvoditeli/keaz/?section=24#
307547 - Плата монтажная, секционная, В=600мм, для шкафов OptiBox M Ш=400мм;307547;307547;Под заказ;https://intelka-shop.ru/proizvoditeli/keaz/?section=24#
307538 - Плата монтажная, секционная, В=600мм, для шкафов OptiBox M Ш=1000мм;307538;307538;Под заказ;https://intelka-shop.ru/proizvoditeli/keaz/?section=24#
307564 - Плата монтажная, секционная, В=500мм, для шкафов OptiBox M Ш=800мм;307564;307564;Под заказ;https://intelka-shop.ru/proizvoditeli/keaz/?section=24#
307555 - Плата монтажная, секционная, В=500мм, для шкафов OptiBox M Ш=600мм;307555;307555;Под заказ;https://intelka-shop.ru/proizvoditeli/keaz/?section=24#
307546 - Плата монтажная, секционная, В=500мм, для шкафов OptiBox M Ш=400мм;307546;307546;Под заказ;https://intelka-shop.ru/proizvoditeli/keaz/?section=24#
307537 - Плата монтажная, секционная, В=500мм, для шкафов OptiBox M Ш=1000мм;307537;307537;Под заказ;https://intelka-shop.ru/proizvoditeli/keaz/?section=24#
307563 - Плата монтажная, секционная, В=400мм, для шкафов OptiBox M Ш=800мм;307563;307563;Под заказ;https://intelka-shop.ru/proizvoditeli/keaz/?section=24#
307554 - Плата монтажная, секционная, В=400мм, для шкафов OptiBox M Ш=600мм;307554;307554;Под заказ;https://intelka-shop.ru/proizvoditeli/keaz/?section=24#
307545 - Плата монтажная, секционная, В=400мм, для шкафов OptiBox M Ш=400мм;307545;307545;Под заказ;https://intelka-shop.ru/proizvoditeli/keaz/?section=24#
307536 - Плата монтажная, секционная, В=400мм, для шкафов OptiBox M Ш=1000мм;307536;307536;Под заказ;https://intelka-shop.ru/proizvoditeli/keaz/?section=24#
307562 - Плата монтажная, секционная, В=300мм, для шкафов OptiBox M Ш=800мм;307562;307562;Под заказ;https://intelka-shop.ru/proizvoditeli/keaz/?section=24#
307553 - Плата монтажная, секционная, В=300мм, для шкафов OptiBox M Ш=600мм;307553;307553;Под заказ;https://intelka-shop.ru/proizvoditeli/keaz/?section=24#
307544 - Плата монтажная, секционная, В=300мм, для шкафов OptiBox M Ш=400мм;307544;307544;Под заказ;https://intelka-shop.ru/proizvoditeli/keaz/?section=24#
307535 - Плата монтажная, секционная, В=300мм, для шкафов OptiBox M Ш=1000мм;307535;307535;Под заказ;https://intelka-shop.ru/proizvoditeli/keaz/?section=24#
307561 - Плата монтажная, секционная, В=200мм, для шкафов OptiBox M Ш=800мм;307561;307561;Под заказ;https://intelka-shop.ru/proizvoditeli/keaz/?section=24#
307552 - Плата монтажная, секционная, В=200мм, для шкафов OptiBox M Ш=600мм;307552;307552;Под заказ;https://intelka-shop.ru/proizvoditeli/keaz/?section=24#
307543 - Плата монтажная, секционная, В=200мм, для шкафов OptiBox M Ш=400мм;307543;307543;Под заказ;https://intelka-shop.ru/proizvoditeli/keaz/?section=24#
307534 - Плата монтажная, секционная, В=200 мм, для шкафов OptiBox M Ш=1000 мм;307534;307534;Под заказ;https://intelka-shop.ru/proizvoditeli/keaz/?section=24#
307551 - Плата монтажная, секционная, В=150мм, для шкафов OptiBox M Ш=600мм;307551;307551;Под заказ;https://intelka-shop.ru/proizvoditeli/keaz/?section=24#
307542 - Плата монтажная, секционная, В=150мм, для шкафов OptiBox M Ш=400мм;307542;307542;Под заказ;https://intelka-shop.ru/proizvoditeli/keaz/?section=24#
307560 - Плата монтажная, секционная, В=150 мм, для шкафов OptiBox M Ш=800мм;307560;307560;Под заказ;https://intelka-shop.ru/proizvoditeli/keaz/?section=24#
307533 - Плата монтажная, секционная, В=150 мм, для шкафов OptiBox M Ш=1000мм;307533;307533;Под заказ;https://intelka-shop.ru/proizvoditeli/keaz/?section=24#
307550 - Плата монтажная, секционная, В=1000мм, для шкафов OptiBox M Ш=600мм;307550;307550;Под заказ;https://intelka-shop.ru/proizvoditeli/keaz/?section=24#
307541 - Плата монтажная, секционная, В=1000мм, для шкафов OptiBox M Ш=400мм;307541;307541;Под заказ;https://intelka-shop.ru/proizvoditeli/keaz/?section=24#
307559 - Плата монтажная, секционная, В=1000мм, для шкафов OptiBox M Ш=800мм;307559;307559;Под заказ;https://intelka-shop.ru/proizvoditeli/keaz/?section=24#
307433 - Плата монтажная релейного отсека Ш=800 В=600;307433;307433;Под заказ;https://intelka-shop.ru/proizvoditeli/keaz/?section=24#
307432 - Плата монтажная релейного отсека Ш=800 В=500;307432;307432;Под заказ;https://intelka-shop.ru/proizvoditeli/keaz/?section=24#
307431 - Плата монтажная релейного отсека Ш=800 В=400;307431;307431;Под заказ;https://intelka-shop.ru/proizvoditeli/keaz/?section=24#
307430 - Плата монтажная релейного отсека Ш=600 В=600;307430;307430;Под заказ;https://intelka-shop.ru/proizvoditeli/keaz/?section=24#
307429 - Плата монтажная релейного отсека Ш=600 В=500;307429;307429;Под заказ;https://intelka-shop.ru/proizvoditeli/keaz/?section=24#
307428 - Плата монтажная релейного отсека Ш=600 В=400;307428;307428;Под заказ;https://intelka-shop.ru/proizvoditeli/keaz/?section=24#
307427 - Плата монтажная релейного отсека Ш=1200 В=600;307427;307427;Под заказ;https://intelka-shop.ru/proizvoditeli/keaz/?section=24#
307426 - Плата монтажная релейного отсека Ш=1200 В=500;307426;307426;Под заказ;https://intelka-shop.ru/proizvoditeli/keaz/?section=24#
307425 - Плата монтажная релейного отсека Ш=1200 В=400;307425;307425;Под заказ;https://intelka-shop.ru/proizvoditeli/keaz/?section=24#
307424 - Плата монтажная релейного отсека Ш=1000 В=600;307424;307424;Под заказ;https://intelka-shop.ru/proizvoditeli/keaz/?section=24#
307423 - Плата монтажная релейного отсека Ш=1000 В=500;307423;307423;Под заказ;https://intelka-shop.ru/proizvoditeli/keaz/?section=24#
307422 - Плата монтажная релейного отсека Ш=1000 В=400;307422;307422;Под заказ;https://intelka-shop.ru/proizvoditeli/keaz/?section=24#
306995 - Плата компенсационная для разделителя Ш=800;306995;306995;Под заказ;https://intelka-shop.ru/proizvoditeli/keaz/?section=24#
306994 - Плата компенсационная для разделителя Ш=600;306994;306994;Под заказ;https://intelka-shop.ru/proizvoditeli/keaz/?section=24#
307374 - Дверь внешняя секционная В=850 Ш=800 RAL3000;307374;307374;Под заказ;https://intelka-shop.ru/proizvoditeli/keaz/?section=24#
307373 - Дверь внешняя секционная В=850 Ш=800;307373;307373;Под заказ;https://intelka-shop.ru/proizvoditeli/keaz/?section=24#
307344 - Дверь внешняя секционная В=850 Ш=600 RAL3000;307344;307344;Под заказ;https://intelka-shop.ru/proizvoditeli/keaz/?section=24#
307343 - Дверь внешняя секционная В=850 Ш=600;307343;307343;Под заказ;https://intelka-shop.ru/proizvoditeli/keaz/?section=24#
307314 - Дверь внешняя секционная В=850 Ш=400;307314;307314;Под заказ;https://intelka-shop.ru/proizvoditeli/keaz/?section=24#
307288 - Дверь внешняя секционная В=850 Ш=1000;307288;307288;Под заказ;https://intelka-shop.ru/proizvoditeli/keaz/?section=24#
307372 - Дверь внешняя секционная В=800 Ш=800 RAL3000;307372;307372;Под заказ;https://intelka-shop.ru/proizvoditeli/keaz/?section=24#
307371 - Дверь внешняя секционная В=800 Ш=800;307371;307371;Под заказ;https://intelka-shop.ru/proizvoditeli/keaz/?section=24#
307342 - Дверь внешняя секционная В=800 Ш=600 RAL3000;307342;307342;Под заказ;https://intelka-shop.ru/proizvoditeli/keaz/?section=24#
307341 - Дверь внешняя секционная В=800 Ш=600;307341;307341;Под заказ;https://intelka-shop.ru/proizvoditeli/keaz/?section=24#
307313 - Дверь внешняя секционная В=800 Ш=400 RAL3000;307313;307313;Под заказ;https://intelka-shop.ru/proizvoditeli/keaz/?section=24#
307312 - Дверь внешняя секционная В=800 Ш=400;307312;307312;Под заказ;https://intelka-shop.ru/proizvoditeli/keaz/?section=24#
307287 - Дверь внешняя секционная В=800 Ш=1000;307287;307287;Под заказ;https://intelka-shop.ru/proizvoditeli/keaz/?section=24#
307370 - Дверь внешняя секционная В=750 Ш=800 RAL3000;307370;307370;Под заказ;https://intelka-shop.ru/proizvoditeli/keaz/?section=24#
307369 - Дверь внешняя секционная В=750 Ш=800;307369;307369;Под заказ;https://intelka-shop.ru/proizvoditeli/keaz/?section=24#
307340 - Дверь внешняя секционная В=750 Ш=600 RAL3000;307340;307340;Под заказ;https://intelka-shop.ru/proizvoditeli/keaz/?section=24#
307339 - Дверь внешняя секционная В=750 Ш=600;307339;307339;Под заказ;https://intelka-shop.ru/proizvoditeli/keaz/?section=24#
307311 - Дверь внешняя секционная В=750 Ш=400;307311;307311;Под заказ;https://intelka-shop.ru/proizvoditeli/keaz/?section=24#
307286 - Дверь внешняя секционная В=750 Ш=1000;307286;307286;Под заказ;https://intelka-shop.ru/proizvoditeli/keaz/?section=24#
307368 - Дверь внешняя секционная В=700 Ш=800 RAL3000;307368;307368;Под заказ;https://intelka-shop.ru/proizvoditeli/keaz/?section=24#
307367 - Дверь внешняя секционная В=700 Ш=800;307367;307367;Под заказ;https://intelka-shop.ru/proizvoditeli/keaz/?section=24#
307338 - Дверь внешняя секционная В=700 Ш=600 RAL3000;307338;307338;Под заказ;https://intelka-shop.ru/proizvoditeli/keaz/?section=24#
307337 - Дверь внешняя секционная В=700 Ш=600;307337;307337;Под заказ;https://intelka-shop.ru/proizvoditeli/keaz/?section=24#
307310 - Дверь внешняя секционная В=700 Ш=400 RAL3000;307310;307310;Под заказ;https://intelka-shop.ru/proizvoditeli/keaz/?section=24#
307309 - Дверь внешняя секционная В=700 Ш=400;307309;307309;Под заказ;https://intelka-shop.ru/proizvoditeli/keaz/?section=24#
307285 - Дверь внешняя секционная В=700 Ш=1000;307285;307285;Под заказ;https://intelka-shop.ru/proizvoditeli/keaz/?section=24#
307366 - Дверь внешняя секционная В=650 Ш=800 RAL3000;307366;307366;Под заказ;https://intelka-shop.ru/proizvoditeli/keaz/?section=24#
307365 - Дверь внешняя секционная В=650 Ш=800;307365;307365;Под заказ;https://intelka-shop.ru/proizvoditeli/keaz/?section=24#
307336 - Дверь внешняя секционная В=650 Ш=600 RAL3000;307336;307336;Под заказ;https://intelka-shop.ru/proizvoditeli/keaz/?section=24#
307335 - Дверь внешняя секционная В=650 Ш=600;307335;307335;Под заказ;https://intelka-shop.ru/proizvoditeli/keaz/?section=24#
307308 - Дверь внешняя секционная В=650 Ш=400 RAL3000;307308;307308;Под заказ;https://intelka-shop.ru/proizvoditeli/keaz/?section=24#
307307 - Дверь внешняя секционная В=650 Ш=400;307307;307307;Под заказ;https://intelka-shop.ru/proizvoditeli/keaz/?section=24#
307284 - Дверь внешняя секционная В=650 Ш=1000;307284;307284;Под заказ;https://intelka-shop.ru/proizvoditeli/keaz/?section=24#
307364 - Дверь внешняя секционная В=600 Ш=800 RAL3000;307364;307364;Под заказ;https://intelka-shop.ru/proizvoditeli/keaz/?section=24#
307363 - Дверь внешняя секционная В=600 Ш=800;307363;307363;Под заказ;https://intelka-shop.ru/proizvoditeli/keaz/?section=24#
307334 - Дверь внешняя секционная В=600 Ш=600 RAL3000;307334;307334;Под заказ;https://intelka-shop.ru/proizvoditeli/keaz/?section=24#
307333 - Дверь внешняя секционная В=600 Ш=600;307333;307333;Под заказ;https://intelka-shop.ru/proizvoditeli/keaz/?section=24#
307306 - Дверь внешняя секционная В=600 Ш=400;307306;307306;Под заказ;https://intelka-shop.ru/proizvoditeli/keaz/?section=24#
307291 - Дверь внешняя секционная В=600 Ш=1200;307291;307291;Под заказ;https://intelka-shop.ru/proizvoditeli/keaz/?section=24#
307283 - Дверь внешняя секционная В=600 Ш=1000;307283;307283;Под заказ;https://intelka-shop.ru/proizvoditeli/keaz/?section=24#
307362 - Дверь внешняя секционная В=550 Ш=800 RAL3000;307362;307362;Под заказ;https://intelka-shop.ru/proizvoditeli/keaz/?section=24#
307361 - Дверь внешняя секционная В=550 Ш=800;307361;307361;Под заказ;https://intelka-shop.ru/proizvoditeli/keaz/?section=24#
307332 - Дверь внешняя секционная В=550 Ш=600 RAL3000;307332;307332;Под заказ;https://intelka-shop.ru/proizvoditeli/keaz/?section=24#
307331 - Дверь внешняя секционная В=550 Ш=600;307331;307331;Под заказ;https://intelka-shop.ru/proizvoditeli/keaz/?section=24#
307305 - Дверь внешняя секционная В=550 Ш=400 RAL3000;307305;307305;Под заказ;https://intelka-shop.ru/proizvoditeli/keaz/?section=24#
307304 - Дверь внешняя секционная В=550 Ш=400;307304;307304;Под заказ;https://intelka-shop.ru/proizvoditeli/keaz/?section=24#
307282 - Дверь внешняя секционная В=550 Ш=1000;307282;307282;Под заказ;https://intelka-shop.ru/proizvoditeli/keaz/?section=24#
306715 - Профили усиливающие, для монтажных плат Ш=800мм, 1 упаковка - 2шт;306715;306715;Под заказ;https://intelka-shop.ru/proizvoditeli/keaz/?section=24#
306714 - Профили усиливающие, для монтажных плат Ш=600мм, 1 упаковка - 2шт;306714;306714;Под заказ;https://intelka-shop.ru/proizvoditeli/keaz/?section=24#
306746 - Профили усиливающие, для монтажных плат Ш=1200мм, 1 упаковка - 2шт;306746;306746;Под заказ;https://intelka-shop.ru/proizvoditeli/keaz/?section=24#
306713 - Профили усиливающие, для монтажных плат Ш=1000мм, 1 упаковка - 2шт;306713;306713;Под заказ;https://intelka-shop.ru/proizvoditeli/keaz/?section=24#
313584 - Профили усиливающие для монтажных плат Ш=1600мм, 1 упаковка - 2шт;313584;313584;Под заказ;https://intelka-shop.ru/proizvoditeli/keaz/?section=24#
306751 - Плата монтажная, с боковой установкой, для шкафов 2200x1200мм;306751;306751;Под заказ;https://intelka-shop.ru/proizvoditeli/keaz/?section=24#
306728 - Плата монтажная, с боковой установкой, для шкафов 2200x1000мм;306728;306728;Под заказ;https://intelka-shop.ru/proizvoditeli/keaz/?section=24#
306750 - Плата монтажная, с боковой установкой, для шкафов 2000x1200мм;306750;306750;Под заказ;https://intelka-shop.ru/proizvoditeli/keaz/?section=24#
306725 - Плата монтажная, с боковой установкой, для шкафов 2000x1000мм;306725;306725;Под заказ;https://intelka-shop.ru/proizvoditeli/keaz/?section=24#
306749 - Плата монтажная, с боковой установкой, для шкафов 1800x1200мм;306749;306749;Под заказ;https://intelka-shop.ru/proizvoditeli/keaz/?section=24#
306722 - Плата монтажная, с боковой установкой, для шкафов 1800x1000мм;306722;306722;Под заказ;https://intelka-shop.ru/proizvoditeli/keaz/?section=24#
306730 - Плата монтажная, с боковой установкой, для шкафов 2200x800мм;306730;306730;Под заказ;https://intelka-shop.ru/proizvoditeli/keaz/?section=24#
306729 - Плата монтажная, с боковой установкой, для шкафов 2200x600мм;306729;306729;Под заказ;https://intelka-shop.ru/proizvoditeli/keaz/?section=24#
306727 - Плата монтажная, с боковой установкой, для шкафов 2000x800мм;306727;306727;Под заказ;https://intelka-shop.ru/proizvoditeli/keaz/?section=24#
306726 - Плата монтажная, с боковой установкой, для шкафов 2000x600мм;306726;306726;Под заказ;https://intelka-shop.ru/proizvoditeli/keaz/?section=24#
306724 - Плата монтажная, с боковой установкой, для шкафов 1800x800мм;306724;306724;Под заказ;https://intelka-shop.ru/proizvoditeli/keaz/?section=24#
306723 - Плата монтажная, с боковой установкой, для шкафов 1800x600мм;306723;306723;Под заказ;https://intelka-shop.ru/proizvoditeli/keaz/?section=24#
306712 - Плата монтажная, промежуточная, для шкафов OptiBox M, Высотой 2200 мм;306712;306712;Под заказ;https://intelka-shop.ru/proizvoditeli/keaz/?section=24#
306711 - Плата монтажная, промежуточная, для шкафов OptiBox M, Высотой 2000 мм;306711;306711;Под заказ;https://intelka-shop.ru/proizvoditeli/keaz/?section=24#
306710 - Плата монтажная, промежуточная, для шкафов OptiBox M, Высотой 1800 мм;306710;306710;Под заказ;https://intelka-shop.ru/proizvoditeli/keaz/?section=24#
306721 - Плата монтажная, дополнительная, для шкафов OptiBox M, 2000x800 мм;306721;306721;Под заказ;https://intelka-shop.ru/proizvoditeli/keaz/?section=24#
306720 - Плата монтажная, дополнительная, для шкафов OptiBox M, 2000x600 мм;306720;306720;Под заказ;https://intelka-shop.ru/proizvoditeli/keaz/?section=24#
306748 - Плата монтажная, дополнительная, для шкафов OptiBox M, 2000x1200 мм;306748;306748;Под заказ;https://intelka-shop.ru/proizvoditeli/keaz/?section=24#
306719 - Плата монтажная, дополнительная, для шкафов OptiBox M, 2000x1000 мм;306719;306719;Под заказ;https://intelka-shop.ru/proizvoditeli/keaz/?section=24#
306718 - Плата монтажная, дополнительная, для шкафов OptiBox M, 1800x800 мм;306718;306718;Под заказ;https://intelka-shop.ru/proizvoditeli/keaz/?section=24#
306717 - Плата монтажная, дополнительная, для шкафов OptiBox M, 1800x600 мм;306717;306717;Под заказ;https://intelka-shop.ru/proizvoditeli/keaz/?section=24#
306747 - Плата монтажная, дополнительная, для шкафов OptiBox M, 1800x1200 мм;306747;306747;Под заказ;https://intelka-shop.ru/proizvoditeli/keaz/?section=24#
306716 - Плата монтажная, дополнительная, для шкафов OptiBox M, 1800x1000 мм;306716;306716;Под заказ;https://intelka-shop.ru/proizvoditeli/keaz/?section=24#
306745 - Плата монтажная, для шкафов OptiBox M 2200x800 мм;306745;306745;Под заказ;https://intelka-shop.ru/proizvoditeli/keaz/?section=24#
306744 - Плата монтажная, для шкафов OptiBox M 2200x600 мм;306744;306744;Под заказ;https://intelka-shop.ru/proizvoditeli/keaz/?section=24#
306743 - Плата монтажная, для шкафов OptiBox M 2200x400 мм;306743;306743;Под заказ;https://intelka-shop.ru/proizvoditeli/keaz/?section=24#
306742 - Плата монтажная, для шкафов OptiBox M 2200x300 мм;306742;306742;Под заказ;https://intelka-shop.ru/proizvoditeli/keaz/?section=24#
306754 - Плата монтажная, для шкафов OptiBox M 2200x1200 мм;306754;306754;Под заказ;https://intelka-shop.ru/proizvoditeli/keaz/?section=24#
306741 - Плата монтажная, для шкафов OptiBox M 2200x1000 мм;306741;306741;Под заказ;https://intelka-shop.ru/proizvoditeli/keaz/?section=24#
306740 - Плата монтажная, для шкафов OptiBox M 2000x800 мм;306740;306740;Под заказ;https://intelka-shop.ru/proizvoditeli/keaz/?section=24#
306739 - Плата монтажная, для шкафов OptiBox M 2000x600 мм;306739;306739;Под заказ;https://intelka-shop.ru/proizvoditeli/keaz/?section=24#
306738 - Плата монтажная, для шкафов OptiBox M 2000x400 мм;306738;306738;Под заказ;https://intelka-shop.ru/proizvoditeli/keaz/?section=24#
306737 - Плата монтажная, для шкафов OptiBox M 2000x300 мм;306737;306737;Под заказ;https://intelka-shop.ru/proizvoditeli/keaz/?section=24#
306753 - Плата монтажная, для шкафов OptiBox M 2000x1200 мм;306753;306753;Под заказ;https://intelka-shop.ru/proizvoditeli/keaz/?section=24#
306736 - Плата монтажная, для шкафов OptiBox M 2000x1000 мм;306736;306736;Под заказ;https://intelka-shop.ru/proizvoditeli/keaz/?section=24#
306735 - Плата монтажная, для шкафов OptiBox M 1800x800 мм;306735;306735;Под заказ;https://intelka-shop.ru/proizvoditeli/keaz/?section=24#
306734 - Плата монтажная, для шкафов OptiBox M 1800x600 мм;306734;306734;В наличии;https://intelka-shop.ru/proizvoditeli/keaz/?section=24#
306733 - Плата монтажная, для шкафов OptiBox M 1800x400 мм;306733;306733;Под заказ;https://intelka-shop.ru/proizvoditeli/keaz/?section=24#
306732 - Плата монтажная, для шкафов OptiBox M 1800x300 мм;306732;306732;Под заказ;https://intelka-shop.ru/proizvoditeli/keaz/?section=24#
306752 - Плата монтажная, для шкафов OptiBox M 1800x1200 мм;306752;306752;В наличии;https://intelka-shop.ru/proizvoditeli/keaz/?section=24#
306731 - Плата монтажная, для шкафов OptiBox M 1800x1000 мм;306731;306731;В наличии;https://intelka-shop.ru/proizvoditeli/keaz/?section=24#
313588 - Плата монтажная с боковой установкой для шкафов 1600x800мм;313588;313588;Под заказ;https://intelka-shop.ru/proizvoditeli/keaz/?section=24#
313587 - Плата монтажная с боковой установкой для шкафов 1600x600мм;313587;313587;Под заказ;https://intelka-shop.ru/proizvoditeli/keaz/?section=24#
313586 - Плата монтажная с боковой установкой для шкафов 1600x1200мм;313586;313586;Под заказ;https://intelka-shop.ru/proizvoditeli/keaz/?section=24#
313585 - Плата монтажная с боковой установкой для шкафов 1600x1000мм;313585;313585;Под заказ;https://intelka-shop.ru/proizvoditeli/keaz/?section=24#
313583 - Плата монтажная промежуточная для шкафов Optibox M высотой 1600 мм;313583;313583;Под заказ;https://intelka-shop.ru/proizvoditeli/keaz/?section=24#
313593 - Плата монтажная для шкафов Optibox M 1600x800 мм;313593;313593;Под заказ;https://intelka-shop.ru/proizvoditeli/keaz/?section=24#
313592 - Плата монтажная для шкафов Optibox M 1600x600 мм;313592;313592;Под заказ;https://intelka-shop.ru/proizvoditeli/keaz/?section=24#
313591 - Плата монтажная для шкафов Optibox M 1600x400 мм;313591;313591;Под заказ;https://intelka-shop.ru/proizvoditeli/keaz/?section=24#
313590 - Плата монтажная для шкафов Optibox M 1600x1200 мм;313590;313590;Под заказ;https://intelka-shop.ru/proizvoditeli/keaz/?section=24#
313589 - Плата монтажная для шкафов Optibox M 1600x1000 мм;313589;313589;Под заказ;https://intelka-shop.ru/proizvoditeli/keaz/?section=24#
306709 - Набор принадлежностей для поддержки монтажной платы;306709;306709;Под заказ;https://intelka-shop.ru/proizvoditeli/keaz/?section=24#
306708 - Держатель монтажной платы OptiBox M для реек боковых широких;306708;306708;Под заказ;https://intelka-shop.ru/proizvoditeli/keaz/?section=24#
306707 - Стойки вертикальные оцинкованные, В=2200мм, без дополнительных креплений, 4шт;306707;306707;Под заказ;https://intelka-shop.ru/proizvoditeli/keaz/?section=24#
306706 - Стойки вертикальные оцинкованные, В=2000мм, без дополнительных креплений, 4шт;306706;306706;Под заказ;https://intelka-shop.ru/proizvoditeli/keaz/?section=24#
306705 - Стойки вертикальные оцинкованные, В=1800мм, без дополнительных креплений, 4шт;306705;306705;В наличии;https://intelka-shop.ru/proizvoditeli/keaz/?section=24#
313575 - Стойки вертикальные окрашенные, В=1600мм, без дополнительных креплений, 4 шт;313575;313575;Под заказ;https://intelka-shop.ru/proizvoditeli/keaz/?section=24#
306703 - Комплект, крыша и основание, для оцинкованных шкафов OptiBox M, 800x800 мм;306703;306703;Под заказ;https://intelka-shop.ru/proizvoditeli/keaz/?section=24#
306702 - Комплект, крыша и основание, для оцинкованных шкафов OptiBox M, 800x600 мм;306702;306702;Под заказ;https://intelka-shop.ru/proizvoditeli/keaz/?section=24#
306701 - Комплект, крыша и основание, для оцинкованных шкафов OptiBox M, 800x400 мм;306701;306701;Под заказ;https://intelka-shop.ru/proizvoditeli/keaz/?section=24#
306699 - Комплект, крыша и основание, для оцинкованных шкафов OptiBox M, 600x800 мм;306699;306699;Под заказ;https://intelka-shop.ru/proizvoditeli/keaz/?section=24#
306698 - Комплект, крыша и основание, для оцинкованных шкафов OptiBox M, 600x600 мм;306698;306698;Под заказ;https://intelka-shop.ru/proizvoditeli/keaz/?section=24#
306697 - Комплект, крыша и основание, для оцинкованных шкафов OptiBox M, 600x400 мм;306697;306697;Под заказ;https://intelka-shop.ru/proizvoditeli/keaz/?section=24#
306695 - Комплект, крыша и основание, для оцинкованных шкафов OptiBox M, 400x800 мм;306695;306695;Под заказ;https://intelka-shop.ru/proizvoditeli/keaz/?section=24#
306694 - Комплект, крыша и основание, для оцинкованных шкафов OptiBox M, 400x600 мм;306694;306694;Под заказ;https://intelka-shop.ru/proizvoditeli/keaz/?section=24#
306693 - Комплект, крыша и основание, для оцинкованных шкафов OptiBox M, 400x400 мм;306693;306693;Под заказ;https://intelka-shop.ru/proizvoditeli/keaz/?section=24#
306691 - Комплект, крыша и основание, для оцинкованных шкафов OptiBox M, 300x800 мм;306691;306691;Под заказ;https://intelka-shop.ru/proizvoditeli/keaz/?section=24#
306690 - Комплект, крыша и основание, для оцинкованных шкафов OptiBox M, 300x600 мм;306690;306690;Под заказ;https://intelka-shop.ru/proizvoditeli/keaz/?section=24#
306689 - Комплект, крыша и основание, для оцинкованных шкафов OptiBox M, 300x400 мм;306689;306689;Под заказ;https://intelka-shop.ru/proizvoditeli/keaz/?section=24#
306683 - Комплект, крыша и основание, для оцинкованных шкафов OptiBox M, 1200x800 мм;306683;306683;Под заказ;https://intelka-shop.ru/proizvoditeli/keaz/?section=24#
306682 - Комплект, крыша и основание, для оцинкованных шкафов OptiBox M, 1200x600 мм;306682;306682;Под заказ;https://intelka-shop.ru/proizvoditeli/keaz/?section=24#
306681 - Комплект, крыша и основание, для оцинкованных шкафов OptiBox M, 1200x400 мм;306681;306681;Под заказ;https://intelka-shop.ru/proizvoditeli/keaz/?section=24#
306687 - Комплект, крыша и основание, для оцинкованных шкафов OptiBox M, 1000x800 мм;306687;306687;Под заказ;https://intelka-shop.ru/proizvoditeli/keaz/?section=24#
306686 - Комплект, крыша и основание, для оцинкованных шкафов OptiBox M, 1000x600 мм;306686;306686;Под заказ;https://intelka-shop.ru/proizvoditeli/keaz/?section=24#
306685 - Комплект, крыша и основание, для оцинкованных шкафов OptiBox M, 1000x400 мм;306685;306685;Под заказ;https://intelka-shop.ru/proizvoditeli/keaz/?section=24#
313571 - Комплект, крыша и основание для окрашенных шкафов Optibox M, 800х1000 мм;313571;313571;Под заказ;https://intelka-shop.ru/proizvoditeli/keaz/?section=24#
313574 - Комплект, крыша и основание для окрашенных шкафов Optibox M, 800x800 мм;313574;313574;Под заказ;https://intelka-shop.ru/proizvoditeli/keaz/?section=24#
313573 - Комплект, крыша и основание для окрашенных шкафов Optibox M, 800x600 мм;313573;313573;Под заказ;https://intelka-shop.ru/proizvoditeli/keaz/?section=24#
313572 - Комплект, крыша и основание для окрашенных шкафов Optibox M, 800x400 мм;313572;313572;В наличии;https://intelka-shop.ru/proizvoditeli/keaz/?section=24#
313567 - Комплект, крыша и основание для окрашенных шкафов Optibox M, 600х1000 мм;313567;313567;Под заказ;https://intelka-shop.ru/proizvoditeli/keaz/?section=24#
313570 - Комплект, крыша и основание для окрашенных шкафов Optibox M, 600x800 мм;313570;313570;Под заказ;https://intelka-shop.ru/proizvoditeli/keaz/?section=24#
313569 - Комплект, крыша и основание для окрашенных шкафов Optibox M, 600x600 мм;313569;313569;Под заказ;https://intelka-shop.ru/proizvoditeli/keaz/?section=24#
313568 - Комплект, крыша и основание для окрашенных шкафов Optibox M, 600x400 мм;313568;313568;В наличии;https://intelka-shop.ru/proizvoditeli/keaz/?section=24#
313566 - Комплект, крыша и основание для окрашенных шкафов Optibox M, 400x800 мм;313566;313566;Под заказ;https://intelka-shop.ru/proizvoditeli/keaz/?section=24#
313565 - Комплект, крыша и основание для окрашенных шкафов Optibox M, 400x600 мм;313565;313565;Под заказ;https://intelka-shop.ru/proizvoditeli/keaz/?section=24#
313564 - Комплект, крыша и основание для окрашенных шкафов Optibox M, 400x400 мм;313564;313564;Под заказ;https://intelka-shop.ru/proizvoditeli/keaz/?section=24#
313563 - Комплект, крыша и основание для окрашенных шкафов Optibox M, 400x1000 мм;313563;313563;Под заказ;https://intelka-shop.ru/proizvoditeli/keaz/?section=24#
313562 - Комплект, крыша и основание для окрашенных шкафов Optibox M, 300x800 мм;313562;313562;Под заказ;https://intelka-shop.ru/proizvoditeli/keaz/?section=24#
313561 - Комплект, крыша и основание для окрашенных шкафов Optibox M, 300x600 мм;313561;313561;Под заказ;https://intelka-shop.ru/proizvoditeli/keaz/?section=24#
313560 - Комплект, крыша и основание для окрашенных шкафов Optibox M, 300x400 мм;313560;313560;Под заказ;https://intelka-shop.ru/proizvoditeli/keaz/?section=24#
313559 - Комплект, крыша и основание для окрашенных шкафов Optibox M, 300x1200 мм;313559;313559;Под заказ;https://intelka-shop.ru/proizvoditeli/keaz/?section=24#
313558 - Комплект, крыша и основание для окрашенных шкафов Optibox M, 300x1000 мм;313558;313558;Под заказ;https://intelka-shop.ru/proizvoditeli/keaz/?section=24#
313557 - Комплект, крыша и основание для окрашенных шкафов Optibox M, 1200x800 мм;313557;313557;Под заказ;https://intelka-shop.ru/proizvoditeli/keaz/?section=24#
313556 - Комплект, крыша и основание для окрашенных шкафов Optibox M, 1200x600 мм;313556;313556;В наличии;https://intelka-shop.ru/proizvoditeli/keaz/?section=24#
313555 - Комплект, крыша и основание для окрашенных шкафов Optibox M, 1200x400 мм;313555;313555;Под заказ;https://intelka-shop.ru/proizvoditeli/keaz/?section=24#
313554 - Комплект, крыша и основание для окрашенных шкафов Optibox M, 1000x800 мм;313554;313554;Под заказ;https://intelka-shop.ru/proizvoditeli/keaz/?section=24#
313553 - Комплект, крыша и основание для окрашенных шкафов Optibox M, 1000x600 мм;313553;313553;Под заказ;https://intelka-shop.ru/proizvoditeli/keaz/?section=24#
313552 - Комплект, крыша и основание для окрашенных шкафов Optibox M, 1000x400 мм;313552;313552;Под заказ;https://intelka-shop.ru/proizvoditeli/keaz/?section=24#
313551 - Комплект, крыша и основание для окрашенных шкафов Optibox M, 1000x1000 мм;313551;313551;Под заказ;https://intelka-shop.ru/proizvoditeli/keaz/?section=24#
306627 - Панель задняя, для шкафов OptiBox M.1800x600мм;306627;306627;В наличии;https://intelka-shop.ru/proizvoditeli/keaz/?section=24#
306640 - Панель задняя для шкафов OptiBox M, 2200x800 мм;306640;306640;Под заказ;https://intelka-shop.ru/proizvoditeli/keaz/?section=24#
306639 - Панель задняя для шкафов OptiBox M, 2200x600 мм;306639;306639;Под заказ;https://intelka-shop.ru/proizvoditeli/keaz/?section=24#
306638 - Панель задняя для шкафов OptiBox M, 2200x400 мм;306638;306638;Под заказ;https://intelka-shop.ru/proizvoditeli/keaz/?section=24#
306637 - Панель задняя для шкафов OptiBox M, 2200x300 мм;306637;306637;Под заказ;https://intelka-shop.ru/proizvoditeli/keaz/?section=24#
306641 - Панель задняя для шкафов OptiBox M, 2200x1200 мм;306641;306641;Под заказ;https://intelka-shop.ru/proizvoditeli/keaz/?section=24#
306636 - Панель задняя для шкафов OptiBox M, 2200x1000 мм;306636;306636;Под заказ;https://intelka-shop.ru/proizvoditeli/keaz/?section=24#
306634 - Панель задняя для шкафов OptiBox M, 2000x800 мм;306634;306634;Под заказ;https://intelka-shop.ru/proizvoditeli/keaz/?section=24#
306633 - Панель задняя для шкафов OptiBox M, 2000x600 мм;306633;306633;Под заказ;https://intelka-shop.ru/proizvoditeli/keaz/?section=24#
306632 - Панель задняя для шкафов OptiBox M, 2000x400 мм;306632;306632;Под заказ;https://intelka-shop.ru/proizvoditeli/keaz/?section=24#
306631 - Панель задняя для шкафов OptiBox M, 2000x300 мм;306631;306631;Под заказ;https://intelka-shop.ru/proizvoditeli/keaz/?section=24#
306635 - Панель задняя для шкафов OptiBox M, 2000x1200 мм;306635;306635;Под заказ;https://intelka-shop.ru/proizvoditeli/keaz/?section=24#
306630 - Панель задняя для шкафов OptiBox M, 2000x1000 мм;306630;306630;Под заказ;https://intelka-shop.ru/proizvoditeli/keaz/?section=24#
306628 - Панель задняя для шкафов OptiBox M, 1800x800 мм;306628;306628;Под заказ;https://intelka-shop.ru/proizvoditeli/keaz/?section=24#
306626 - Панель задняя для шкафов OptiBox M, 1800x400 мм;306626;306626;Под заказ;https://intelka-shop.ru/proizvoditeli/keaz/?section=24#
306625 - Панель задняя для шкафов OptiBox M, 1800x300 мм;306625;306625;Под заказ;https://intelka-shop.ru/proizvoditeli/keaz/?section=24#
306624 - Панель задняя для шкафов OptiBox M, 1800x1000 мм;306624;306624;Под заказ;https://intelka-shop.ru/proizvoditeli/keaz/?section=24#
313601 - Панель задняя для шкафов Optibox M 1600x800 мм;313601;313601;Под заказ;https://intelka-shop.ru/proizvoditeli/keaz/?section=24#
313600 - Панель задняя для шкафов Optibox M 1600x600 мм;313600;313600;Под заказ;https://intelka-shop.ru/proizvoditeli/keaz/?section=24#
313599 - Панель задняя для шкафов Optibox M 1600x400 мм;313599;313599;Под заказ;https://intelka-shop.ru/proizvoditeli/keaz/?section=24#
313598 - Панель задняя для шкафов Optibox M 1600x1200 мм;313598;313598;Под заказ;https://intelka-shop.ru/proizvoditeli/keaz/?section=24#
313597 - Панель задняя для шкафов Optibox M 1600x1000 мм;313597;313597;Под заказ;https://intelka-shop.ru/proizvoditeli/keaz/?section=24#
306645 - Панели боковые для шкафов OptiBox M,2000x400мм, 1 упаковка - 2шт;306645;306645;В наличии;https://intelka-shop.ru/proizvoditeli/keaz/?section=24#
306644 - Панели боковые для шкафов OptiBox M,1800x800мм, 1 упаковка - 2шт;306644;306644;Под заказ;https://intelka-shop.ru/proizvoditeli/keaz/?section=24#
306643 - Панели боковые для шкафов OptiBox M,1800x600мм, 1 упаковка - 2шт;306643;306643;В наличии;https://intelka-shop.ru/proizvoditeli/keaz/?section=24#
306650 - Панели боковые для шкафов OptiBox M, 2200x800мм, 1 упаковка - 2шт;306650;306650;Под заказ;https://intelka-shop.ru/proizvoditeli/keaz/?section=24#
306649 - Панели боковые для шкафов OptiBox M, 2200x600мм, 1 упаковка - 2шт;306649;306649;Под заказ;https://intelka-shop.ru/proizvoditeli/keaz/?section=24#
306648 - Панели боковые для шкафов OptiBox M, 2200x400мм, 1 упаковка - 2шт;306648;306648;Под заказ;https://intelka-shop.ru/proizvoditeli/keaz/?section=24#
306647 - Панели боковые для шкафов OptiBox M, 2000x800мм, 1 упаковка - 2шт;306647;306647;Под заказ;https://intelka-shop.ru/proizvoditeli/keaz/?section=24#
306646 - Панели боковые для шкафов OptiBox M, 2000x600мм, 1 упаковка - 2шт;306646;306646;В наличии;https://intelka-shop.ru/proizvoditeli/keaz/?section=24#
306642 - Панели боковые для шкафов OptiBox M, 1800x400мм, 1 упаковка - 2шт;306642;306642;Под заказ;https://intelka-shop.ru/proizvoditeli/keaz/?section=24#
306677 - Панели боковые для шкафов OptiBox M 2200х1000 мм, 1 упаковка - 2 шт;306677;306677;Под заказ;https://intelka-shop.ru/proizvoditeli/keaz/?section=24#
306676 - Панели боковые для шкафов OptiBox M 2000х1000 мм, 1 упаковка - 2 шт;306676;306676;Под заказ;https://intelka-shop.ru/proizvoditeli/keaz/?section=24#
306675 - Панели боковые для шкафов OptiBox M 1800х1000 мм, 1 упаковка - 2 шт;306675;306675;Под заказ;https://intelka-shop.ru/proizvoditeli/keaz/?section=24#
313596 - Панели боковые для шкафов Optibox M 1600x800мм, 1 упаковка - 2шт;313596;313596;Под заказ;https://intelka-shop.ru/proizvoditeli/keaz/?section=24#
313595 - Панели боковые для шкафов Optibox M 1600x600мм, 1 упаковка - 2шт;313595;313595;Под заказ;https://intelka-shop.ru/proizvoditeli/keaz/?section=24#
313594 - Панели боковые для шкафов Optibox M 1600x400мм, 1 упаковка - 2шт;313594;313594;Под заказ;https://intelka-shop.ru/proizvoditeli/keaz/?section=24#
306623 - Дверь сплошная для шкафов OptiBox M, ВхШ 2200х800 мм;306623;306623;Под заказ;https://intelka-shop.ru/proizvoditeli/keaz/?section=24#
306622 - Дверь сплошная для шкафов OptiBox M, ВхШ 2200х600 мм;306622;306622;Под заказ;https://intelka-shop.ru/proizvoditeli/keaz/?section=24#
306621 - Дверь сплошная для шкафов OptiBox M, ВхШ 2200х400 мм;306621;306621;Под заказ;https://intelka-shop.ru/proizvoditeli/keaz/?section=24#
306620 - Дверь сплошная для шкафов OptiBox M, ВхШ 2200х300 мм;306620;306620;Под заказ;https://intelka-shop.ru/proizvoditeli/keaz/?section=24#
306619 - Дверь сплошная для шкафов OptiBox M, ВхШ 2200х1000 мм;306619;306619;Под заказ;https://intelka-shop.ru/proizvoditeli/keaz/?section=24#
306618 - Дверь сплошная для шкафов OptiBox M, ВхШ 2000х800 мм;306618;306618;В наличии;https://intelka-shop.ru/proizvoditeli/keaz/?section=24#
306617 - Дверь сплошная для шкафов OptiBox M, ВхШ 2000х600 мм;306617;306617;Под заказ;https://intelka-shop.ru/proizvoditeli/keaz/?section=24#
306616 - Дверь сплошная для шкафов OptiBox M, ВхШ 2000х400 мм;306616;306616;Под заказ;https://intelka-shop.ru/proizvoditeli/keaz/?section=24#
306615 - Дверь сплошная для шкафов OptiBox M, ВхШ 2000х300 мм;306615;306615;Под заказ;https://intelka-shop.ru/proizvoditeli/keaz/?section=24#
306614 - Дверь сплошная для шкафов OptiBox M, ВхШ 2000х1000 мм;306614;306614;Под заказ;https://intelka-shop.ru/proizvoditeli/keaz/?section=24#
306613 - Дверь сплошная для шкафов OptiBox M, ВхШ 1800х800 мм;306613;306613;Под заказ;https://intelka-shop.ru/proizvoditeli/keaz/?section=24#
306612 - Дверь сплошная для шкафов OptiBox M, ВхШ 1800х600 мм;306612;306612;В наличии;https://intelka-shop.ru/proizvoditeli/keaz/?section=24#
306611 - Дверь сплошная для шкафов OptiBox M, ВхШ 1800х400 мм;306611;306611;Под заказ;https://intelka-shop.ru/proizvoditeli/keaz/?section=24#
306610 - Дверь сплошная для шкафов OptiBox M, ВхШ 1800х300 мм;306610;306610;Под заказ;https://intelka-shop.ru/proizvoditeli/keaz/?section=24#
306609 - Дверь сплошная для шкафов OptiBox M, ВхШ 1800х1000 мм;306609;306609;Под заказ;https://intelka-shop.ru/proizvoditeli/keaz/?section=24#
313582 - Дверь сплошная для шкафов Optibox M ВхШ 1600х800 мм;313582;313582;Под заказ;https://intelka-shop.ru/proizvoditeli/keaz/?section=24#
313581 - Дверь сплошная для шкафов Optibox M ВхШ 1600х600 мм;313581;313581;Под заказ;https://intelka-shop.ru/proizvoditeli/keaz/?section=24#
313580 - Дверь сплошная для шкафов Optibox M ВхШ 1600х400 мм;313580;313580;Под заказ;https://intelka-shop.ru/proizvoditeli/keaz/?section=24#
313579 - Дверь сплошная для шкафов Optibox M ВхШ 1600х1000 мм;313579;313579;Под заказ;https://intelka-shop.ru/proizvoditeli/keaz/?section=24#
306671 - Дверь сплошная двустворчатая для шкафов OptiBox M, ВхШ 2200х800 мм;306671;306671;Под заказ;https://intelka-shop.ru/proizvoditeli/keaz/?section=24#
306674 - Дверь сплошная двустворчатая для шкафов OptiBox M, ВхШ 2200х1200 мм;306674;306674;Под заказ;https://intelka-shop.ru/proizvoditeli/keaz/?section=24#
306670 - Дверь сплошная двустворчатая для шкафов OptiBox M, ВхШ 2200х1000 мм;306670;306670;Под заказ;https://intelka-shop.ru/proizvoditeli/keaz/?section=24#
306669 - Дверь сплошная двустворчатая для шкафов OptiBox M, ВхШ 2000х800 мм;306669;306669;Под заказ;https://intelka-shop.ru/proizvoditeli/keaz/?section=24#
306673 - Дверь сплошная двустворчатая для шкафов OptiBox M, ВхШ 2000х1200 мм;306673;306673;Под заказ;https://intelka-shop.ru/proizvoditeli/keaz/?section=24#
306668 - Дверь сплошная двустворчатая для шкафов OptiBox M, ВхШ 2000х1000 мм;306668;306668;В наличии;https://intelka-shop.ru/proizvoditeli/keaz/?section=24#
306667 - Дверь сплошная двустворчатая для шкафов OptiBox M, ВхШ 1800х800 мм;306667;306667;Под заказ;https://intelka-shop.ru/proizvoditeli/keaz/?section=24#
306672 - Дверь сплошная двустворчатая для шкафов OptiBox M, ВхШ 1800х1200 мм;306672;306672;В наличии;https://intelka-shop.ru/proizvoditeli/keaz/?section=24#
306666 - Дверь сплошная двустворчатая для шкафов OptiBox M, ВхШ 1800х1000 мм;306666;306666;В наличии;https://intelka-shop.ru/proizvoditeli/keaz/?section=24#
306665 - Дверь с ударопрочным стеклом, для шкафов OptiBox M 2200x800 мм;306665;306665;Под заказ;https://intelka-shop.ru/proizvoditeli/keaz/?section=24#
306664 - Дверь с ударопрочным стеклом, для шкафов OptiBox M 2200x600 мм;306664;306664;Под заказ;https://intelka-shop.ru/proizvoditeli/keaz/?section=24#
306663 - Дверь с ударопрочным стеклом, для шкафов OptiBox M 2200x1000 мм;306663;306663;Под заказ;https://intelka-shop.ru/proizvoditeli/keaz/?section=24#
306662 - Дверь с ударопрочным стеклом, для шкафов OptiBox M 2000x800 мм;306662;306662;Под заказ;https://intelka-shop.ru/proizvoditeli/keaz/?section=24#
306661 - Дверь с ударопрочным стеклом, для шкафов OptiBox M 2000x600 мм;306661;306661;Под заказ;https://intelka-shop.ru/proizvoditeli/keaz/?section=24#
306660 - Дверь с ударопрочным стеклом, для шкафов OptiBox M 2000x1000 мм;306660;306660;Под заказ;https://intelka-shop.ru/proizvoditeli/keaz/?section=24#
306659 - Дверь с ударопрочным стеклом, для шкафов OptiBox M 1800x800 мм;306659;306659;Под заказ;https://intelka-shop.ru/proizvoditeli/keaz/?section=24#
306658 - Дверь с ударопрочным стеклом, для шкафов OptiBox M 1800x600 мм;306658;306658;Под заказ;https://intelka-shop.ru/proizvoditeli/keaz/?section=24#
306657 - Дверь с ударопрочным стеклом, для шкафов OptiBox M 1800x1000 мм;306657;306657;Под заказ;https://intelka-shop.ru/proizvoditeli/keaz/?section=24#
313578 - Дверь с ударопрочным стеклом для шкафов Optibox M 1600x800 мм;313578;313578;Под заказ;https://intelka-shop.ru/proizvoditeli/keaz/?section=24#
313577 - Дверь с ударопрочным стеклом для шкафов Optibox M 1600x600 мм;313577;313577;Под заказ;https://intelka-shop.ru/proizvoditeli/keaz/?section=24#
313576 - Дверь с ударопрочным стеклом для шкафов Optibox M 1600x1000 мм;313576;313576;Под заказ;https://intelka-shop.ru/proizvoditeli/keaz/?section=24#
306656 - Дверь боковая, для шкафов OptiBox M 2200x800 мм;306656;306656;Под заказ;https://intelka-shop.ru/proizvoditeli/keaz/?section=24#
306655 - Дверь боковая, для шкафов OptiBox M 2200x600 мм;306655;306655;Под заказ;https://intelka-shop.ru/proizvoditeli/keaz/?section=24#
306654 - Дверь боковая, для шкафов OptiBox M 2000x800 мм;306654;306654;Под заказ;https://intelka-shop.ru/proizvoditeli/keaz/?section=24#
306653 - Дверь боковая, для шкафов OptiBox M 2000x600 мм;306653;306653;Под заказ;https://intelka-shop.ru/proizvoditeli/keaz/?section=24#
306652 - Дверь боковая, для шкафов OptiBox M 1800x800 мм;306652;306652;Под заказ;https://intelka-shop.ru/proizvoditeli/keaz/?section=24#
306651 - Дверь боковая, для шкафов OptiBox M 1800x600 мм;306651;306651;Под заказ;https://intelka-shop.ru/proizvoditeli/keaz/?section=24#
306629 - Панель задняя для шкафов OptiBox M, 1800x1200 мм;306629;306629;В наличии;https://intelka-shop.ru/proizvoditeli/keaz/?section=24#
